hardware,depth_ratio,cx_ratio,init,circuit
sycamore,2.2018348623853212,8.18918918918919,random,53Q_gate_Sycamore_small_2_3_1.5_no.7
rochester,3.206896551724138,5.53781512605042,sabre,53Q_gate_Rochester_small_1_3_1.5_no.7
tokyo,1.4864864864864864,1.4,sa,20Q_gate_Tokyo_large_1_1_1.5_no.7
tokyo,1.2037037037037037,1.3888888888888888,sa,20Q_gate_Tokyo_large_2_1_1.5_no.4
rochester,4.142857142857143,4.060913705583756,sabre,53Q_gate_Rochester_large_2_5_1.5_no.1
sycamore,2.2840236686390534,4.5772357723577235,sabre,53Q_depth_Sycamore_small_None_4_1.5_no.6
sycamore,2.5689655172413794,5.732394366197183,random,53Q_gate_Sycamore_large_1_5_1.5_no.1
tokyo,1.2710843373493976,1.6940298507462686,sa,20Q_depth_Tokyo_large_None_5_1.5_no.7
rochester,7.395833333333333,7.904306220095694,random,53Q_gate_Rochester_large_1_5_1.5_no.4
rochester,8.162790697674419,10.47191011235955,identity,53Q_gate_Rochester_small_2_10_1.5_no.7
sycamore,3.0377358490566038,5.090909090909091,sa,53Q_depth_Sycamore_large_None_1_1.5_no.0
rochester,7.655172413793103,12.68421052631579,identity,53Q_gate_Rochester_small_2_1_1.5_no.0
rochester,4.634408602150538,12.595092024539877,identity,53Q_depth_Rochester_small_None_2_2.55_no.1
rochester,7.220588235294118,11.522613065326633,identity,53Q_depth_Rochester_small_None_3_2.55_no.6
tokyo,1.5847953216374269,3.125,identity,20Q_depth_Tokyo_large_None_3_2.55_no.6
rochester,4.394736842105263,4.911764705882353,sa,53Q_gate_Rochester_large_2_20_1.5_no.7
tokyo,1.8745980707395498,2.5943204868154157,sabre,20Q_gate_Tokyo_large_1_25_1.5_no.0
rochester,4.044776119402985,5.875,sa,53Q_depth_Rochester_large_None_5_1.5_no.7
sycamore,3.9347826086956523,5.797297297297297,identity,53Q_depth_Sycamore_small_None_5_1.5_no.7
sycamore,5.257142857142857,7.6902654867256635,identity,53Q_gate_Sycamore_large_2_0_1.5_no.4
rochester,6.968253968253968,9.734883720930233,identity,53Q_depth_Rochester_large_None_4_2.55_no.9
rochester,5.411764705882353,10.514285714285714,identity,53Q_gate_Rochester_small_1_1_1.5_no.6
tokyo,1.678082191780822,2.6208530805687205,random,20Q_gate_Tokyo_large_1_10_1.5_no.5
sycamore,4.243478260869566,4.281609195402299,sa,53Q_gate_Sycamore_large_2_25_1.5_no.7
sycamore,2.5444444444444443,5.818696883852692,sa,53Q_depth_Sycamore_small_None_4_1.5_no.5
rochester,3.831460674157303,6.7287234042553195,sabre,53Q_depth_Rochester_small_None_3_2.55_no.5
sycamore,3.4363636363636365,4.170616113744076,sabre,53Q_gate_Sycamore_large_1_4_1.5_no.2
tokyo,1.0126582278481013,1.1171875,sa,20Q_gate_Tokyo_large_1_5_1.5_no.6
sycamore,4.675925925925926,7.121212121212121,random,53Q_depth_Sycamore_small_None_3_1.5_no.7
sycamore,4.576271186440678,5.190476190476191,sa,53Q_depth_Sycamore_large_None_5_1.5_no.8
tokyo,2.208955223880597,2.857142857142857,random,20Q_gate_Tokyo_large_2_5_1.5_no.7
sycamore,5.555555555555555,7.290322580645161,identity,53Q_gate_Sycamore_small_2_1_1.5_no.7
sycamore,4.003344481605351,5.198211624441132,sabre,53Q_depth_Sycamore_small_None_10_2.55_no.0
sycamore,4.557377049180328,4.275,sabre,53Q_gate_Sycamore_large_1_5_1.5_no.7
tokyo,1.2537313432835822,1.4047619047619047,sa,20Q_gate_Tokyo_large_2_5_1.5_no.5
tokyo,1.4444444444444444,2.2533333333333334,sabre,20Q_depth_Tokyo_large_None_5_2.55_no.2
sycamore,5.095890410958904,7.2075471698113205,random,53Q_depth_Sycamore_small_None_1_2.55_no.8
rochester,4.107142857142857,5.363636363636363,sabre,53Q_gate_Rochester_large_1_1_1.5_no.1
rochester,7.125,9.925925925925926,random,53Q_gate_Rochester_large_2_2_1.5_no.3
rochester,5.150943396226415,5.817073170731708,sa,53Q_gate_Rochester_small_1_10_1.5_no.3
sycamore,5.8108108108108105,6.6521739130434785,random,53Q_gate_Sycamore_large_2_1_1.5_no.1
sycamore,2.9565217391304346,4.0,sabre,53Q_gate_Sycamore_small_1_10_1.5_no.2
sycamore,3.5806451612903225,6.566473988439307,identity,53Q_gate_Sycamore_small_2_5_1.5_no.8
sycamore,1.9516129032258065,4.845070422535211,sabre,53Q_depth_Sycamore_small_None_4_1.5_no.8
rochester,7.3076923076923075,10.868421052631579,identity,53Q_depth_Rochester_small_None_5_1.5_no.5
sycamore,4.80327868852459,5.648725212464589,sa,53Q_depth_Sycamore_large_None_3_2.55_no.4
sycamore,2.710280373831776,6.6571428571428575,random,53Q_gate_Sycamore_small_2_3_1.5_no.9
sycamore,6.391304347826087,5.390804597701149,identity,53Q_gate_Sycamore_large_2_25_1.5_no.7
sycamore,5.966292134831461,5.603325415676959,identity,53Q_gate_Sycamore_large_2_15_1.5_no.5
rochester,3.5384615384615383,4.413793103448276,sabre,53Q_gate_Rochester_small_1_3_1.5_no.9
rochester,4.292134831460674,12.052631578947368,random,53Q_depth_Rochester_small_None_2_2.55_no.8
tokyo,1.6236559139784945,2.962406015037594,identity,20Q_depth_Tokyo_large_None_3_2.55_no.8
rochester,5.033333333333333,6.902439024390244,sa,53Q_gate_Rochester_large_1_2_1.5_no.2
rochester,1.6415094339622642,6.15,sa,53Q_gate_Rochester_small_2_0_1.5_no.2
sycamore,3.3666666666666667,6.748837209302326,identity,53Q_gate_Sycamore_small_2_10_1.5_no.1
sycamore,3.539772727272727,5.333333333333333,identity,53Q_gate_Sycamore_small_2_20_1.5_no.3
rochester,2.627659574468085,13.989690721649485,identity,53Q_depth_Rochester_large_None_1_2.55_no.2
rochester,4.816901408450704,4.967105263157895,sa,53Q_gate_Rochester_small_2_15_1.5_no.5
rochester,4.201298701298701,6.06145251396648,sa,53Q_depth_Rochester_large_None_10_2.55_no.3
rochester,9.107142857142858,12.184466019417476,identity,53Q_gate_Rochester_large_2_1_1.5_no.3
rochester,9.174603174603174,9.334470989761092,random,53Q_depth_Rochester_large_None_5_1.5_no.2
rochester,5.283018867924528,4.323828920570265,sabre,53Q_gate_Rochester_small_1_25_1.5_no.6
sycamore,3.8292682926829267,4.294478527607362,sa,53Q_gate_Sycamore_small_1_10_1.5_no.7
rochester,6.0508474576271185,10.74496644295302,random,53Q_gate_Rochester_small_1_5_1.5_no.9
rochester,3.057142857142857,12.58974358974359,identity,53Q_depth_Rochester_small_None_1_2.55_no.9
sycamore,4.95,5.2,identity,53Q_gate_Sycamore_large_1_5_1.5_no.4
rochester,3.5098039215686274,8.066666666666666,sa,53Q_depth_Rochester_small_None_4_2.55_no.9
tokyo,1.3934426229508197,2.65,identity,20Q_gate_Tokyo_large_1_2_1.5_no.4
rochester,2.935483870967742,5.393939393939394,sa,53Q_gate_Rochester_large_2_2_1.5_no.8
tokyo,1.88,3.0681818181818183,identity,20Q_depth_Tokyo_large_None_5_1.5_no.6
tokyo,1.1157894736842104,1.32,sa,20Q_gate_Tokyo_large_1_25_1.5_no.7
rochester,3.066666666666667,6.2615384615384615,sa,53Q_gate_Rochester_small_1_0_1.5_no.8
tokyo,2.6363636363636362,2.730769230769231,identity,20Q_gate_Tokyo_large_1_3_1.5_no.1
rochester,5.135135135135135,10.972527472527473,random,53Q_depth_Rochester_small_None_3_1.5_no.0
rochester,6.7745098039215685,12.479452054794521,random,53Q_depth_Rochester_small_None_4_2.55_no.8
sycamore,2.0660377358490565,4.0,sabre,53Q_gate_Sycamore_small_2_4_1.5_no.9
sycamore,5.829545454545454,5.528301886792453,random,53Q_gate_Sycamore_large_2_15_1.5_no.0
rochester,6.072463768115942,9.413333333333334,random,53Q_gate_Rochester_large_1_10_1.5_no.9
rochester,6.419354838709677,10.990291262135923,identity,53Q_gate_Rochester_large_1_1_1.5_no.5
tokyo,1.3484848484848484,3.032258064516129,random,20Q_gate_Tokyo_large_1_1_1.5_no.5
rochester,6.758928571428571,4.341232227488152,sa,53Q_gate_Rochester_large_1_25_1.5_no.1
rochester,6.077586206896552,9.448529411764707,identity,53Q_depth_Rochester_small_None_5_2.55_no.5
rochester,5.285714285714286,10.277310924369749,identity,53Q_depth_Rochester_small_None_4_2.55_no.2
tokyo,2.1944444444444446,2.88,identity,20Q_depth_Tokyo_large_None_5_1.5_no.8
rochester,4.934426229508197,6.304435483870968,sabre,53Q_depth_Rochester_large_None_10_1.5_no.6
sycamore,3.4307692307692306,4.392523364485982,sabre,53Q_gate_Sycamore_small_2_10_1.5_no.7
tokyo,1.6981132075471699,1.891089108910891,sa,20Q_depth_Tokyo_large_None_1_2.55_no.7
sycamore,5.870229007633588,7.094430992736077,random,53Q_depth_Sycamore_large_None_5_2.55_no.4
sycamore,4.589743589743589,7.925531914893617,identity,53Q_gate_Sycamore_small_1_0_1.5_no.8
rochester,7.714285714285714,16.08955223880597,random,53Q_gate_Rochester_large_1_0_1.5_no.2
rochester,7.728971962616822,6.2646103896103895,identity,53Q_gate_Rochester_large_1_25_1.5_no.4
sycamore,6.071942446043166,5.194528875379939,random,53Q_gate_Sycamore_small_1_25_1.5_no.2
rochester,5.208791208791209,4.353319057815845,sabre,53Q_gate_Rochester_small_1_25_1.5_no.8
rochester,3.689655172413793,4.02027027027027,sabre,53Q_gate_Rochester_large_2_15_1.5_no.4
sycamore,5.584070796460177,6.647058823529412,random,53Q_depth_Sycamore_large_None_5_1.5_no.3
sycamore,4.305555555555555,6.595959595959596,identity,53Q_depth_Sycamore_small_None_3_1.5_no.7
tokyo,1.7378048780487805,2.6231884057971016,random,20Q_gate_Tokyo_large_2_15_1.5_no.3
sycamore,5.571428571428571,6.612359550561798,identity,53Q_gate_Sycamore_small_1_4_1.5_no.7
tokyo,1.5089285714285714,2.35,sabre,20Q_depth_Tokyo_large_None_2_1.5_no.7
tokyo,1.6788321167883211,2.6296296296296298,sabre,20Q_depth_Tokyo_large_None_1_2.55_no.6
sycamore,3.433333333333333,5.010165184243965,sa,53Q_depth_Sycamore_large_None_10_2.55_no.0
rochester,3.4210526315789473,5.814516129032258,sa,53Q_gate_Rochester_small_1_4_1.5_no.0
sycamore,5.32258064516129,4.391089108910891,identity,53Q_gate_Sycamore_large_1_20_1.5_no.0
sycamore,6.523809523809524,5.698701298701299,identity,53Q_gate_Sycamore_large_1_10_1.5_no.2
sycamore,3.066666666666667,5.706586826347305,sa,53Q_depth_Sycamore_large_None_3_2.55_no.3
sycamore,3.574074074074074,4.0932642487046635,sabre,53Q_gate_Sycamore_small_1_5_1.5_no.9
rochester,5.774193548387097,6.124087591240876,sa,53Q_gate_Rochester_large_1_2_1.5_no.5
tokyo,2.675,2.7790697674418605,identity,20Q_gate_Tokyo_large_2_2_1.5_no.1
sycamore,6.052631578947368,5.982412060301508,identity,53Q_gate_Sycamore_small_1_15_1.5_no.6
rochester,5.777777777777778,9.666666666666666,random,53Q_gate_Rochester_large_1_4_1.5_no.0
sycamore,5.991596638655462,5.699421965317919,identity,53Q_gate_Sycamore_small_1_25_1.5_no.4
sycamore,5.7625,7.399193548387097,random,53Q_depth_Sycamore_large_None_2_2.55_no.7
tokyo,1.75,3.1739130434782608,identity,20Q_gate_Tokyo_large_2_3_1.5_no.4
rochester,3.2962962962962963,6.835616438356165,sa,53Q_gate_Rochester_small_2_0_1.5_no.5
tokyo,2.2567567567567566,2.8620689655172415,random,20Q_gate_Tokyo_large_2_5_1.5_no.0
sycamore,4.5476190476190474,6.3355704697986575,random,53Q_depth_Sycamore_large_None_1_1.5_no.1
tokyo,1.6440677966101696,1.967741935483871,sa,20Q_gate_Tokyo_large_1_4_1.5_no.2
tokyo,1.628930817610063,3.3181818181818183,identity,20Q_depth_Tokyo_large_None_3_1.5_no.4
rochester,7.702702702702703,11.25,identity,53Q_depth_Rochester_large_None_1_1.5_no.6
tokyo,1.2340425531914894,1.4941176470588236,sa,20Q_gate_Tokyo_large_2_4_1.5_no.1
rochester,6.705882352941177,10.770491803278688,random,53Q_depth_Rochester_large_None_2_2.55_no.9
tokyo,1.9285714285714286,2.6867469879518073,sabre,20Q_depth_Tokyo_large_None_5_2.55_no.5
rochester,6.21505376344086,6.877682403433476,random,53Q_gate_Rochester_large_2_25_1.5_no.5
rochester,5.19672131147541,5.665441176470588,sa,53Q_gate_Rochester_small_1_10_1.5_no.4
rochester,4.7894736842105265,6.904,sabre,53Q_depth_Rochester_large_None_1_2.55_no.3
sycamore,5.880597014925373,7.280851063829787,random,53Q_depth_Sycamore_small_None_2_1.5_no.3
rochester,5.704918032786885,7.164383561643835,identity,53Q_gate_Rochester_large_1_5_1.5_no.8
sycamore,3.2796610169491527,4.4324324324324325,sa,53Q_gate_Sycamore_small_2_20_1.5_no.8
tokyo,2.1082251082251084,2.4138755980861246,sabre,20Q_gate_Tokyo_large_1_20_1.5_no.3
rochester,6.229508196721311,6.978494623655914,sa,53Q_depth_Rochester_large_None_5_1.5_no.6
rochester,6.153846153846154,8.041984732824428,random,53Q_depth_Rochester_small_None_4_1.5_no.8
sycamore,3.2282608695652173,7.535714285714286,identity,53Q_depth_Sycamore_small_None_1_2.55_no.2
sycamore,4.040816326530612,4.079120879120879,sa,53Q_gate_Sycamore_large_2_20_1.5_no.4
tokyo,1.8958333333333333,2.3674418604651164,random,20Q_gate_Tokyo_large_1_10_1.5_no.2
rochester,6.305555555555555,11.2,random,53Q_gate_Rochester_large_2_3_1.5_no.7
sycamore,3.180327868852459,4.888268156424581,sa,53Q_depth_Sycamore_small_None_4_1.5_no.2
sycamore,3.389830508474576,4.47191011235955,sabre,53Q_depth_Sycamore_large_None_1_2.55_no.3
rochester,7.523076923076923,7.050335570469799,identity,53Q_gate_Rochester_large_1_10_1.5_no.5
tokyo,1.087719298245614,1.8,sa,20Q_gate_Tokyo_large_1_0_1.5_no.3
rochester,5.302631578947368,8.932,identity,53Q_depth_Rochester_small_None_4_1.5_no.7
sycamore,4.152317880794702,3.7382271468144044,sabre,53Q_gate_Sycamore_large_1_25_1.5_no.0
tokyo,1.2181818181818183,1.7333333333333334,sa,20Q_gate_Tokyo_large_2_0_1.5_no.0
tokyo,1.1481481481481481,1.876923076923077,sa,20Q_depth_Tokyo_large_None_4_1.5_no.6
sycamore,3.582089552238806,5.699421965317919,sa,53Q_depth_Sycamore_large_None_1_1.5_no.7
tokyo,2.230769230769231,2.963636363636364,random,20Q_gate_Tokyo_large_2_1_1.5_no.8
tokyo,2.0129032258064514,2.675,identity,20Q_gate_Tokyo_large_1_10_1.5_no.3
sycamore,4.093023255813954,3.9043478260869566,sabre,53Q_gate_Sycamore_large_2_15_1.5_no.8
rochester,4.89873417721519,5.966767371601208,sa,53Q_gate_Rochester_large_2_20_1.5_no.0
rochester,8.108108108108109,8.298780487804878,random,53Q_gate_Rochester_small_1_20_1.5_no.1
sycamore,2.489130434782609,6.82,random,53Q_gate_Sycamore_small_2_5_1.5_no.5
sycamore,6.256410256410256,6.916083916083916,identity,53Q_gate_Sycamore_small_2_2_1.5_no.0
rochester,7.184210526315789,9.331325301204819,identity,53Q_gate_Rochester_large_1_3_1.5_no.8
rochester,4.675,5.578947368421052,sabre,53Q_gate_Rochester_small_1_5_1.5_no.5
sycamore,4.15406162464986,6.515644555694618,identity,53Q_depth_Sycamore_large_None_10_2.55_no.9
tokyo,1.2921810699588476,1.582857142857143,sa,20Q_gate_Tokyo_large_1_20_1.5_no.2
rochester,4.709677419354839,6.315789473684211,sabre,53Q_gate_Rochester_large_2_3_1.5_no.3
tokyo,2.140845070422535,2.896694214876033,random,20Q_gate_Tokyo_large_2_15_1.5_no.4
sycamore,6.431818181818182,8.173076923076923,random,53Q_gate_Sycamore_large_1_3_1.5_no.3
sycamore,2.7941176470588234,4.424892703862661,sabre,53Q_depth_Sycamore_small_None_2_1.5_no.4
sycamore,2.4510869565217392,4.206896551724138,sa,53Q_depth_Sycamore_large_None_10_2.55_no.7
sycamore,3.5384615384615383,5.135416666666667,random,53Q_gate_Sycamore_large_1_10_1.5_no.3
rochester,2.1746031746031744,6.756756756756757,sa,53Q_gate_Rochester_small_1_4_1.5_no.7
tokyo,2.0350877192982457,2.3457943925233646,sabre,20Q_depth_Tokyo_large_None_1_2.55_no.1
tokyo,2.411764705882353,2.512396694214876,sabre,20Q_depth_Tokyo_large_None_2_1.5_no.0
rochester,3.652173913043478,4.533333333333333,sabre,53Q_gate_Rochester_large_1_10_1.5_no.9
tokyo,1.3243243243243243,1.9705882352941178,sa,20Q_depth_Tokyo_large_None_2_2.55_no.9
tokyo,2.048780487804878,3.4107142857142856,random,20Q_gate_Tokyo_large_1_1_1.5_no.2
rochester,5.7105263157894735,4.809148264984227,sa,53Q_gate_Rochester_large_1_25_1.5_no.6
tokyo,1.864864864864865,2.697674418604651,identity,20Q_depth_Tokyo_large_None_2_2.55_no.7
rochester,6.4,7.908333333333333,identity,53Q_gate_Rochester_small_2_25_1.5_no.6
rochester,4.858974358974359,5.559659090909091,sabre,53Q_gate_Rochester_small_2_20_1.5_no.5
rochester,8.161904761904761,7.851851851851852,random,53Q_gate_Rochester_small_1_25_1.5_no.7
sycamore,4.108108108108108,4.590636254501801,sabre,53Q_depth_Sycamore_large_None_10_1.5_no.3
tokyo,1.9662162162162162,3.1176470588235294,identity,20Q_depth_Tokyo_large_None_2_2.55_no.9
sycamore,3.348148148148148,3.6579439252336448,sabre,53Q_gate_Sycamore_large_2_25_1.5_no.5
rochester,3.7471264367816093,5.1328671328671325,sabre,53Q_gate_Rochester_large_1_10_1.5_no.7
sycamore,5.914285714285715,7.473684210526316,random,53Q_gate_Sycamore_small_1_1_1.5_no.5
rochester,2.607142857142857,7.434782608695652,sabre,53Q_gate_Rochester_small_2_1_1.5_no.5
tokyo,2.7,2.5789473684210527,identity,20Q_gate_Tokyo_large_2_10_1.5_no.6
rochester,7.258064516129032,12.548387096774194,random,53Q_gate_Rochester_large_1_1_1.5_no.6
sycamore,3.6161616161616164,4.2106382978723405,sa,53Q_gate_Sycamore_large_1_15_1.5_no.8
sycamore,7.386363636363637,5.660194174757281,identity,53Q_gate_Sycamore_large_2_3_1.5_no.3
rochester,5.145161290322581,5.640625,sa,53Q_gate_Rochester_small_2_15_1.5_no.2
sycamore,6.322222222222222,6.3631713554987215,random,53Q_depth_Sycamore_large_None_4_1.5_no.7
rochester,3.5714285714285716,6.793791574279379,sa,53Q_depth_Rochester_large_None_10_2.55_no.2
rochester,7.0476190476190474,9.106976744186046,random,53Q_depth_Rochester_large_None_4_2.55_no.9
sycamore,4.342105263157895,4.894039735099338,sabre,53Q_gate_Sycamore_large_2_4_1.5_no.7
rochester,3.626984126984127,6.142857142857143,sabre,53Q_depth_Rochester_small_None_4_2.55_no.6
sycamore,2.687116564417178,4.5,sa,53Q_gate_Sycamore_small_1_15_1.5_no.4
rochester,4.666666666666667,8.205479452054794,sa,53Q_depth_Rochester_small_None_4_2.55_no.8
sycamore,5.638297872340425,5.40625,sabre,53Q_gate_Sycamore_large_2_5_1.5_no.2
rochester,8.381578947368421,6.882640586797066,random,53Q_gate_Rochester_large_2_20_1.5_no.3
sycamore,5.882882882882883,5.596774193548387,random,53Q_gate_Sycamore_small_2_20_1.5_no.1
sycamore,3.097826086956522,6.236775818639798,random,53Q_gate_Sycamore_small_1_15_1.5_no.1
sycamore,4.777777777777778,7.939130434782609,identity,53Q_gate_Sycamore_large_1_0_1.5_no.9
rochester,5.449438202247191,9.271523178807946,random,53Q_depth_Rochester_small_None_10_2.55_no.3
rochester,7.224137931034483,7.263513513513513,identity,53Q_gate_Rochester_large_2_15_1.5_no.4
sycamore,2.0851063829787235,4.07667731629393,sabre,53Q_depth_Sycamore_large_None_3_2.55_no.1
rochester,9.823529411764707,12.093525179856115,random,53Q_depth_Rochester_small_None_2_1.5_no.2
sycamore,2.0309278350515463,8.073684210526316,random,53Q_gate_Sycamore_small_2_1_1.5_no.6
rochester,3.264705882352941,5.8,sabre,53Q_gate_Rochester_small_1_1_1.5_no.6
sycamore,3.225563909774436,3.8533007334963325,sabre,53Q_depth_Sycamore_small_None_5_2.55_no.0
rochester,4.146341463414634,9.0,sabre,53Q_depth_Rochester_small_None_1_2.55_no.0
rochester,7.868421052631579,10.835714285714285,random,53Q_gate_Rochester_small_2_5_1.5_no.0
rochester,4.75,6.413793103448276,sabre,53Q_depth_Rochester_small_None_3_1.5_no.4
sycamore,6.169491525423729,6.428015564202335,identity,53Q_gate_Sycamore_large_1_4_1.5_no.6
rochester,6.621951219512195,6.919786096256685,random,53Q_gate_Rochester_small_2_20_1.5_no.7
sycamore,2.910891089108911,6.484076433121019,random,53Q_gate_Sycamore_small_1_5_1.5_no.8
rochester,6.155555555555556,8.865642994241842,random,53Q_depth_Rochester_small_None_10_1.5_no.9
sycamore,2.2242990654205608,5.015873015873016,sa,53Q_gate_Sycamore_large_2_5_1.5_no.6
sycamore,3.5294117647058822,5.71875,sabre,53Q_gate_Sycamore_small_2_0_1.5_no.9
rochester,2.986666666666667,6.669291338582677,sabre,53Q_gate_Rochester_small_2_5_1.5_no.8
rochester,4.62962962962963,4.8530805687203795,sabre,53Q_gate_Rochester_large_2_25_1.5_no.7
sycamore,3.05,4.184049079754601,sabre,53Q_gate_Sycamore_small_2_3_1.5_no.6
rochester,8.656716417910447,10.9288256227758,random,53Q_depth_Rochester_large_None_4_1.5_no.0
sycamore,2.5,5.1344537815126055,sabre,53Q_gate_Sycamore_small_2_2_1.5_no.3
sycamore,4.19672131147541,4.5375,sa,53Q_gate_Sycamore_large_1_5_1.5_no.7
sycamore,4.329670329670329,6.162790697674419,random,53Q_depth_Sycamore_small_None_2_2.55_no.4
sycamore,2.5849056603773586,5.8520408163265305,random,53Q_gate_Sycamore_small_1_5_1.5_no.6
sycamore,2.3063063063063063,5.482142857142857,sa,53Q_gate_Sycamore_small_1_3_1.5_no.1
sycamore,3.489795918367347,5.336363636363636,sa,53Q_gate_Sycamore_small_2_1_1.5_no.5
rochester,2.323943661971831,5.663865546218488,sabre,53Q_gate_Rochester_small_2_5_1.5_no.6
tokyo,2.616279069767442,2.8181818181818183,sabre,20Q_depth_Tokyo_large_None_3_1.5_no.1
rochester,3.4871794871794872,6.093959731543624,sabre,53Q_gate_Rochester_large_1_3_1.5_no.0
sycamore,5.666666666666667,6.688118811881188,identity,53Q_gate_Sycamore_small_1_5_1.5_no.5
sycamore,7.113636363636363,6.286486486486487,random,53Q_gate_Sycamore_large_2_3_1.5_no.0
rochester,2.5090909090909093,5.4391891891891895,sa,53Q_gate_Rochester_small_1_5_1.5_no.6
sycamore,5.627906976744186,5.398876404494382,sa,53Q_gate_Sycamore_small_2_3_1.5_no.0
sycamore,4.03125,5.45945945945946,sa,53Q_gate_Sycamore_small_1_1_1.5_no.4
rochester,5.7164179104477615,4.828828828828829,sabre,53Q_gate_Rochester_small_1_15_1.5_no.5
rochester,5.733812949640288,6.584795321637427,sa,53Q_depth_Rochester_large_None_10_2.55_no.1
rochester,4.645833333333333,11.261904761904763,random,53Q_gate_Rochester_small_1_2_1.5_no.7
sycamore,4.098591549295775,4.077170418006431,sabre,53Q_gate_Sycamore_small_2_15_1.5_no.2
rochester,3.6043165467625897,5.3310344827586205,sabre,53Q_gate_Rochester_large_2_25_1.5_no.9
sycamore,4.5,4.366906474820144,sa,53Q_gate_Sycamore_large_2_15_1.5_no.2
rochester,6.489051094890511,7.094637223974764,random,53Q_gate_Rochester_large_1_25_1.5_no.3
sycamore,6.025,5.304577464788732,random,53Q_gate_Sycamore_large_2_25_1.5_no.3
tokyo,1.7804878048780488,2.125,sabre,20Q_gate_Tokyo_large_1_1_1.5_no.2
tokyo,2.0526315789473686,2.327433628318584,sabre,20Q_gate_Tokyo_large_2_3_1.5_no.6
tokyo,1.4736842105263157,3.066666666666667,random,20Q_gate_Tokyo_large_1_0_1.5_no.3
tokyo,1.4583333333333333,1.6971830985915493,sabre,20Q_gate_Tokyo_large_1_15_1.5_no.5
rochester,5.63,11.928571428571429,random,53Q_depth_Rochester_small_None_3_2.55_no.9
sycamore,2.550724637681159,8.147058823529411,random,53Q_gate_Sycamore_small_2_1_1.5_no.8
tokyo,1.9696969696969697,2.1029411764705883,sabre,20Q_gate_Tokyo_large_2_1_1.5_no.3
tokyo,1.7710843373493976,2.5,sabre,20Q_gate_Tokyo_large_1_3_1.5_no.7
rochester,2.090909090909091,5.9411764705882355,sabre,53Q_gate_Rochester_small_1_1_1.5_no.8
rochester,6.823008849557522,8.576687116564417,identity,53Q_depth_Rochester_large_None_10_1.5_no.3
tokyo,1.6346153846153846,2.1379310344827585,sa,20Q_gate_Tokyo_large_2_15_1.5_no.9
sycamore,5.157407407407407,6.2359249329758715,random,53Q_depth_Sycamore_small_None_4_1.5_no.9
sycamore,3.814569536423841,5.256658595641646,sa,53Q_depth_Sycamore_small_None_5_1.5_no.3
sycamore,1.8969072164948453,5.555555555555555,sa,53Q_gate_Sycamore_small_1_2_1.5_no.5
sycamore,1.675,5.931034482758621,sa,53Q_gate_Sycamore_small_2_0_1.5_no.1
rochester,5.412698412698413,5.889273356401384,sabre,53Q_depth_Rochester_large_None_5_1.5_no.0
sycamore,5.388888888888889,7.641025641025641,identity,53Q_gate_Sycamore_large_2_1_1.5_no.6
rochester,8.420168067226891,9.05524861878453,identity,53Q_depth_Rochester_small_None_10_1.5_no.8
sycamore,1.7241379310344827,5.428571428571429,sa,53Q_gate_Sycamore_small_2_2_1.5_no.4
sycamore,3.861111111111111,6.134020618556701,sa,53Q_gate_Sycamore_small_1_0_1.5_no.0
tokyo,2.1914893617021276,3.6666666666666665,random,20Q_gate_Tokyo_large_2_0_1.5_no.9
sycamore,2.436893203883495,3.7540983606557377,sabre,53Q_depth_Sycamore_large_None_2_1.5_no.0
tokyo,1.4285714285714286,3.0,sabre,20Q_gate_Tokyo_large_1_0_1.5_no.6
tokyo,2.08,2.3684210526315788,sabre,20Q_gate_Tokyo_large_2_2_1.5_no.2
rochester,5.828947368421052,7.5,sabre,53Q_depth_Rochester_large_None_4_2.55_no.5
rochester,9.067961165048544,7.3375,random,53Q_gate_Rochester_large_1_20_1.5_no.5
tokyo,2.3233082706766917,3.1367924528301887,random,20Q_depth_Tokyo_large_None_4_1.5_no.8
rochester,5.533333333333333,9.12962962962963,identity,53Q_depth_Rochester_large_None_2_1.5_no.1
sycamore,3.561224489795918,5.862068965517241,random,53Q_depth_Sycamore_large_None_10_2.55_no.8
tokyo,2.2142857142857144,2.5625,sabre,20Q_gate_Tokyo_large_2_0_1.5_no.7
tokyo,3.0,2.5,sabre,20Q_gate_Tokyo_large_1_2_1.5_no.3
rochester,4.826771653543307,9.439446366782008,random,53Q_depth_Rochester_small_None_5_2.55_no.9
sycamore,6.148936170212766,6.668508287292818,identity,53Q_gate_Sycamore_large_2_5_1.5_no.9
rochester,4.394736842105263,7.5476190476190474,sa,53Q_gate_Rochester_large_1_3_1.5_no.4
sycamore,2.8525641025641026,5.845188284518828,sa,53Q_depth_Sycamore_small_None_2_2.55_no.9
tokyo,2.0161290322580645,2.5544554455445545,sabre,20Q_gate_Tokyo_large_2_20_1.5_no.9
sycamore,2.623529411764706,4.764150943396227,sa,53Q_gate_Sycamore_small_1_20_1.5_no.2
tokyo,1.8039772727272727,2.2183406113537116,sa,20Q_depth_Tokyo_large_None_10_2.55_no.0
rochester,2.477272727272727,7.7384615384615385,sa,53Q_gate_Rochester_small_2_1_1.5_no.4
sycamore,3.857142857142857,4.686274509803922,sabre,53Q_gate_Sycamore_large_1_2_1.5_no.8
rochester,5.339130434782609,7.542553191489362,identity,53Q_gate_Rochester_small_1_20_1.5_no.7
tokyo,1.3924914675767919,1.9739336492890995,sa,20Q_depth_Tokyo_large_None_10_1.5_no.9
rochester,7.916666666666667,15.125,random,53Q_gate_Rochester_small_2_0_1.5_no.6
sycamore,3.5319148936170213,5.474137931034483,sabre,53Q_gate_Sycamore_large_1_1_1.5_no.7
tokyo,1.7939698492462313,2.7142857142857144,sabre,20Q_depth_Tokyo_large_None_4_2.55_no.7
sycamore,3.5142857142857142,4.711340206185567,sabre,53Q_gate_Sycamore_large_1_0_1.5_no.2
rochester,5.76595744680851,7.066481994459834,random,53Q_gate_Rochester_small_2_25_1.5_no.1
sycamore,4.5,5.348993288590604,sa,53Q_gate_Sycamore_large_2_4_1.5_no.2
sycamore,4.55,5.042471042471043,sa,53Q_depth_Sycamore_large_None_2_2.55_no.1
rochester,8.11864406779661,7.485148514851486,sa,53Q_depth_Rochester_large_None_5_1.5_no.5
sycamore,2.776315789473684,3.9681697612732094,sabre,53Q_gate_Sycamore_small_1_15_1.5_no.7
tokyo,1.178082191780822,1.3981042654028435,sa,20Q_gate_Tokyo_large_1_10_1.5_no.5
tokyo,2.106382978723404,2.764705882352941,random,20Q_gate_Tokyo_large_2_4_1.5_no.1
sycamore,3.4,7.4787234042553195,identity,53Q_gate_Sycamore_small_2_0_1.5_no.5
sycamore,4.381818181818182,4.711627906976744,sa,53Q_gate_Sycamore_large_1_4_1.5_no.3
sycamore,4.869565217391305,5.306748466257669,identity,53Q_gate_Sycamore_large_2_10_1.5_no.8
rochester,2.3741007194244603,4.358620689655172,sa,53Q_gate_Rochester_large_2_25_1.5_no.9
rochester,3.9411764705882355,12.272727272727273,identity,53Q_gate_Rochester_small_2_1_1.5_no.8
rochester,6.641025641025641,10.13138686131387,identity,53Q_gate_Rochester_small_2_5_1.5_no.5
sycamore,3.9516129032258065,4.774590163934426,sa,53Q_gate_Sycamore_large_2_10_1.5_no.1
tokyo,1.8775510204081634,2.5491803278688523,sabre,20Q_gate_Tokyo_large_1_4_1.5_no.1
tokyo,1.4967320261437909,1.8959276018099547,sabre,20Q_gate_Tokyo_large_1_10_1.5_no.6
rochester,5.9625,4.866666666666666,sabre,53Q_gate_Rochester_large_1_20_1.5_no.4
tokyo,2.4857142857142858,3.12,random,20Q_gate_Tokyo_large_1_0_1.5_no.4
rochester,4.3584905660377355,5.508474576271187,sabre,53Q_gate_Rochester_small_2_10_1.5_no.8
tokyo,1.6702127659574468,1.9268292682926829,sabre,20Q_gate_Tokyo_large_2_4_1.5_no.0
rochester,7.162162162162162,10.3,random,53Q_gate_Rochester_small_2_4_1.5_no.4
sycamore,6.2075471698113205,6.193396226415095,random,53Q_gate_Sycamore_small_2_10_1.5_no.2
sycamore,4.717391304347826,4.670391061452514,sa,53Q_gate_Sycamore_small_2_4_1.5_no.6
rochester,7.163636363636364,7.088815789473684,random,53Q_gate_Rochester_large_2_15_1.5_no.9
rochester,4.636363636363637,6.833333333333333,sabre,53Q_depth_Rochester_small_None_2_1.5_no.0
sycamore,3.389473684210526,5.0469208211143695,sabre,53Q_depth_Sycamore_large_None_4_1.5_no.2
sycamore,3.2545454545454544,3.71356783919598,sabre,53Q_depth_Sycamore_large_None_10_2.55_no.5
rochester,2.2615384615384615,6.014598540145985,sa,53Q_gate_Rochester_small_1_5_1.5_no.1
sycamore,5.9753086419753085,6.585209003215434,random,53Q_depth_Sycamore_large_None_3_1.5_no.9
tokyo,1.8222222222222222,1.6923076923076923,sa,20Q_gate_Tokyo_large_2_2_1.5_no.9
tokyo,2.4395604395604398,2.6930693069306932,sabre,20Q_depth_Tokyo_large_None_3_1.5_no.6
tokyo,2.1136363636363638,3.043956043956044,identity,20Q_depth_Tokyo_large_None_1_1.5_no.5
sycamore,3.7142857142857144,4.640449438202247,sa,53Q_gate_Sycamore_small_1_4_1.5_no.7
rochester,9.581818181818182,11.476923076923077,random,53Q_depth_Rochester_large_None_3_2.55_no.8
rochester,5.514925373134329,6.175619834710743,sa,53Q_depth_Rochester_large_None_10_2.55_no.0
rochester,7.775,10.09375,identity,53Q_gate_Rochester_small_1_5_1.5_no.3
sycamore,2.56,7.809210526315789,identity,53Q_depth_Sycamore_small_None_1_1.5_no.2
sycamore,5.023809523809524,6.871428571428571,identity,53Q_gate_Sycamore_small_2_3_1.5_no.2
rochester,4.135135135135135,7.310344827586207,sabre,53Q_depth_Rochester_large_None_1_1.5_no.2
rochester,6.03125,5.16542750929368,sa,53Q_gate_Rochester_large_1_20_1.5_no.8
tokyo,1.6829268292682926,3.028985507246377,identity,20Q_gate_Tokyo_large_2_15_1.5_no.3
sycamore,5.959677419354839,4.846534653465347,random,53Q_gate_Sycamore_large_1_20_1.5_no.0
sycamore,3.5681818181818183,3.4765625,sabre,53Q_gate_Sycamore_large_1_10_1.5_no.8
sycamore,3.4871794871794872,5.990384615384615,sa,53Q_gate_Sycamore_large_2_0_1.5_no.5
sycamore,4.309523809523809,5.189655172413793,sa,53Q_gate_Sycamore_large_1_2_1.5_no.1
rochester,5.2926829268292686,11.653061224489797,random,53Q_gate_Rochester_small_1_3_1.5_no.3
rochester,6.378378378378378,10.84297520661157,identity,53Q_gate_Rochester_large_2_3_1.5_no.6
sycamore,2.4953271028037385,2.8435374149659864,sabre,53Q_gate_Sycamore_large_2_20_1.5_no.0
sycamore,4.322033898305085,6.679775280898877,identity,53Q_depth_Sycamore_large_None_1_2.55_no.3
sycamore,4.666666666666667,7.48936170212766,identity,53Q_gate_Sycamore_large_2_2_1.5_no.1
sycamore,2.7551020408163267,5.166666666666667,sa,53Q_gate_Sycamore_large_1_0_1.5_no.4
sycamore,4.17948717948718,4.802816901408451,sa,53Q_gate_Sycamore_large_2_2_1.5_no.0
sycamore,2.9302325581395348,4.340425531914893,sabre,53Q_gate_Sycamore_large_2_1_1.5_no.2
rochester,6.934426229508197,8.20873786407767,sabre,53Q_depth_Rochester_large_None_3_2.55_no.6
sycamore,3.923076923076923,5.053191489361702,sabre,53Q_gate_Sycamore_large_2_0_1.5_no.7
rochester,7.630252100840337,9.090573012939002,random,53Q_depth_Rochester_large_None_10_1.5_no.8
rochester,6.487179487179487,10.704697986577182,identity,53Q_gate_Rochester_large_1_3_1.5_no.0
sycamore,5.26431718061674,5.762886597938144,identity,53Q_depth_Sycamore_large_None_10_2.55_no.1
sycamore,6.2,6.301790281329923,identity,53Q_depth_Sycamore_large_None_4_1.5_no.7
sycamore,3.076923076923077,3.208588957055215,sabre,53Q_gate_Sycamore_large_2_3_1.5_no.8
rochester,5.654545454545454,6.839506172839506,sabre,53Q_gate_Rochester_small_2_10_1.5_no.6
rochester,3.0454545454545454,6.029411764705882,sa,53Q_gate_Rochester_large_2_3_1.5_no.9
tokyo,4.117647058823529,3.3300970873786406,identity,20Q_depth_Tokyo_large_None_1_2.55_no.4
rochester,8.967213114754099,7.728434504792332,identity,53Q_gate_Rochester_small_1_15_1.5_no.6
rochester,5.258064516129032,6.943396226415095,sa,53Q_gate_Rochester_small_1_1_1.5_no.9
sycamore,5.268518518518518,5.606407322654462,identity,53Q_gate_Sycamore_small_1_20_1.5_no.9
sycamore,4.440476190476191,5.9397590361445785,sa,53Q_depth_Sycamore_large_None_2_2.55_no.6
sycamore,4.864864864864865,5.217391304347826,sa,53Q_gate_Sycamore_large_2_1_1.5_no.1
sycamore,3.888888888888889,4.045112781954887,sabre,53Q_gate_Sycamore_small_1_3_1.5_no.3
sycamore,5.461538461538462,5.1657142857142855,sa,53Q_gate_Sycamore_large_1_3_1.5_no.5
rochester,5.096153846153846,5.611940298507463,sabre,53Q_depth_Rochester_large_None_4_1.5_no.4
sycamore,4.053254437869822,5.6931330472103,random,53Q_depth_Sycamore_small_None_5_2.55_no.7
sycamore,3.5,5.006849315068493,sabre,53Q_gate_Sycamore_small_1_2_1.5_no.6
rochester,7.575,9.980263157894736,identity,53Q_gate_Rochester_large_2_5_1.5_no.6
sycamore,4.1313131313131315,5.198083067092652,sa,53Q_depth_Sycamore_large_None_4_1.5_no.9
sycamore,3.41025641025641,4.991071428571429,sa,53Q_gate_Sycamore_large_1_1_1.5_no.0
sycamore,3.533333333333333,4.94,sa,53Q_gate_Sycamore_large_2_3_1.5_no.4
tokyo,1.6436781609195403,2.917525773195876,random,20Q_gate_Tokyo_large_2_4_1.5_no.6
rochester,2.9791666666666665,4.345454545454546,sabre,53Q_depth_Rochester_small_None_10_1.5_no.5
sycamore,3.642857142857143,5.27906976744186,sabre,53Q_gate_Sycamore_small_1_1_1.5_no.9
rochester,4.852941176470588,4.680672268907563,sabre,53Q_gate_Rochester_large_2_1_1.5_no.2
rochester,2.9608938547486034,5.684454756380511,sabre,53Q_depth_Rochester_small_None_10_2.55_no.2
rochester,5.4393939393939394,6.196261682242991,sa,53Q_depth_Rochester_large_None_5_1.5_no.4
sycamore,5.238095238095238,8.423728813559322,random,53Q_gate_Sycamore_large_1_1_1.5_no.2
rochester,8.735294117647058,10.138461538461538,random,53Q_gate_Rochester_large_2_4_1.5_no.9
sycamore,5.318181818181818,5.18125,sabre,53Q_depth_Sycamore_small_None_4_2.55_no.1
rochester,4.857142857142857,5.890173410404624,sa,53Q_gate_Rochester_large_1_3_1.5_no.3
sycamore,4.451127819548872,4.363157894736842,sa,53Q_gate_Sycamore_small_1_25_1.5_no.1
rochester,7.346938775510204,8.787234042553191,identity,53Q_gate_Rochester_large_1_5_1.5_no.0
rochester,1.9054054054054055,7.8354430379746836,sa,53Q_gate_Rochester_small_2_1_1.5_no.3
tokyo,1.9391891891891893,3.072463768115942,identity,20Q_depth_Tokyo_large_None_10_1.5_no.4
sycamore,6.673076923076923,6.7112970711297075,identity,53Q_depth_Sycamore_large_None_2_1.5_no.7
rochester,6.338461538461538,11.507462686567164,identity,53Q_depth_Rochester_large_None_3_1.5_no.3
sycamore,3.7439024390243905,4.623076923076923,sabre,53Q_depth_Sycamore_large_None_2_2.55_no.0
tokyo,2.3412698412698414,2.6875,sabre,20Q_depth_Tokyo_large_None_4_2.55_no.0
rochester,7.037735849056604,7.700507614213198,identity,53Q_gate_Rochester_large_2_20_1.5_no.5
rochester,7.742857142857143,11.487179487179487,identity,53Q_gate_Rochester_small_2_3_1.5_no.5
tokyo,1.4109589041095891,2.2857142857142856,sabre,20Q_gate_Tokyo_large_1_5_1.5_no.5
sycamore,4.215686274509804,6.311764705882353,random,53Q_gate_Sycamore_small_1_3_1.5_no.4
rochester,4.0,5.761904761904762,sabre,53Q_gate_Rochester_small_2_3_1.5_no.4
rochester,4.545454545454546,4.766666666666667,sabre,53Q_gate_Rochester_large_1_5_1.5_no.2
sycamore,5.787234042553192,6.1875,random,53Q_gate_Sycamore_large_2_5_1.5_no.2
tokyo,1.7142857142857142,2.1036789297658864,sa,20Q_gate_Tokyo_large_1_15_1.5_no.0
rochester,4.033112582781457,6.262118491921005,sabre,53Q_depth_Rochester_large_None_10_2.55_no.6
rochester,4.454545454545454,12.4,random,53Q_gate_Rochester_small_2_1_1.5_no.2
tokyo,1.3529411764705883,1.7363636363636363,sabre,20Q_gate_Tokyo_large_2_5_1.5_no.4
tokyo,2.0927152317880795,3.0689655172413794,random,20Q_depth_Tokyo_large_None_4_1.5_no.9
rochester,6.888888888888889,10.631578947368421,random,53Q_depth_Rochester_small_None_1_1.5_no.5
rochester,9.479166666666666,10.791666666666666,random,53Q_depth_Rochester_large_None_3_1.5_no.8
sycamore,4.363636363636363,4.8341463414634145,sa,53Q_gate_Sycamore_small_2_5_1.5_no.2
tokyo,1.8620689655172413,2.257425742574257,identity,20Q_gate_Tokyo_large_1_15_1.5_no.6
sycamore,3.8,4.989224137931035,sa,53Q_depth_Sycamore_small_None_5_1.5_no.4
rochester,8.40677966101695,8.238709677419354,identity,53Q_depth_Rochester_large_None_5_1.5_no.9
rochester,8.28048780487805,8.83495145631068,random,53Q_depth_Rochester_large_None_5_2.55_no.8
rochester,5.414634146341464,11.989795918367347,identity,53Q_gate_Rochester_small_1_3_1.5_no.3
sycamore,2.13265306122449,3.303030303030303,sabre,53Q_gate_Sycamore_large_1_20_1.5_no.5
sycamore,3.2982456140350878,4.804469273743017,sa,53Q_gate_Sycamore_small_1_5_1.5_no.3
sycamore,3.9855072463768115,4.116357504215852,sa,53Q_gate_Sycamore_large_1_20_1.5_no.1
sycamore,5.018987341772152,6.382,identity,53Q_depth_Sycamore_large_None_5_2.55_no.1
rochester,5.335195530726257,8.837587006960558,random,53Q_depth_Rochester_small_None_10_2.55_no.2
sycamore,3.6125,4.405405405405405,sabre,53Q_depth_Sycamore_large_None_2_2.55_no.1
rochester,3.625,4.526530612244898,sa,53Q_gate_Rochester_large_2_15_1.5_no.1
sycamore,5.424242424242424,7.5625,identity,53Q_gate_Sycamore_large_1_0_1.5_no.8
tokyo,1.4189189189189189,2.0217391304347827,sa,20Q_depth_Tokyo_large_None_10_1.5_no.4
tokyo,1.8289473684210527,3.347826086956522,random,20Q_gate_Tokyo_large_2_3_1.5_no.4
tokyo,2.1288659793814433,2.5107142857142857,sabre,20Q_gate_Tokyo_large_2_20_1.5_no.6
sycamore,5.017857142857143,5.102941176470588,sa,53Q_depth_Sycamore_large_None_1_2.55_no.9
sycamore,3.8278688524590163,4.651851851851852,sabre,53Q_depth_Sycamore_small_None_4_2.55_no.0
rochester,6.0344827586206895,10.3125,random,53Q_gate_Rochester_small_2_4_1.5_no.0
tokyo,2.310344827586207,2.7868131868131867,identity,20Q_depth_Tokyo_large_None_10_1.5_no.5
rochester,7.428571428571429,11.014084507042254,random,53Q_depth_Rochester_small_None_2_1.5_no.3
rochester,2.161290322580645,14.45,identity,53Q_gate_Rochester_small_2_0_1.5_no.0
rochester,8.168067226890756,8.955801104972375,random,53Q_depth_Rochester_small_None_10_1.5_no.8
sycamore,6.245614035087719,6.139442231075697,identity,53Q_gate_Sycamore_large_1_4_1.5_no.7
rochester,4.27906976744186,7.0,sabre,53Q_depth_Rochester_small_None_2_1.5_no.4
rochester,3.311111111111111,5.94,sa,53Q_gate_Rochester_large_1_4_1.5_no.1
rochester,5.8125,14.166666666666666,identity,53Q_gate_Rochester_small_1_0_1.5_no.6
sycamore,4.8062015503875966,6.965811965811966,identity,53Q_depth_Sycamore_small_None_4_1.5_no.7
tokyo,2.217391304347826,2.588932806324111,random,20Q_gate_Tokyo_large_1_25_1.5_no.3
sycamore,5.617647058823529,6.26056338028169,random,53Q_gate_Sycamore_large_1_1_1.5_no.3
sycamore,3.260869565217391,5.0059612518628915,sa,53Q_depth_Sycamore_small_None_10_2.55_no.0
rochester,5.714285714285714,5.864077669902913,sabre,53Q_gate_Rochester_large_2_1_1.5_no.3
rochester,4.135135135135135,10.298804780876495,random,53Q_depth_Rochester_large_None_4_1.5_no.1
sycamore,3.4285714285714284,5.918032786885246,sa,53Q_depth_Sycamore_small_None_1_2.55_no.1
sycamore,4.184210526315789,7.351648351648351,identity,53Q_depth_Sycamore_small_None_3_2.55_no.2
rochester,2.8410596026490067,3.784560143626571,sa,53Q_depth_Rochester_large_None_10_2.55_no.6
sycamore,2.9743589743589745,3.9338235294117645,sabre,53Q_gate_Sycamore_large_1_1_1.5_no.4
sycamore,4.983333333333333,7.228070175438597,identity,53Q_gate_Sycamore_small_1_5_1.5_no.4
rochester,4.027027027027027,6.291666666666667,sabre,53Q_depth_Rochester_large_None_1_1.5_no.6
rochester,4.584269662921348,4.249438202247191,sa,53Q_gate_Rochester_small_1_25_1.5_no.5
sycamore,3.3529411764705883,4.96969696969697,sabre,53Q_gate_Sycamore_large_1_0_1.5_no.1
rochester,7.071428571428571,9.188841201716738,identity,53Q_depth_Rochester_large_None_3_1.5_no.6
rochester,3.5238095238095237,6.2046511627906975,sa,53Q_depth_Rochester_large_None_4_2.55_no.9
rochester,6.9655172413793105,10.983193277310924,random,53Q_gate_Rochester_small_1_3_1.5_no.7
sycamore,2.5337423312883436,4.992063492063492,sabre,53Q_gate_Sycamore_small_1_15_1.5_no.4
tokyo,2.4,2.8333333333333335,sabre,20Q_gate_Tokyo_large_2_0_1.5_no.8
rochester,2.236641221374046,6.901869158878505,sabre,53Q_depth_Rochester_large_None_3_2.55_no.2
rochester,5.026315789473684,8.915178571428571,random,53Q_gate_Rochester_small_1_10_1.5_no.9
tokyo,1.8387096774193548,2.982832618025751,random,20Q_depth_Tokyo_large_None_5_2.55_no.9
sycamore,3.659340659340659,5.603448275862069,sa,53Q_depth_Sycamore_small_None_2_1.5_no.6
rochester,8.39622641509434,8.451219512195122,identity,53Q_gate_Rochester_small_1_10_1.5_no.3
rochester,4.371428571428571,5.333333333333333,sabre,53Q_gate_Rochester_small_2_3_1.5_no.5
rochester,4.226666666666667,5.6855123674911665,sa,53Q_depth_Rochester_small_None_5_1.5_no.8
rochester,4.2592592592592595,8.054945054945055,sa,53Q_gate_Rochester_large_1_0_1.5_no.9
tokyo,2.56,2.588235294117647,sabre,20Q_gate_Tokyo_large_1_0_1.5_no.9
sycamore,4.964912280701754,7.031578947368421,identity,53Q_depth_Sycamore_large_None_1_1.5_no.2
sycamore,5.58,6.403061224489796,random,53Q_gate_Sycamore_small_1_3_1.5_no.5
sycamore,6.203389830508475,6.7611940298507465,random,53Q_gate_Sycamore_large_2_5_1.5_no.3
rochester,1.537313432835821,6.3625,sa,53Q_gate_Rochester_small_2_2_1.5_no.9
rochester,3.0925925925925926,3.525581395348837,sabre,53Q_gate_Rochester_large_1_5_1.5_no.3
rochester,3.9065420560747666,13.211538461538462,random,53Q_depth_Rochester_small_None_3_2.55_no.8
tokyo,2.0441176470588234,3.10989010989011,identity,20Q_depth_Tokyo_large_None_1_1.5_no.4
sycamore,3.986754966887417,6.23953488372093,random,53Q_depth_Sycamore_small_None_5_1.5_no.9
rochester,7.035714285714286,12.488636363636363,identity,53Q_gate_Rochester_large_2_0_1.5_no.3
sycamore,3.628099173553719,6.617312072892939,random,53Q_depth_Sycamore_small_None_5_2.55_no.3
rochester,5.507462686567164,6.6263345195729535,sabre,53Q_depth_Rochester_large_None_4_1.5_no.0
rochester,6.595505617977528,5.8456659619450315,identity,53Q_gate_Rochester_large_1_15_1.5_no.8
rochester,6.073770491803279,6.811320754716981,sabre,53Q_depth_Rochester_small_None_10_1.5_no.1
sycamore,3.9148936170212765,4.623145400593472,sabre,53Q_depth_Sycamore_large_None_4_1.5_no.3
sycamore,7.12,6.5131578947368425,random,53Q_gate_Sycamore_small_2_10_1.5_no.3
rochester,2.912280701754386,4.583586626139818,sa,53Q_gate_Rochester_small_2_20_1.5_no.3
sycamore,4.243243243243243,6.564516129032258,identity,53Q_gate_Sycamore_large_2_1_1.5_no.7
sycamore,4.605839416058394,5.5843520782396086,sa,53Q_depth_Sycamore_small_None_5_2.55_no.5
rochester,4.248447204968944,7.737603305785124,sabre,53Q_depth_Rochester_small_None_10_2.55_no.6
sycamore,3.138801261829653,4.7105263157894735,sabre,53Q_depth_Sycamore_large_None_10_2.55_no.4
rochester,6.242718446601942,5.055357142857143,sabre,53Q_gate_Rochester_large_1_20_1.5_no.5
sycamore,3.28,4.666666666666667,sabre,53Q_gate_Sycamore_small_2_3_1.5_no.5
sycamore,4.257731958762887,4.39095744680851,sa,53Q_gate_Sycamore_small_2_15_1.5_no.1
rochester,2.9285714285714284,6.659090909090909,sa,53Q_gate_Rochester_large_2_0_1.5_no.3
rochester,7.50561797752809,7.582309582309582,identity,53Q_gate_Rochester_large_2_25_1.5_no.0
tokyo,1.5774647887323943,2.231578947368421,sabre,20Q_gate_Tokyo_large_1_3_1.5_no.8
rochester,5.405405405405405,7.844444444444444,sa,53Q_gate_Rochester_small_1_2_1.5_no.3
sycamore,3.563063063063063,4.633853541416567,sa,53Q_depth_Sycamore_large_None_10_1.5_no.3
sycamore,4.538461538461538,4.923076923076923,sabre,53Q_gate_Sycamore_small_2_2_1.5_no.0
rochester,5.4,4.926086956521739,sabre,53Q_gate_Rochester_small_2_10_1.5_no.9
tokyo,2.0863309352517985,2.6261682242990654,sabre,20Q_depth_Tokyo_large_None_4_1.5_no.4
sycamore,5.586956521739131,5.994764397905759,identity,53Q_gate_Sycamore_large_2_5_1.5_no.8
rochester,7.5,13.0,identity,53Q_gate_Rochester_large_1_0_1.5_no.5
tokyo,2.219178082191781,2.8125,identity,20Q_gate_Tokyo_large_1_5_1.5_no.8
rochester,6.027522935779817,10.394160583941606,random,53Q_depth_Rochester_small_None_5_2.55_no.8
tokyo,1.5421686746987953,2.232876712328767,sabre,20Q_gate_Tokyo_large_2_3_1.5_no.9
tokyo,1.295774647887324,1.3982300884955752,sa,20Q_gate_Tokyo_large_1_15_1.5_no.4
tokyo,1.787037037037037,2.966666666666667,identity,20Q_depth_Tokyo_large_None_1_2.55_no.5
rochester,5.0,5.550561797752809,sabre,53Q_gate_Rochester_small_2_10_1.5_no.7
tokyo,2.2134831460674156,2.3492063492063493,sa,20Q_gate_Tokyo_large_2_10_1.5_no.8
sycamore,4.144329896907217,3.9601063829787235,sabre,53Q_gate_Sycamore_small_2_15_1.5_no.1
rochester,5.137931034482759,10.906976744186046,random,53Q_gate_Rochester_small_2_1_1.5_no.6
rochester,4.148809523809524,6.334811529933481,sabre,53Q_depth_Rochester_large_None_10_2.55_no.2
rochester,3.574712643678161,5.416083916083916,sa,53Q_gate_Rochester_large_1_10_1.5_no.7
sycamore,3.4225352112676055,3.6787762906309753,sabre,53Q_gate_Sycamore_small_1_25_1.5_no.9
sycamore,4.631799163179917,6.046482412060302,identity,53Q_depth_Sycamore_large_None_10_1.5_no.4
rochester,5.111111111111111,6.416382252559727,sa,53Q_depth_Rochester_large_None_5_1.5_no.2
sycamore,4.642857142857143,6.200729927007299,identity,53Q_depth_Sycamore_small_None_2_1.5_no.7
sycamore,3.9862385321100917,7.37250554323725,identity,53Q_depth_Sycamore_small_None_5_2.55_no.8
sycamore,4.508771929824562,4.984732824427481,sa,53Q_gate_Sycamore_large_1_5_1.5_no.8
sycamore,4.731884057971015,4.905564924114671,random,53Q_gate_Sycamore_large_1_20_1.5_no.1
sycamore,5.359375,5.626923076923077,identity,53Q_gate_Sycamore_large_2_10_1.5_no.9
tokyo,1.9329608938547487,2.7529411764705882,random,20Q_gate_Tokyo_large_2_20_1.5_no.5
sycamore,4.531914893617022,5.209944751381215,sa,53Q_gate_Sycamore_large_2_5_1.5_no.9
sycamore,5.527777777777778,8.48421052631579,identity,53Q_gate_Sycamore_small_2_0_1.5_no.4
tokyo,2.853107344632768,2.9516728624535316,random,20Q_depth_Tokyo_large_None_5_2.55_no.8
tokyo,2.09375,2.8,identity,20Q_gate_Tokyo_large_2_4_1.5_no.8
sycamore,4.317460317460317,4.99609375,sa,53Q_depth_Sycamore_small_None_2_1.5_no.1
sycamore,4.202898550724638,5.039840637450199,sabre,53Q_depth_Sycamore_large_None_2_1.5_no.1
sycamore,3.4375,5.125,sabre,53Q_gate_Sycamore_small_1_3_1.5_no.0
rochester,2.7794117647058822,8.666666666666666,sa,53Q_depth_Rochester_small_None_5_1.5_no.9
rochester,6.6,10.066176470588236,random,53Q_gate_Rochester_small_2_5_1.5_no.4
sycamore,1.8865979381443299,4.555555555555555,sabre,53Q_gate_Sycamore_small_1_2_1.5_no.5
rochester,2.574074074074074,7.533333333333333,sabre,53Q_depth_Rochester_small_None_1_2.55_no.4
rochester,10.488372093023257,8.897674418604652,identity,53Q_gate_Rochester_large_2_10_1.5_no.1
tokyo,1.3493975903614457,2.191780821917808,sa,20Q_gate_Tokyo_large_2_3_1.5_no.9
rochester,5.04054054054054,6.532,sa,53Q_depth_Rochester_large_None_4_2.55_no.8
rochester,2.810810810810811,7.082417582417582,sabre,53Q_depth_Rochester_small_None_3_1.5_no.0
rochester,9.127906976744185,6.993927125506073,identity,53Q_gate_Rochester_large_1_20_1.5_no.9
rochester,2.727272727272727,6.025440313111546,sa,53Q_depth_Rochester_large_None_10_2.55_no.7
sycamore,4.8125,6.424489795918367,random,53Q_depth_Sycamore_large_None_2_1.5_no.9
rochester,3.5114503816793894,4.748344370860927,sa,53Q_gate_Rochester_small_1_25_1.5_no.2
rochester,4.517543859649122,7.620060790273556,random,53Q_gate_Rochester_small_2_20_1.5_no.3
sycamore,7.7560975609756095,6.472727272727273,identity,53Q_gate_Sycamore_small_2_3_1.5_no.3
rochester,5.6395348837209305,9.095693779904305,random,53Q_depth_Rochester_large_None_3_2.55_no.9
tokyo,1.844311377245509,2.6633663366336635,random,20Q_gate_Tokyo_large_1_25_1.5_no.4
rochester,5.75,9.35483870967742,identity,53Q_depth_Rochester_large_None_2_1.5_no.4
rochester,3.6176470588235294,5.180645161290323,sa,53Q_gate_Rochester_large_1_4_1.5_no.6
sycamore,5.472527472527473,7.430434782608696,random,53Q_depth_Sycamore_small_None_2_2.55_no.0
sycamore,2.2741228070175437,4.697872340425532,sa,53Q_depth_Sycamore_small_None_10_2.55_no.7
rochester,6.34375,9.076923076923077,identity,53Q_gate_Rochester_large_1_4_1.5_no.8
rochester,6.324324324324325,11.377777777777778,random,53Q_gate_Rochester_small_1_2_1.5_no.3
sycamore,4.088235294117647,6.167630057803469,sa,53Q_depth_Sycamore_small_None_1_2.55_no.6
sycamore,6.282051282051282,7.063380281690141,identity,53Q_gate_Sycamore_large_2_2_1.5_no.0
rochester,8.514563106796116,9.474025974025974,random,53Q_depth_Rochester_large_None_10_1.5_no.9
rochester,7.966942148760331,6.866187050359712,random,53Q_gate_Rochester_large_1_25_1.5_no.7
sycamore,4.563758389261745,3.7880886426592797,sa,53Q_gate_Sycamore_large_1_25_1.5_no.2
sycamore,5.403225806451613,4.359805510534846,sabre,53Q_gate_Sycamore_large_1_20_1.5_no.6
rochester,4.475,5.4316109422492405,sa,53Q_gate_Rochester_large_2_15_1.5_no.6
tokyo,1.5807860262008733,1.774936061381074,sabre,20Q_gate_Tokyo_large_2_25_1.5_no.5
rochester,6.54054054054054,8.856866537717602,identity,53Q_depth_Rochester_large_None_10_2.55_no.9
tokyo,2.4029850746268657,2.74,random,20Q_gate_Tokyo_large_2_3_1.5_no.3
sycamore,3.807017543859649,6.479041916167665,random,53Q_depth_Sycamore_small_None_3_2.55_no.9
tokyo,2.113095238095238,2.7640845070422535,identity,20Q_gate_Tokyo_large_1_15_1.5_no.5
rochester,6.931034482758621,4.989495798319328,sabre,53Q_gate_Rochester_large_2_25_1.5_no.6
sycamore,3.7851239669421486,4.8009367681498825,identity,53Q_gate_Sycamore_small_1_20_1.5_no.8
rochester,4.893939393939394,5.411214953271028,sabre,53Q_depth_Rochester_large_None_5_1.5_no.4
rochester,5.619047619047619,7.651724137931034,sa,53Q_depth_Rochester_large_None_5_1.5_no.3
rochester,6.413793103448276,11.1875,identity,53Q_gate_Rochester_large_1_2_1.5_no.8
rochester,5.69672131147541,7.5625,identity,53Q_depth_Rochester_large_None_10_1.5_no.6
tokyo,1.3466666666666667,2.2289156626506026,sa,20Q_depth_Tokyo_large_None_1_1.5_no.3
rochester,4.25,6.554054054054054,sabre,53Q_gate_Rochester_small_2_5_1.5_no.9
rochester,6.8108108108108105,9.341935483870968,random,53Q_gate_Rochester_large_2_5_1.5_no.9
sycamore,4.7407407407407405,6.082901554404145,random,53Q_gate_Sycamore_small_1_5_1.5_no.9
rochester,6.048780487804878,7.116504854368932,sabre,53Q_depth_Rochester_large_None_5_2.55_no.8
tokyo,1.0827067669172932,1.2014925373134329,sa,20Q_gate_Tokyo_large_1_10_1.5_no.1
tokyo,1.9006211180124224,2.3208191126279862,random,20Q_gate_Tokyo_large_2_20_1.5_no.2
sycamore,3.3,5.281553398058253,sabre,53Q_depth_Sycamore_small_None_5_2.55_no.1
rochester,3.5172413793103448,4.707865168539326,sabre,53Q_gate_Rochester_small_1_1_1.5_no.7
tokyo,2.339622641509434,2.65,random,20Q_gate_Tokyo_large_1_3_1.5_no.9
sycamore,5.166666666666667,7.290322580645161,random,53Q_gate_Sycamore_small_2_1_1.5_no.7
rochester,7.325581395348837,6.020040080160321,random,53Q_gate_Rochester_large_1_20_1.5_no.1
rochester,6.863636363636363,7.746543778801843,sabre,53Q_depth_Rochester_large_None_4_2.55_no.1
rochester,5.031746031746032,4.7322033898305085,sa,53Q_gate_Rochester_large_1_10_1.5_no.0
sycamore,6.569767441860465,5.7795275590551185,random,53Q_gate_Sycamore_small_1_15_1.5_no.0
sycamore,3.2601626016260163,4.46875,sabre,53Q_depth_Sycamore_large_None_3_2.55_no.0
tokyo,1.6241610738255035,2.454081632653061,sabre,20Q_gate_Tokyo_large_1_10_1.5_no.9
sycamore,5.490566037735849,4.90566037735849,sa,53Q_gate_Sycamore_small_2_10_1.5_no.2
rochester,4.75,8.5,sa,53Q_gate_Rochester_large_2_0_1.5_no.4
tokyo,2.2284644194756553,2.650655021834061,identity,20Q_gate_Tokyo_large_1_25_1.5_no.8
sycamore,3.5876288659793816,3.897560975609756,sabre,53Q_gate_Sycamore_large_2_20_1.5_no.3
sycamore,5.73015873015873,7.170731707317073,identity,53Q_depth_Sycamore_small_None_4_2.55_no.4
rochester,4.225806451612903,5.89622641509434,sabre,53Q_gate_Rochester_small_1_1_1.5_no.9
tokyo,1.761467889908257,2.6551724137931036,sabre,20Q_depth_Tokyo_large_None_4_1.5_no.3
sycamore,3.2468619246861925,4.685929648241206,sa,53Q_depth_Sycamore_large_None_10_1.5_no.4
sycamore,4.424242424242424,6.583333333333333,random,53Q_gate_Sycamore_small_2_1_1.5_no.9
rochester,4.212121212121212,5.745454545454545,sa,53Q_gate_Rochester_small_1_2_1.5_no.4
sycamore,6.330985915492958,4.684593023255814,random,53Q_gate_Sycamore_large_2_25_1.5_no.2
rochester,8.18918918918919,13.24793388429752,random,53Q_depth_Rochester_small_None_1_1.5_no.4
rochester,9.673076923076923,9.845238095238095,random,53Q_depth_Rochester_large_None_3_1.5_no.9
tokyo,2.389937106918239,2.6176470588235294,identity,20Q_gate_Tokyo_large_2_15_1.5_no.0
rochester,2.830188679245283,15.9,random,53Q_gate_Rochester_small_2_0_1.5_no.2
rochester,4.244274809160306,5.748344370860927,identity,53Q_gate_Rochester_small_1_25_1.5_no.2
rochester,5.8,6.618556701030927,sabre,53Q_gate_Rochester_small_1_15_1.5_no.4
rochester,7.277777777777778,6.410404624277457,random,53Q_gate_Rochester_small_2_25_1.5_no.5
sycamore,4.4375,4.65,sa,53Q_gate_Sycamore_small_1_4_1.5_no.8
rochester,4.744897959183674,4.112994350282486,sabre,53Q_gate_Rochester_large_2_25_1.5_no.8
rochester,3.663157894736842,4.9928057553956835,sa,53Q_gate_Rochester_small_2_20_1.5_no.4
sycamore,4.675675675675675,4.586956521739131,sabre,53Q_gate_Sycamore_large_2_1_1.5_no.1
rochester,4.951219512195122,7.067669172932331,sabre,53Q_gate_Rochester_small_2_5_1.5_no.7
sycamore,2.2264150943396226,4.940828402366864,sa,53Q_gate_Sycamore_small_2_4_1.5_no.9
sycamore,4.75,6.115606936416185,random,53Q_gate_Sycamore_small_1_5_1.5_no.7
sycamore,4.844444444444444,7.2,random,53Q_gate_Sycamore_large_2_3_1.5_no.1
sycamore,2.942857142857143,4.398230088495575,sabre,53Q_gate_Sycamore_large_2_0_1.5_no.4
sycamore,5.6875,7.169354838709677,identity,53Q_depth_Sycamore_large_None_2_2.55_no.7
sycamore,2.8642533936651584,5.307142857142857,sa,53Q_depth_Sycamore_small_None_5_2.55_no.2
sycamore,3.2194513715710724,5.798469387755102,random,53Q_depth_Sycamore_small_None_10_2.55_no.8
rochester,3.6176470588235294,4.363636363636363,sabre,53Q_gate_Rochester_large_1_3_1.5_no.1
rochester,8.988095238095237,10.009868421052632,random,53Q_depth_Rochester_large_None_5_2.55_no.9
sycamore,4.706766917293233,5.987775061124695,identity,53Q_depth_Sycamore_small_None_5_2.55_no.0
tokyo,1.0357142857142858,1.2666666666666666,sa,20Q_gate_Tokyo_large_2_0_1.5_no.4
sycamore,3.711442786069652,4.250896057347671,sabre,53Q_depth_Sycamore_large_None_10_1.5_no.2
tokyo,1.3461538461538463,1.8360655737704918,sa,20Q_gate_Tokyo_large_1_0_1.5_no.7
sycamore,4.401639344262295,5.229629629629629,sa,53Q_depth_Sycamore_small_None_4_2.55_no.0
rochester,3.547945205479452,11.785123966942148,random,53Q_gate_Rochester_large_1_4_1.5_no.4
rochester,4.8108108108108105,4.38243626062323,sabre,53Q_gate_Rochester_large_1_10_1.5_no.8
rochester,3.4285714285714284,6.868421052631579,sa,53Q_gate_Rochester_large_2_1_1.5_no.5
rochester,3.0588235294117645,5.322033898305085,sa,53Q_gate_Rochester_small_1_3_1.5_no.5
rochester,3.8210526315789473,6.0071942446043165,sabre,53Q_gate_Rochester_small_2_20_1.5_no.4
tokyo,1.8562874251497006,2.6598360655737703,sabre,20Q_depth_Tokyo_large_None_5_1.5_no.2
tokyo,1.4466666666666668,3.3017241379310347,identity,20Q_depth_Tokyo_large_None_2_2.55_no.6
sycamore,2.5164835164835164,6.197530864197531,random,53Q_depth_Sycamore_large_None_2_2.55_no.3
sycamore,5.791666666666667,7.503225806451613,random,53Q_depth_Sycamore_large_None_1_1.5_no.5
sycamore,3.7435897435897436,7.259615384615385,identity,53Q_gate_Sycamore_large_2_0_1.5_no.5
tokyo,1.72,3.0689655172413794,identity,20Q_gate_Tokyo_large_1_1_1.5_no.8
sycamore,5.357142857142857,5.44935064935065,random,53Q_gate_Sycamore_large_1_10_1.5_no.2
rochester,5.060975609756097,5.17359413202934,sa,53Q_gate_Rochester_large_1_15_1.5_no.9
rochester,6.595238095238095,5.515,sabre,53Q_gate_Rochester_small_1_5_1.5_no.4
tokyo,1.8970588235294117,2.3884297520661155,sa,20Q_depth_Tokyo_large_None_2_1.5_no.0
rochester,8.670212765957446,7.8930817610062896,random,53Q_gate_Rochester_large_2_25_1.5_no.1
sycamore,4.864406779661017,4.867549668874172,sa,53Q_depth_Sycamore_large_None_4_2.55_no.8
tokyo,2.6666666666666665,3.28,identity,20Q_gate_Tokyo_large_1_2_1.5_no.7
sycamore,6.428571428571429,7.556291390728477,random,53Q_gate_Sycamore_small_2_5_1.5_no.4
rochester,4.634920634920635,6.221453287197232,sa,53Q_depth_Rochester_large_None_5_1.5_no.0
tokyo,1.6455696202531647,2.9367088607594938,identity,20Q_gate_Tokyo_large_1_3_1.5_no.2
sycamore,2.635135135135135,3.7665369649805447,sabre,53Q_depth_Sycamore_small_None_2_1.5_no.5
sycamore,6.0,6.562162162162162,random,53Q_gate_Sycamore_large_1_3_1.5_no.2
rochester,4.948717948717949,5.584905660377358,sabre,53Q_gate_Rochester_large_2_3_1.5_no.2
sycamore,3.2944444444444443,6.595808383233533,identity,53Q_depth_Sycamore_large_None_3_2.55_no.3
sycamore,2.082474226804124,8.421052631578947,identity,53Q_gate_Sycamore_small_2_1_1.5_no.6
sycamore,3.9615384615384617,4.174927113702624,sa,53Q_gate_Sycamore_small_1_10_1.5_no.8
tokyo,1.543859649122807,1.988826815642458,sabre,20Q_gate_Tokyo_large_2_10_1.5_no.3
sycamore,4.928571428571429,5.883211678832117,random,53Q_depth_Sycamore_small_None_2_1.5_no.7
rochester,2.336734693877551,6.104838709677419,sabre,53Q_depth_Rochester_large_None_1_2.55_no.7
tokyo,1.92,2.0112359550561796,sa,20Q_gate_Tokyo_large_2_4_1.5_no.5
sycamore,4.014285714285714,6.013054830287206,random,53Q_gate_Sycamore_small_2_20_1.5_no.0
tokyo,1.297029702970297,1.7622950819672132,sa,20Q_gate_Tokyo_large_1_4_1.5_no.6
rochester,6.785714285714286,5.932203389830509,identity,53Q_gate_Rochester_large_2_25_1.5_no.8
sycamore,4.741176470588235,4.039893617021277,sa,53Q_gate_Sycamore_large_1_10_1.5_no.4
sycamore,3.4788732394366195,4.230769230769231,sabre,53Q_gate_Sycamore_small_2_10_1.5_no.4
rochester,7.548387096774194,10.5,random,53Q_gate_Rochester_large_2_3_1.5_no.3
rochester,2.7045454545454546,8.661538461538461,sabre,53Q_gate_Rochester_small_2_1_1.5_no.4
sycamore,4.807407407407408,5.57396449704142,identity,53Q_gate_Sycamore_large_2_25_1.5_no.6
sycamore,5.09375,6.918918918918919,random,53Q_gate_Sycamore_small_1_1_1.5_no.4
sycamore,5.88659793814433,5.778823529411765,identity,53Q_gate_Sycamore_large_2_15_1.5_no.4
sycamore,6.048780487804878,6.911242603550296,identity,53Q_gate_Sycamore_small_2_5_1.5_no.9
tokyo,2.3658536585365852,3.328358208955224,random,20Q_gate_Tokyo_large_1_2_1.5_no.8
sycamore,2.9043478260869566,6.2075471698113205,identity,53Q_gate_Sycamore_small_2_10_1.5_no.0
sycamore,4.4953271028037385,5.453367875647668,identity,53Q_gate_Sycamore_small_2_20_1.5_no.2
tokyo,2.1666666666666665,2.722972972972973,identity,20Q_depth_Tokyo_large_None_2_2.55_no.8
rochester,2.9491525423728815,12.52,random,53Q_depth_Rochester_small_None_2_2.55_no.9
rochester,6.716666666666667,7.32890365448505,identity,53Q_gate_Rochester_large_1_15_1.5_no.0
rochester,5.868852459016393,4.378223495702006,sabre,53Q_gate_Rochester_large_1_10_1.5_no.6
rochester,7.337349397590361,6.693548387096774,random,53Q_gate_Rochester_small_1_20_1.5_no.5
rochester,8.857142857142858,10.527586206896551,random,53Q_depth_Rochester_large_None_5_1.5_no.3
rochester,6.0625,6.200934579439252,sa,53Q_gate_Rochester_large_1_5_1.5_no.7
rochester,5.435897435897436,11.38888888888889,random,53Q_gate_Rochester_small_1_4_1.5_no.9
tokyo,2.2110091743119265,2.7560975609756095,identity,20Q_depth_Tokyo_large_None_3_1.5_no.5
rochester,3.3703703703703702,7.273255813953488,sa,53Q_depth_Rochester_large_None_10_2.55_no.4
rochester,4.950819672131147,7.975,identity,53Q_depth_Rochester_small_None_4_1.5_no.2
sycamore,4.936507936507937,5.623376623376624,identity,53Q_gate_Sycamore_large_1_5_1.5_no.5
tokyo,1.7,2.9473684210526314,random,20Q_gate_Tokyo_large_2_2_1.5_no.2
rochester,6.0,11.451612903225806,random,53Q_depth_Rochester_small_None_3_1.5_no.1
rochester,4.754385964912281,7.25531914893617,identity,53Q_gate_Rochester_small_2_20_1.5_no.3
rochester,9.075268817204302,7.572368421052632,random,53Q_gate_Rochester_small_1_25_1.5_no.3
rochester,4.496732026143791,10.311111111111112,random,53Q_depth_Rochester_small_None_4_2.55_no.9
sycamore,2.043010752688172,8.235294117647058,identity,53Q_gate_Sycamore_small_1_0_1.5_no.9
rochester,9.069767441860465,11.994318181818182,identity,53Q_depth_Rochester_small_None_2_1.5_no.8
sycamore,3.42,3.336842105263158,sabre,53Q_gate_Sycamore_large_1_4_1.5_no.1
sycamore,4.9423076923076925,5.671428571428572,sabre,53Q_depth_Sycamore_large_None_1_2.55_no.2
rochester,5.25,12.014925373134329,identity,53Q_depth_Rochester_large_None_1_1.5_no.3
rochester,6.696969696969697,13.3,random,53Q_gate_Rochester_large_1_1_1.5_no.2
sycamore,3.716666666666667,3.943396226415094,sabre,53Q_gate_Sycamore_large_1_5_1.5_no.4
sycamore,3.8980392156862744,5.850980392156862,random,53Q_depth_Sycamore_small_None_10_1.5_no.9
sycamore,3.1333333333333333,5.23469387755102,sa,53Q_depth_Sycamore_small_None_3_1.5_no.0
sycamore,3.448717948717949,5.837894736842105,identity,53Q_depth_Sycamore_large_None_5_2.55_no.9
sycamore,3.5825242718446604,4.398601398601398,sabre,53Q_gate_Sycamore_small_2_20_1.5_no.9
sycamore,4.24031007751938,4.128731343283582,sa,53Q_gate_Sycamore_large_2_25_1.5_no.8
sycamore,5.723404255319149,6.617210682492582,random,53Q_depth_Sycamore_large_None_4_1.5_no.3
tokyo,1.2573839662447257,1.348993288590604,sa,20Q_gate_Tokyo_large_1_20_1.5_no.6
sycamore,3.414285714285714,5.741935483870968,identity,53Q_depth_Sycamore_small_None_10_1.5_no.5
sycamore,4.12987012987013,4.504201680672269,sabre,53Q_gate_Sycamore_small_1_10_1.5_no.1
rochester,5.233333333333333,14.094594594594595,identity,53Q_gate_Rochester_small_2_0_1.5_no.8
tokyo,1.5130434782608695,3.1325301204819276,random,20Q_depth_Tokyo_large_None_1_2.55_no.9
sycamore,3.7983870967741935,4.236486486486487,sa,53Q_gate_Sycamore_small_2_25_1.5_no.4
rochester,2.8380952380952382,6.142857142857143,sabre,53Q_depth_Rochester_small_None_4_2.55_no.2
sycamore,2.151898734177215,6.373134328358209,identity,53Q_gate_Sycamore_small_1_4_1.5_no.6
rochester,8.43421052631579,7.647058823529412,random,53Q_gate_Rochester_large_2_20_1.5_no.7
rochester,9.181818181818182,10.23076923076923,identity,53Q_depth_Rochester_large_None_3_2.55_no.8
rochester,3.056179775280899,9.19078947368421,sabre,53Q_depth_Rochester_small_None_2_2.55_no.8
rochester,6.725806451612903,7.90234375,identity,53Q_gate_Rochester_small_2_15_1.5_no.2
sycamore,5.326086956521739,5.735244519392918,identity,53Q_gate_Sycamore_large_1_20_1.5_no.1
sycamore,5.2976190476190474,5.7604790419161676,random,53Q_gate_Sycamore_large_2_15_1.5_no.1
sycamore,3.572649572649573,5.75,identity,53Q_gate_Sycamore_large_1_10_1.5_no.3
rochester,7.903225806451613,13.525773195876289,identity,53Q_gate_Rochester_small_2_4_1.5_no.5
tokyo,2.5602409638554215,3.1044776119402986,identity,20Q_depth_Tokyo_large_None_5_1.5_no.7
rochester,7.061224489795919,9.122340425531915,random,53Q_gate_Rochester_large_1_5_1.5_no.0
sycamore,3.5723684210526314,5.289124668435013,identity,53Q_gate_Sycamore_small_1_15_1.5_no.7
sycamore,6.133333333333334,5.313458262350937,identity,53Q_gate_Sycamore_small_1_25_1.5_no.5
tokyo,1.6633165829145728,2.175115207373272,sa,20Q_depth_Tokyo_large_None_4_2.55_no.7
tokyo,2.3214285714285716,2.4324324324324325,sa,20Q_gate_Tokyo_large_2_5_1.5_no.1
tokyo,2.1320754716981134,2.3627450980392157,sabre,20Q_gate_Tokyo_large_2_15_1.5_no.0
sycamore,3.967065868263473,6.166471277842907,identity,53Q_depth_Sycamore_small_None_10_2.55_no.4
rochester,2.526315789473684,6.0,sabre,53Q_depth_Rochester_small_None_1_1.5_no.8
tokyo,1.7619047619047619,2.251968503937008,sa,20Q_gate_Tokyo_large_1_5_1.5_no.2
sycamore,3.5876288659793816,3.8317757009345796,sa,53Q_gate_Sycamore_large_1_15_1.5_no.7
rochester,6.904761904761905,10.980392156862745,identity,53Q_gate_Rochester_small_1_4_1.5_no.3
rochester,5.847619047619047,10.328467153284672,identity,53Q_depth_Rochester_small_None_5_2.55_no.0
rochester,5.190082644628099,11.393258426966293,identity,53Q_depth_Rochester_small_None_4_2.55_no.7
rochester,5.79047619047619,4.648148148148148,sabre,53Q_gate_Rochester_small_1_25_1.5_no.7
rochester,2.704081632653061,5.9609756097560975,sabre,53Q_depth_Rochester_small_None_3_2.55_no.1
rochester,4.146067415730337,9.853260869565217,random,53Q_depth_Rochester_large_None_2_2.55_no.8
sycamore,3.27007299270073,5.9907407407407405,random,53Q_depth_Sycamore_small_None_3_1.5_no.3
tokyo,1.9764705882352942,2.609271523178808,identity,20Q_gate_Tokyo_large_2_10_1.5_no.5
rochester,5.388888888888889,10.619047619047619,random,53Q_depth_Rochester_small_None_4_1.5_no.9
tokyo,1.9534883720930232,1.9636363636363636,sa,20Q_depth_Tokyo_large_None_3_1.5_no.1
rochester,6.3861386138613865,5.364779874213837,sabre,53Q_gate_Rochester_small_1_25_1.5_no.9
sycamore,3.9703703703703703,4.325443786982248,sabre,53Q_gate_Sycamore_large_2_25_1.5_no.6
rochester,6.1875,10.857142857142858,random,53Q_gate_Rochester_large_2_2_1.5_no.7
rochester,6.17910447761194,4.948275862068965,sabre,53Q_gate_Rochester_large_2_15_1.5_no.5
rochester,6.546875,6.516129032258065,sa,53Q_depth_Rochester_large_None_5_1.5_no.1
rochester,4.117647058823529,11.739495798319327,identity,53Q_gate_Rochester_large_2_2_1.5_no.6
sycamore,2.549019607843137,4.357142857142857,sabre,53Q_gate_Sycamore_large_2_4_1.5_no.4
sycamore,4.445205479452055,6.071428571428571,identity,53Q_depth_Sycamore_large_None_5_1.5_no.7
tokyo,1.1724137931034482,1.0365853658536586,sa,20Q_gate_Tokyo_large_2_1_1.5_no.0
rochester,5.487179487179487,11.323529411764707,identity,53Q_gate_Rochester_large_1_2_1.5_no.0
tokyo,1.1777777777777778,1.8391608391608392,sa,20Q_depth_Tokyo_large_None_2_2.55_no.4
sycamore,4.844827586206897,4.5131578947368425,sabre,53Q_gate_Sycamore_large_2_5_1.5_no.1
sycamore,5.043478260869565,5.554913294797688,random,53Q_gate_Sycamore_small_1_25_1.5_no.3
tokyo,1.3918918918918919,2.3455882352941178,sabre,20Q_depth_Tokyo_large_None_2_2.55_no.9
tokyo,1.2615384615384615,1.709090909090909,sa,20Q_gate_Tokyo_large_1_1_1.5_no.3
rochester,3.588235294117647,5.840336134453781,sa,53Q_gate_Rochester_large_2_1_1.5_no.2
sycamore,5.093023255813954,5.97423887587822,sa,53Q_depth_Sycamore_small_None_4_2.55_no.7
tokyo,2.5714285714285716,2.877483443708609,identity,20Q_depth_Tokyo_large_None_5_1.5_no.9
tokyo,2.1233766233766236,2.5,sabre,20Q_depth_Tokyo_large_None_5_1.5_no.5
rochester,3.204081632653061,8.153846153846153,sa,53Q_gate_Rochester_small_1_3_1.5_no.2
tokyo,2.06,3.0526315789473686,identity,20Q_gate_Tokyo_large_2_2_1.5_no.2
rochester,6.678571428571429,5.362745098039215,sa,53Q_gate_Rochester_large_2_10_1.5_no.8
tokyo,2.404255319148936,2.710280373831776,identity,20Q_gate_Tokyo_large_2_3_1.5_no.7
sycamore,5.590909090909091,6.148936170212766,identity,53Q_gate_Sycamore_small_2_2_1.5_no.1
rochester,3.857142857142857,10.53225806451613,identity,53Q_depth_Rochester_large_None_1_2.55_no.7
tokyo,3.24,2.7777777777777777,identity,20Q_gate_Tokyo_large_2_0_1.5_no.8
rochester,7.172839506172839,9.773972602739725,identity,53Q_depth_Rochester_small_None_5_1.5_no.0
sycamore,5.29,4.65311004784689,sa,53Q_gate_Sycamore_small_2_20_1.5_no.7
tokyo,1.0666666666666667,1.2267441860465116,sa,20Q_depth_Tokyo_large_None_3_2.55_no.3
tokyo,2.559322033898305,3.0097087378640777,random,20Q_depth_Tokyo_large_None_1_2.55_no.8
rochester,7.2,9.916666666666666,identity,53Q_gate_Rochester_large_2_4_1.5_no.6
rochester,4.256410256410256,7.378151260504202,sa,53Q_gate_Rochester_large_1_1_1.5_no.8
sycamore,5.8076923076923075,6.204697986577181,identity,53Q_depth_Sycamore_large_None_3_1.5_no.7
rochester,6.333333333333333,10.095238095238095,identity,53Q_gate_Rochester_large_1_4_1.5_no.0
tokyo,2.72,2.9375,identity,20Q_depth_Tokyo_large_None_3_2.55_no.7
rochester,4.275,8.64423076923077,sa,53Q_gate_Rochester_small_2_3_1.5_no.8
rochester,4.090909090909091,5.040322580645161,sabre,53Q_gate_Rochester_small_1_3_1.5_no.6
sycamore,7.375,7.257668711656442,random,53Q_gate_Sycamore_small_2_3_1.5_no.6
sycamore,3.138888888888889,5.070707070707071,sa,53Q_depth_Sycamore_small_None_3_1.5_no.7
sycamore,6.519230769230769,6.273127753303965,random,53Q_gate_Sycamore_large_1_5_1.5_no.0
sycamore,3.7286821705426356,4.854700854700854,sabre,53Q_depth_Sycamore_small_None_4_1.5_no.7
rochester,4.052631578947368,5.099378881987578,sabre,53Q_gate_Rochester_large_2_5_1.5_no.0
tokyo,1.3853658536585365,3.00625,identity,20Q_depth_Tokyo_large_None_3_2.55_no.9
rochester,7.72093023255814,6.585170340681363,identity,53Q_gate_Rochester_large_1_20_1.5_no.1
tokyo,2.7142857142857144,3.127906976744186,random,20Q_gate_Tokyo_large_2_2_1.5_no.5
rochester,6.071428571428571,6.216165413533835,sabre,53Q_depth_Rochester_large_None_10_1.5_no.2
tokyo,1.160535117056856,1.2608695652173914,sa,20Q_gate_Tokyo_large_1_25_1.5_no.3
rochester,6.277777777777778,13.482758620689655,identity,53Q_gate_Rochester_small_2_2_1.5_no.5
sycamore,2.6356877323420074,6.543640897755611,identity,53Q_depth_Sycamore_large_None_4_2.55_no.5
sycamore,4.175925925925926,5.335120643431635,sabre,53Q_depth_Sycamore_small_None_4_1.5_no.9
sycamore,3.6825396825396823,5.708163265306123,random,53Q_depth_Sycamore_large_None_5_2.55_no.0
rochester,5.166666666666667,6.311475409836065,sabre,53Q_gate_Rochester_small_1_3_1.5_no.8
rochester,6.241379310344827,12.435294117647059,random,53Q_gate_Rochester_large_1_0_1.5_no.6
tokyo,1.1446153846153846,1.995850622406639,sa,20Q_depth_Tokyo_large_None_5_2.55_no.0
sycamore,2.5520833333333335,7.532258064516129,random,53Q_gate_Sycamore_small_2_3_1.5_no.8
sycamore,6.065934065934066,5.827586206896552,random,53Q_depth_Sycamore_large_None_4_2.55_no.9
rochester,5.0,13.428571428571429,identity,53Q_depth_Rochester_small_None_2_2.55_no.4
rochester,4.823529411764706,12.622222222222222,identity,53Q_depth_Rochester_small_None_3_2.55_no.3
tokyo,1.6378378378378378,2.536231884057971,identity,20Q_gate_Tokyo_large_1_10_1.5_no.0
sycamore,2.2626262626262625,7.661016949152542,random,53Q_gate_Sycamore_large_2_1_1.5_no.0
sycamore,5.833333333333333,6.5227272727272725,identity,53Q_gate_Sycamore_large_2_3_1.5_no.2
sycamore,4.472602739726027,5.982142857142857,random,53Q_depth_Sycamore_large_None_5_1.5_no.7
rochester,3.676470588235294,6.413793103448276,sabre,53Q_gate_Rochester_large_1_1_1.5_no.0
rochester,7.608695652173913,9.15680473372781,random,53Q_gate_Rochester_small_2_15_1.5_no.9
sycamore,2.988372093023256,6.48605577689243,identity,53Q_depth_Sycamore_small_None_2_2.55_no.6
rochester,6.864864864864865,10.533333333333333,identity,53Q_gate_Rochester_small_1_2_1.5_no.3
rochester,7.339622641509434,7.7795275590551185,identity,53Q_gate_Rochester_large_2_10_1.5_no.9
rochester,5.653061224489796,6.648936170212766,sa,53Q_gate_Rochester_large_1_5_1.5_no.0
rochester,6.662162162162162,10.096,random,53Q_depth_Rochester_large_None_4_2.55_no.8
tokyo,2.2324324324324323,2.863481228668942,identity,20Q_gate_Tokyo_large_2_20_1.5_no.8
sycamore,5.28169014084507,3.8504273504273505,sabre,53Q_gate_Sycamore_large_1_25_1.5_no.3
sycamore,2.8103975535168195,4.531450577663671,sabre,53Q_depth_Sycamore_small_None_10_2.55_no.1
rochester,4.923611111111111,5.994594594594594,sa,53Q_depth_Rochester_large_None_10_2.55_no.5
sycamore,4.977443609022556,4.968421052631579,random,53Q_gate_Sycamore_small_1_25_1.5_no.1
rochester,4.83,10.013392857142858,identity,53Q_depth_Rochester_small_None_3_2.55_no.9
sycamore,3.772727272727273,4.296875,sa,53Q_gate_Sycamore_large_1_10_1.5_no.8
tokyo,1.5808823529411764,2.5084745762711864,sa,20Q_depth_Tokyo_large_None_3_1.5_no.3
sycamore,2.8564814814814814,5.5536992840095465,sa,53Q_depth_Sycamore_small_None_5_1.5_no.2
sycamore,4.7407407407407405,4.854304635761589,sa,53Q_gate_Sycamore_small_1_10_1.5_no.4
sycamore,5.566666666666666,6.580645161290323,random,53Q_depth_Sycamore_large_None_3_2.55_no.2
sycamore,5.0,8.153846153846153,identity,53Q_gate_Sycamore_small_2_0_1.5_no.2
sycamore,1.8279569892473118,6.047058823529412,sabre,53Q_gate_Sycamore_small_1_0_1.5_no.9
tokyo,2.52,2.888888888888889,random,20Q_gate_Tokyo_large_2_0_1.5_no.8
rochester,5.90625,5.026086956521739,sabre,53Q_gate_Rochester_large_2_15_1.5_no.7
sycamore,2.5510204081632653,3.588235294117647,sabre,53Q_gate_Sycamore_small_1_3_1.5_no.6
tokyo,1.4266666666666667,2.5,sa,20Q_depth_Tokyo_large_None_2_2.55_no.6
rochester,4.733812949640288,7.23448275862069,random,53Q_gate_Rochester_large_2_25_1.5_no.9
sycamore,3.0833333333333335,4.735099337748345,sabre,53Q_gate_Sycamore_small_1_2_1.5_no.3
rochester,8.15625,10.426829268292684,identity,53Q_depth_Rochester_large_None_4_2.55_no.6
rochester,6.0625,10.616438356164384,identity,53Q_depth_Rochester_large_None_5_2.55_no.1
rochester,4.9324324324324325,11.137362637362637,identity,53Q_depth_Rochester_small_None_3_1.5_no.0
sycamore,5.155737704918033,5.767123287671233,identity,53Q_gate_Sycamore_small_2_25_1.5_no.9
rochester,5.717948717948718,11.777777777777779,identity,53Q_gate_Rochester_small_1_4_1.5_no.9
tokyo,1.1822429906542056,1.233009708737864,sa,20Q_gate_Tokyo_large_2_25_1.5_no.2
sycamore,5.027027027027027,6.239130434782608,identity,53Q_gate_Sycamore_large_2_1_1.5_no.1
rochester,4.642857142857143,6.896995708154506,sabre,53Q_depth_Rochester_large_None_3_1.5_no.6
sycamore,4.629032258064516,3.6732673267326734,sabre,53Q_gate_Sycamore_large_1_20_1.5_no.0
tokyo,1.829145728643216,2.5,sabre,20Q_depth_Tokyo_large_None_4_2.55_no.6
rochester,7.71578947368421,7.439655172413793,identity,53Q_gate_Rochester_small_1_25_1.5_no.0
rochester,5.101123595505618,4.532584269662921,sabre,53Q_gate_Rochester_small_1_25_1.5_no.5
rochester,3.0675675675675675,6.1098901098901095,sa,53Q_depth_Rochester_small_None_3_1.5_no.0
sycamore,2.0822510822510822,6.273542600896861,sa,53Q_depth_Sycamore_small_None_2_2.55_no.8
rochester,5.589743589743589,5.944444444444445,sa,53Q_gate_Rochester_large_1_3_1.5_no.5
rochester,6.310344827586207,12.292134831460674,random,53Q_gate_Rochester_small_1_1_1.5_no.7
rochester,1.6785714285714286,7.3478260869565215,sa,53Q_gate_Rochester_small_2_1_1.5_no.5
tokyo,1.884393063583815,2.6451612903225805,identity,20Q_gate_Tokyo_large_1_15_1.5_no.3
sycamore,5.5,6.344736842105263,identity,53Q_depth_Sycamore_small_None_4_2.55_no.6
sycamore,4.579710144927536,4.07361963190184,sabre,53Q_gate_Sycamore_large_2_10_1.5_no.8
rochester,7.672727272727273,6.240131578947368,sabre,53Q_gate_Rochester_large_2_15_1.5_no.9
sycamore,4.553191489361702,5.72189349112426,random,53Q_gate_Sycamore_large_2_15_1.5_no.3
sycamore,2.9596774193548385,7.616216216216216,identity,53Q_depth_Sycamore_large_None_2_2.55_no.5
tokyo,2.0531914893617023,2.8292682926829267,random,20Q_gate_Tokyo_large_2_4_1.5_no.0
rochester,5.591836734693878,5.016949152542373,sa,53Q_gate_Rochester_large_2_25_1.5_no.8
sycamore,4.2560975609756095,5.3961538461538465,sa,53Q_depth_Sycamore_large_None_2_2.55_no.0
tokyo,2.779220779220779,3.2888888888888888,identity,20Q_depth_Tokyo_large_None_5_1.5_no.5
rochester,6.621212121212121,8.478260869565217,identity,53Q_gate_Rochester_small_2_15_1.5_no.8
tokyo,1.4871794871794872,1.5,sa,20Q_depth_Tokyo_large_None_4_2.55_no.5
tokyo,1.3253968253968254,1.92,sa,20Q_depth_Tokyo_large_None_5_2.55_no.2
sycamore,4.627906976744186,6.404255319148936,random,53Q_gate_Sycamore_large_2_1_1.5_no.2
rochester,6.090909090909091,11.46875,identity,53Q_gate_Rochester_small_1_2_1.5_no.9
tokyo,1.8035714285714286,3.35,random,20Q_depth_Tokyo_large_None_2_1.5_no.7
rochester,9.018181818181818,7.363934426229508,identity,53Q_gate_Rochester_large_2_10_1.5_no.3
rochester,5.638297872340425,14.857142857142858,identity,53Q_depth_Rochester_small_None_1_2.55_no.6
rochester,4.0,6.166666666666667,sabre,53Q_gate_Rochester_large_1_1_1.5_no.2
sycamore,4.510822510822511,4.710732984293194,sabre,53Q_depth_Sycamore_small_None_10_2.55_no.3
sycamore,3.9583333333333335,6.590909090909091,identity,53Q_gate_Sycamore_small_1_5_1.5_no.2
rochester,4.880952380952381,8.877551020408163,random,53Q_gate_Rochester_small_1_4_1.5_no.1
tokyo,2.0033444816053514,2.156126482213439,sabre,20Q_gate_Tokyo_large_1_25_1.5_no.3
sycamore,4.178217821782178,4.868217054263566,sa,53Q_gate_Sycamore_small_2_25_1.5_no.8
sycamore,3.9927536231884058,4.579881656804734,sa,53Q_gate_Sycamore_large_2_25_1.5_no.4
tokyo,2.3133333333333335,3.1029411764705883,identity,20Q_depth_Tokyo_large_None_3_2.55_no.5
tokyo,1.1405405405405404,1.5737704918032787,sa,20Q_depth_Tokyo_large_None_3_2.55_no.1
rochester,8.179487179487179,10.242774566473988,random,53Q_depth_Rochester_small_None_2_1.5_no.5
rochester,3.8363636363636364,7.010033444816053,sabre,53Q_depth_Rochester_small_None_5_2.55_no.3
sycamore,3.9,5.125,sabre,53Q_gate_Sycamore_large_2_2_1.5_no.8
rochester,3.757142857142857,8.824053452115812,identity,53Q_depth_Rochester_small_None_10_2.55_no.4
rochester,7.5,10.132352941176471,random,53Q_gate_Rochester_small_2_3_1.5_no.6
sycamore,2.45,4.909348441926346,sabre,53Q_depth_Sycamore_small_None_4_1.5_no.5
sycamore,4.12962962962963,5.6231884057971016,random,53Q_gate_Sycamore_large_1_5_1.5_no.2
sycamore,3.8909774436090228,6.070365358592693,random,53Q_depth_Sycamore_small_None_10_1.5_no.1
sycamore,3.4594594594594597,3.9516129032258065,sabre,53Q_gate_Sycamore_large_2_1_1.5_no.7
rochester,4.438095238095238,9.552338530066816,random,53Q_depth_Rochester_small_None_10_2.55_no.4
rochester,2.21978021978022,8.727272727272727,sa,53Q_depth_Rochester_small_None_1_2.55_no.8
rochester,2.75,5.648648648648648,sabre,53Q_gate_Rochester_large_2_5_1.5_no.2
rochester,1.6567164179104477,5.482352941176471,sabre,53Q_gate_Rochester_small_1_3_1.5_no.4
tokyo,1.736842105263158,2.245614035087719,sabre,20Q_depth_Tokyo_large_None_3_1.5_no.0
sycamore,3.1666666666666665,4.679245283018868,sabre,53Q_gate_Sycamore_large_2_0_1.5_no.2
sycamore,2.797872340425532,7.225563909774436,random,53Q_gate_Sycamore_small_2_3_1.5_no.4
rochester,2.234567901234568,4.830188679245283,sa,53Q_gate_Rochester_small_1_5_1.5_no.7
tokyo,3.0,2.96875,random,20Q_gate_Tokyo_large_1_0_1.5_no.2
rochester,3.381679389312977,9.88785046728972,identity,53Q_depth_Rochester_large_None_3_2.55_no.2
rochester,7.44,11.329545454545455,identity,53Q_depth_Rochester_large_None_2_2.55_no.5
sycamore,3.4742268041237114,3.733153638814016,sabre,53Q_gate_Sycamore_large_2_20_1.5_no.5
rochester,4.220588235294118,6.4961832061068705,sabre,53Q_depth_Rochester_small_None_5_1.5_no.2
tokyo,1.8211920529801324,2.41871921182266,sa,20Q_depth_Tokyo_large_None_4_1.5_no.9
rochester,8.457627118644067,9.73021582733813,random,53Q_depth_Rochester_large_None_4_1.5_no.7
tokyo,2.084507042253521,2.909090909090909,identity,20Q_gate_Tokyo_large_2_15_1.5_no.6
sycamore,5.12,5.847368421052631,identity,53Q_gate_Sycamore_large_1_4_1.5_no.1
tokyo,2.6862745098039214,2.948453608247423,random,20Q_gate_Tokyo_large_2_4_1.5_no.7
sycamore,3.0451612903225804,5.217910447761194,sa,53Q_depth_Sycamore_large_None_4_1.5_no.8
rochester,3.5652173913043477,6.857142857142857,sabre,53Q_depth_Rochester_small_None_2_2.55_no.0
rochester,4.206896551724138,6.1976744186046515,sabre,53Q_gate_Rochester_small_2_1_1.5_no.6
sycamore,5.696969696969697,7.136363636363637,random,53Q_gate_Sycamore_small_1_1_1.5_no.6
rochester,4.193548387096774,12.836363636363636,random,53Q_depth_Rochester_small_None_1_1.5_no.2
sycamore,3.8125,5.57258064516129,sa,53Q_depth_Sycamore_large_None_2_2.55_no.7
rochester,4.412371134020619,5.321428571428571,sabre,53Q_gate_Rochester_large_1_10_1.5_no.4
rochester,5.21875,10.486486486486486,identity,53Q_gate_Rochester_large_2_0_1.5_no.1
rochester,6.672131147540983,9.164383561643836,random,53Q_gate_Rochester_large_1_5_1.5_no.8
rochester,6.116666666666666,4.855769230769231,sabre,53Q_gate_Rochester_small_2_20_1.5_no.8
sycamore,4.958333333333333,7.596273291925466,identity,53Q_gate_Sycamore_large_1_3_1.5_no.9
sycamore,5.654205607476635,6.339378238341969,random,53Q_gate_Sycamore_small_2_20_1.5_no.2
rochester,4.088235294117647,5.963636363636364,sabre,53Q_depth_Rochester_small_None_1_1.5_no.0
tokyo,1.6741071428571428,2.682926829268293,sabre,20Q_depth_Tokyo_large_None_4_2.55_no.1
rochester,8.0,13.36986301369863,identity,53Q_gate_Rochester_large_1_0_1.5_no.7
rochester,4.0,5.5394736842105265,sa,53Q_gate_Rochester_large_1_3_1.5_no.2
rochester,6.261904761904762,5.357142857142857,sabre,53Q_gate_Rochester_small_1_5_1.5_no.8
rochester,7.588235294117647,10.496402877697841,identity,53Q_depth_Rochester_small_None_2_1.5_no.2
rochester,3.98,7.28125,sabre,53Q_depth_Rochester_small_None_3_2.55_no.9
sycamore,4.064516129032258,7.364161849710983,random,53Q_gate_Sycamore_small_2_5_1.5_no.8
rochester,7.186046511627907,9.696629213483146,random,53Q_gate_Rochester_small_2_10_1.5_no.7
rochester,2.8875,11.132075471698114,identity,53Q_depth_Rochester_large_None_1_1.5_no.9
sycamore,3.9587628865979383,5.8582995951417,sabre,53Q_depth_Sycamore_small_None_2_1.5_no.9
rochester,4.147058823529412,8.403225806451612,sa,53Q_depth_Rochester_small_None_3_1.5_no.1
rochester,7.894736842105263,7.0619266055045875,identity,53Q_gate_Rochester_large_2_25_1.5_no.2
rochester,2.659090909090909,7.4,sa,53Q_gate_Rochester_small_2_1_1.5_no.2
rochester,4.4375,6.878378378378378,sabre,53Q_depth_Rochester_large_None_2_1.5_no.2
sycamore,2.4220779220779223,4.116504854368932,sabre,53Q_gate_Sycamore_small_1_15_1.5_no.2
sycamore,4.175,5.46078431372549,random,53Q_gate_Sycamore_large_1_10_1.5_no.0
sycamore,6.595959595959596,6.01063829787234,identity,53Q_gate_Sycamore_large_1_15_1.5_no.8
sycamore,3.425414364640884,6.207715133531157,identity,53Q_depth_Sycamore_large_None_3_2.55_no.9
tokyo,1.9322033898305084,2.0776699029126213,sa,20Q_depth_Tokyo_large_None_1_2.55_no.8
rochester,3.0701754385964914,13.05,random,53Q_gate_Rochester_small_1_0_1.5_no.3
sycamore,3.7868852459016393,6.872340425531915,random,53Q_gate_Sycamore_large_1_3_1.5_no.0
sycamore,4.257142857142857,5.182481751824818,sabre,53Q_depth_Sycamore_small_None_2_1.5_no.7
rochester,4.323529411764706,5.25,sabre,53Q_gate_Rochester_large_2_3_1.5_no.0
rochester,2.6363636363636362,5.722972972972973,sabre,53Q_gate_Rochester_small_1_5_1.5_no.6
sycamore,5.326530612244898,5.978021978021978,random,53Q_gate_Sycamore_small_2_5_1.5_no.6
sycamore,2.1890243902439024,6.861271676300578,random,53Q_depth_Sycamore_small_None_1_2.55_no.4
sycamore,2.6904761904761907,3.9491525423728815,sabre,53Q_gate_Sycamore_large_1_1_1.5_no.2
tokyo,1.229050279329609,1.349056603773585,sa,20Q_gate_Tokyo_large_2_20_1.5_no.7
rochester,2.6666666666666665,7.7727272727272725,sabre,53Q_gate_Rochester_small_2_1_1.5_no.8
sycamore,5.53125,7.380952380952381,random,53Q_gate_Sycamore_small_1_1_1.5_no.8
sycamore,2.952755905511811,4.184275184275184,sabre,53Q_depth_Sycamore_large_None_10_1.5_no.0
sycamore,5.166666666666667,5.132075471698113,sabre,53Q_gate_Sycamore_large_1_0_1.5_no.7
tokyo,1.3010752688172043,2.1440677966101696,sa,20Q_depth_Tokyo_large_None_2_1.5_no.2
rochester,5.975609756097561,5.983193277310924,sabre,53Q_gate_Rochester_small_2_20_1.5_no.6
sycamore,1.6952380952380952,4.584905660377358,sabre,53Q_gate_Sycamore_large_1_3_1.5_no.8
tokyo,1.9777777777777779,2.7412587412587412,identity,20Q_depth_Tokyo_large_None_2_2.55_no.4
rochester,7.276923076923077,9.622137404580153,identity,53Q_depth_Rochester_small_None_4_1.5_no.8
rochester,7.858823529411764,6.963592233009709,random,53Q_gate_Rochester_large_1_15_1.5_no.3
sycamore,6.081081081081081,7.793774319066148,identity,53Q_depth_Sycamore_small_None_2_1.5_no.5
sycamore,2.4362139917695473,5.220556745182013,sa,53Q_depth_Sycamore_small_None_5_1.5_no.5
sycamore,4.619834710743802,5.944578313253012,identity,53Q_depth_Sycamore_large_None_10_1.5_no.6
sycamore,3.4210526315789473,4.915119363395226,sa,53Q_gate_Sycamore_small_1_15_1.5_no.7
sycamore,4.634146341463414,5.290909090909091,sabre,53Q_gate_Sycamore_small_2_3_1.5_no.3
tokyo,2.586206896551724,3.1052631578947367,random,20Q_gate_Tokyo_large_1_0_1.5_no.5
rochester,3.849056603773585,15.9,identity,53Q_gate_Rochester_small_2_0_1.5_no.2
tokyo,1.2777777777777777,1.6133333333333333,sa,20Q_depth_Tokyo_large_None_5_1.5_no.8
sycamore,4.55,7.3,identity,53Q_gate_Sycamore_large_2_2_1.5_no.6
sycamore,2.305263157894737,5.223300970873787,sabre,53Q_gate_Sycamore_small_2_2_1.5_no.6
tokyo,2.7708333333333335,3.010989010989011,identity,20Q_depth_Tokyo_large_None_3_1.5_no.9
sycamore,4.295698924731183,6.301282051282051,identity,53Q_depth_Sycamore_large_None_5_2.55_no.3
sycamore,2.515151515151515,3.6944444444444446,sabre,53Q_gate_Sycamore_small_2_1_1.5_no.9
rochester,6.15,9.625,random,53Q_gate_Rochester_small_1_5_1.5_no.5
sycamore,4.5636363636363635,6.8,identity,53Q_depth_Sycamore_small_None_3_2.55_no.0
rochester,8.138461538461538,8.268456375838927,random,53Q_gate_Rochester_large_1_10_1.5_no.5
sycamore,3.138888888888889,6.974504249291785,identity,53Q_depth_Sycamore_small_None_4_1.5_no.5
rochester,2.310810810810811,5.913043478260869,sa,53Q_gate_Rochester_small_1_5_1.5_no.0
tokyo,1.7704918032786885,2.785276073619632,sabre,20Q_depth_Tokyo_large_None_3_1.5_no.7
rochester,2.019047619047619,8.948717948717949,sa,53Q_depth_Rochester_small_None_1_2.55_no.9
sycamore,3.440677966101695,5.407407407407407,sabre,53Q_depth_Sycamore_large_None_1_2.55_no.0
tokyo,1.794871794871795,1.981818181818182,sa,20Q_gate_Tokyo_large_2_1_1.5_no.8
rochester,7.75,14.6875,identity,53Q_gate_Rochester_small_1_0_1.5_no.4
rochester,6.234375,7.561797752808989,identity,53Q_gate_Rochester_small_2_20_1.5_no.9
tokyo,1.8357664233576643,2.2404494382022473,sabre,20Q_gate_Tokyo_large_1_20_1.5_no.0
rochester,7.1395348837209305,5.730769230769231,sa,53Q_gate_Rochester_large_1_20_1.5_no.9
rochester,7.742857142857143,9.22972972972973,random,53Q_gate_Rochester_small_2_2_1.5_no.2
sycamore,4.623762376237623,3.9759036144578315,sa,53Q_gate_Sycamore_large_2_20_1.5_no.7
sycamore,3.8645833333333335,6.663484486873508,random,53Q_depth_Sycamore_large_None_5_2.55_no.8
rochester,4.2894736842105265,3.86,sa,53Q_gate_Rochester_large_2_3_1.5_no.8
tokyo,1.728395061728395,2.811320754716981,random,20Q_depth_Tokyo_large_None_2_1.5_no.6
sycamore,5.811320754716981,7.224598930481283,identity,53Q_depth_Sycamore_large_None_1_1.5_no.0
sycamore,4.32,8.047619047619047,identity,53Q_gate_Sycamore_small_2_3_1.5_no.5
sycamore,6.403225806451613,6.565420560747664,random,53Q_depth_Sycamore_large_None_4_2.55_no.1
rochester,1.87012987012987,7.3882352941176475,sa,53Q_gate_Rochester_small_1_1_1.5_no.8
sycamore,4.4868421052631575,4.468085106382978,sabre,53Q_gate_Sycamore_small_2_15_1.5_no.7
rochester,5.127272727272727,6.880530973451328,sabre,53Q_depth_Rochester_small_None_4_1.5_no.6
rochester,8.53191489361702,7.658536585365853,identity,53Q_gate_Rochester_small_1_10_1.5_no.1
tokyo,1.680327868852459,2.932515337423313,identity,20Q_depth_Tokyo_large_None_3_1.5_no.7
tokyo,1.6451612903225807,1.9823008849557522,sa,20Q_gate_Tokyo_large_2_5_1.5_no.9
rochester,5.5,8.83673469387755,random,53Q_gate_Rochester_small_2_15_1.5_no.1
rochester,6.395833333333333,8.359375,identity,53Q_gate_Rochester_large_2_4_1.5_no.4
tokyo,1.8170731707317074,3.32,random,20Q_depth_Tokyo_large_None_1_1.5_no.8
sycamore,6.12962962962963,7.216666666666667,random,53Q_depth_Sycamore_large_None_1_2.55_no.7
sycamore,3.911764705882353,5.6923076923076925,sa,53Q_gate_Sycamore_small_2_0_1.5_no.2
sycamore,3.840909090909091,5.623287671232877,sa,53Q_gate_Sycamore_small_1_2_1.5_no.6
rochester,5.5,6.188405797101449,sa,53Q_gate_Rochester_small_2_15_1.5_no.4
sycamore,3.5277777777777777,5.728,sa,53Q_gate_Sycamore_small_1_0_1.5_no.3
sycamore,3.7954545454545454,5.114285714285714,sa,53Q_gate_Sycamore_small_2_2_1.5_no.7
tokyo,1.5858585858585859,1.7586206896551724,sa,20Q_gate_Tokyo_large_2_10_1.5_no.0
rochester,6.520833333333333,7.638888888888889,sa,53Q_depth_Rochester_large_None_3_1.5_no.8
rochester,5.846153846153846,10.475,random,53Q_gate_Rochester_small_2_4_1.5_no.8
sycamore,5.341176470588235,5.426229508196721,random,53Q_depth_Sycamore_large_None_3_1.5_no.5
sycamore,5.0576923076923075,7.274647887323944,identity,53Q_gate_Sycamore_small_1_4_1.5_no.0
rochester,8.64179104477612,7.594827586206897,random,53Q_gate_Rochester_large_2_15_1.5_no.5
tokyo,2.9,2.5,sabre,20Q_gate_Tokyo_large_2_2_1.5_no.1
tokyo,1.7586206896551724,2.1578947368421053,sabre,20Q_gate_Tokyo_large_1_0_1.5_no.5
rochester,5.966666666666667,8.752212389380531,sa,53Q_gate_Rochester_large_2_2_1.5_no.9
tokyo,2.0652173913043477,1.7419354838709677,sabre,20Q_gate_Tokyo_large_1_2_1.5_no.0
rochester,5.833333333333333,8.245901639344263,identity,53Q_gate_Rochester_large_1_4_1.5_no.2
tokyo,1.2142857142857142,2.3333333333333335,sabre,20Q_gate_Tokyo_large_2_0_1.5_no.4
rochester,4.148148148148148,6.724137931034483,sa,53Q_gate_Rochester_small_1_0_1.5_no.9
sycamore,6.235294117647059,6.877049180327869,identity,53Q_depth_Sycamore_large_None_3_1.5_no.5
sycamore,5.509090909090909,5.786363636363636,identity,53Q_gate_Sycamore_large_1_5_1.5_no.3
sycamore,4.225,4.302013422818792,sabre,53Q_gate_Sycamore_large_2_4_1.5_no.2
sycamore,4.2407407407407405,5.0514018691588785,sabre,53Q_gate_Sycamore_large_2_5_1.5_no.7
rochester,2.9357798165137616,6.934306569343065,sa,53Q_depth_Rochester_small_None_5_2.55_no.8
sycamore,3.926605504587156,4.405737704918033,sa,53Q_gate_Sycamore_small_1_20_1.5_no.1
rochester,8.779661016949152,9.316831683168317,random,53Q_depth_Rochester_large_None_5_1.5_no.5
rochester,8.793103448275861,14.213483146067416,identity,53Q_gate_Rochester_small_2_2_1.5_no.7
sycamore,6.978947368421053,6.26302729528536,identity,53Q_depth_Sycamore_large_None_4_2.55_no.7
tokyo,2.4594594594594597,2.764705882352941,random,20Q_gate_Tokyo_large_1_1_1.5_no.4
rochester,6.371900826446281,4.332493702770781,sa,53Q_gate_Rochester_large_1_25_1.5_no.0
tokyo,1.9101123595505618,3.1044776119402986,random,20Q_depth_Tokyo_large_None_2_1.5_no.5
rochester,9.25,13.932038834951456,random,53Q_gate_Rochester_large_2_1_1.5_no.3
rochester,5.981481481481482,7.315789473684211,sabre,53Q_depth_Rochester_large_None_2_2.55_no.3
rochester,7.611650485436893,6.893280632411067,identity,53Q_gate_Rochester_large_1_20_1.5_no.3
tokyo,1.9824561403508771,2.877094972067039,identity,20Q_gate_Tokyo_large_2_10_1.5_no.3
rochester,9.085106382978724,8.292682926829269,random,53Q_gate_Rochester_small_1_10_1.5_no.1
sycamore,3.797979797979798,3.7638297872340427,sabre,53Q_gate_Sycamore_large_1_15_1.5_no.8
tokyo,2.0246913580246915,2.443396226415094,sabre,20Q_depth_Tokyo_large_None_2_1.5_no.6
sycamore,4.382978723404255,5.325581395348837,sa,53Q_gate_Sycamore_large_2_4_1.5_no.1
rochester,8.545454545454545,12.119047619047619,identity,53Q_gate_Rochester_small_1_2_1.5_no.1
sycamore,4.945054945054945,6.6976744186046515,identity,53Q_depth_Sycamore_small_None_2_2.55_no.4
sycamore,3.8722466960352424,4.630154639175258,sa,53Q_depth_Sycamore_large_None_10_2.55_no.1
rochester,4.595238095238095,6.346938775510204,sa,53Q_gate_Rochester_small_1_4_1.5_no.1
tokyo,2.452830188679245,2.4257425742574257,sabre,20Q_depth_Tokyo_large_None_1_2.55_no.7
sycamore,3.7045454545454546,4.025380710659898,sabre,53Q_gate_Sycamore_large_2_25_1.5_no.0
sycamore,3.5625,4.111524163568773,sabre,53Q_depth_Sycamore_large_None_2_1.5_no.3
rochester,7.648148148148148,11.020942408376964,random,53Q_depth_Rochester_small_None_3_1.5_no.7
sycamore,2.146788990825688,5.209424083769633,sa,53Q_gate_Sycamore_large_1_4_1.5_no.0
tokyo,2.2481751824817517,2.9105263157894736,random,20Q_gate_Tokyo_large_2_15_1.5_no.2
sycamore,3.380952380952381,5.067114093959732,sa,53Q_depth_Sycamore_large_None_1_1.5_no.1
rochester,3.3048780487804876,6.49738219895288,sabre,53Q_depth_Rochester_large_None_4_1.5_no.8
rochester,4.593220338983051,8.116666666666667,sa,53Q_depth_Rochester_small_None_3_1.5_no.2
rochester,5.783333333333333,7.869281045751634,identity,53Q_depth_Rochester_small_None_10_1.5_no.7
rochester,3.819672131147541,4.1629392971246,sabre,53Q_gate_Rochester_small_1_15_1.5_no.6
sycamore,3.105,5.908415841584159,random,53Q_depth_Sycamore_small_None_5_1.5_no.1
rochester,6.226190476190476,5.322033898305085,sa,53Q_gate_Rochester_large_2_20_1.5_no.6
sycamore,6.681818181818182,6.213592233009709,random,53Q_gate_Sycamore_large_2_3_1.5_no.3
rochester,6.1103896103896105,7.5474860335195535,identity,53Q_depth_Rochester_large_None_10_2.55_no.3
rochester,3.3424657534246576,12.571428571428571,identity,53Q_gate_Rochester_small_2_4_1.5_no.7
rochester,4.371428571428571,5.300578034682081,sabre,53Q_gate_Rochester_large_1_3_1.5_no.3
rochester,8.0,9.925,random,53Q_gate_Rochester_large_2_4_1.5_no.5
tokyo,1.511111111111111,1.8571428571428572,sa,20Q_gate_Tokyo_large_1_2_1.5_no.6
rochester,8.88135593220339,8.857692307692307,identity,53Q_gate_Rochester_small_2_15_1.5_no.0
tokyo,1.6734693877551021,2.0813953488372094,sa,20Q_gate_Tokyo_large_2_2_1.5_no.5
rochester,3.3076923076923075,4.8321167883211675,sabre,53Q_gate_Rochester_small_2_5_1.5_no.5
rochester,4.562962962962963,5.612284069097889,sabre,53Q_depth_Rochester_small_None_10_1.5_no.9
sycamore,4.529411764705882,5.915841584158416,random,53Q_gate_Sycamore_small_1_5_1.5_no.5
sycamore,2.3766233766233764,6.945945945945946,identity,53Q_gate_Sycamore_small_2_1_1.5_no.0
tokyo,2.380952380952381,2.5752895752895753,random,20Q_gate_Tokyo_large_1_10_1.5_no.4
sycamore,4.854166666666667,5.025510204081633,sa,53Q_gate_Sycamore_large_2_5_1.5_no.5
rochester,7.791208791208791,6.980728051391863,identity,53Q_gate_Rochester_small_1_25_1.5_no.8
tokyo,1.4788732394366197,2.9846153846153847,identity,20Q_gate_Tokyo_large_2_2_1.5_no.4
sycamore,4.051546391752577,4.403553299492386,sa,53Q_depth_Sycamore_small_None_4_1.5_no.4
rochester,7.166666666666667,10.992481203007518,identity,53Q_depth_Rochester_small_None_1_1.5_no.5
tokyo,2.6041666666666665,2.9603960396039604,identity,20Q_gate_Tokyo_large_2_3_1.5_no.1
sycamore,5.5,5.571830985915493,identity,53Q_gate_Sycamore_small_2_20_1.5_no.4
rochester,7.166666666666667,9.693877551020408,identity,53Q_gate_Rochester_small_1_4_1.5_no.1
sycamore,4.802469135802469,6.144444444444445,identity,53Q_gate_Sycamore_small_2_10_1.5_no.6
rochester,6.925373134328358,8.222641509433963,random,53Q_gate_Rochester_small_1_15_1.5_no.7
sycamore,3.4093264248704664,6.349753694581281,random,53Q_depth_Sycamore_small_None_4_2.55_no.2
sycamore,5.333333333333333,4.475471698113208,sa,53Q_gate_Sycamore_large_1_5_1.5_no.4
sycamore,2.7241379310344827,4.2709677419354835,sabre,53Q_gate_Sycamore_small_1_4_1.5_no.9
sycamore,5.75,4.969543147208122,random,53Q_gate_Sycamore_large_2_25_1.5_no.0
sycamore,5.8061224489795915,6.287769784172662,identity,53Q_gate_Sycamore_large_2_15_1.5_no.2
sycamore,4.0426229508196725,6.243589743589744,identity,53Q_depth_Sycamore_small_None_10_2.55_no.6
sycamore,5.068181818181818,4.746192893401015,identity,53Q_gate_Sycamore_large_2_25_1.5_no.0
rochester,6.607142857142857,13.185567010309278,identity,53Q_gate_Rochester_large_2_2_1.5_no.4
tokyo,1.7844827586206897,2.785425101214575,sabre,20Q_depth_Tokyo_large_None_5_2.55_no.3
tokyo,1.8562091503267975,2.6289592760180995,identity,20Q_gate_Tokyo_large_1_10_1.5_no.6
rochester,1.3898305084745763,6.104477611940299,sabre,53Q_gate_Rochester_small_1_1_1.5_no.5
sycamore,2.9338842975206614,4.73120728929385,sabre,53Q_depth_Sycamore_small_None_5_2.55_no.3
tokyo,1.0933333333333333,1.4382022471910112,sa,20Q_depth_Tokyo_large_None_1_1.5_no.1
sycamore,3.5714285714285716,7.654545454545454,random,53Q_gate_Sycamore_small_2_1_1.5_no.5
sycamore,1.7835051546391754,6.178947368421053,sa,53Q_gate_Sycamore_small_2_1_1.5_no.6
rochester,3.574074074074074,4.493827160493828,sa,53Q_gate_Rochester_small_1_10_1.5_no.2
sycamore,3.6226415094339623,5.565217391304348,sa,53Q_gate_Sycamore_small_1_3_1.5_no.2
tokyo,2.315068493150685,2.8,random,20Q_gate_Tokyo_large_2_5_1.5_no.6
sycamore,3.6303030303030304,5.293868921775899,sa,53Q_depth_Sycamore_large_None_5_1.5_no.9
sycamore,4.466666666666667,4.397849462365591,sabre,53Q_depth_Sycamore_large_None_3_2.55_no.2
sycamore,3.475862068965517,3.8729641693811074,sabre,53Q_gate_Sycamore_large_1_25_1.5_no.5
sycamore,4.970588235294118,6.046728971962617,sa,53Q_gate_Sycamore_small_1_1_1.5_no.7
rochester,7.615384615384615,9.723684210526315,random,53Q_gate_Rochester_large_1_3_1.5_no.2
sycamore,4.536585365853658,4.6909090909090905,sa,53Q_gate_Sycamore_small_2_3_1.5_no.3
sycamore,3.9415584415584415,6.162621359223301,random,53Q_gate_Sycamore_small_1_15_1.5_no.2
rochester,9.345454545454546,7.983606557377049,random,53Q_gate_Rochester_large_2_10_1.5_no.3
tokyo,2.0208333333333335,2.057142857142857,sabre,20Q_gate_Tokyo_large_2_3_1.5_no.5
tokyo,1.537037037037037,2.3676470588235294,sabre,20Q_gate_Tokyo_large_1_1_1.5_no.1
rochester,5.486486486486487,8.153846153846153,sa,53Q_gate_Rochester_large_1_2_1.5_no.3
rochester,4.029850746268656,4.140625,sabre,53Q_gate_Rochester_small_1_15_1.5_no.8
rochester,4.181818181818182,3.7267441860465116,sabre,53Q_gate_Rochester_large_2_25_1.5_no.4
rochester,9.115384615384615,9.42910447761194,identity,53Q_depth_Rochester_large_None_4_1.5_no.4
rochester,4.0,6.903225806451613,sa,53Q_gate_Rochester_small_2_0_1.5_no.3
sycamore,4.0476190476190474,4.494011976047904,sa,53Q_gate_Sycamore_large_2_15_1.5_no.1
tokyo,1.3942307692307692,2.4444444444444446,sabre,20Q_gate_Tokyo_large_1_3_1.5_no.4
tokyo,2.3448275862068964,2.0609756097560976,sabre,20Q_gate_Tokyo_large_2_1_1.5_no.0
sycamore,5.5,4.921259842519685,sa,53Q_depth_Sycamore_large_None_3_2.55_no.5
rochester,8.0,10.804878048780488,identity,53Q_gate_Rochester_large_1_2_1.5_no.2
sycamore,5.088235294117647,8.254545454545454,identity,53Q_gate_Sycamore_large_2_0_1.5_no.3
sycamore,7.204081632653061,6.328260869565217,identity,53Q_depth_Sycamore_large_None_5_1.5_no.5
tokyo,1.9137931034482758,2.277227722772277,sabre,20Q_gate_Tokyo_large_1_15_1.5_no.6
sycamore,5.530612244897959,6.95,identity,53Q_depth_Sycamore_large_None_1_1.5_no.8
tokyo,2.314814814814815,2.2815533980582523,sabre,20Q_depth_Tokyo_large_None_1_2.55_no.0
sycamore,3.6823104693140793,4.6855203619909505,sa,53Q_depth_Sycamore_large_None_10_2.55_no.6
rochester,4.657894736842105,6.15625,sa,53Q_gate_Rochester_small_1_4_1.5_no.6
sycamore,3.823529411764706,5.047337278106509,sa,53Q_gate_Sycamore_large_1_3_1.5_no.6
sycamore,3.7674418604651163,5.595744680851064,sa,53Q_gate_Sycamore_large_2_1_1.5_no.2
tokyo,1.6037735849056605,2.584,sabre,20Q_depth_Tokyo_large_None_2_1.5_no.1
sycamore,3.951219512195122,4.1420118343195265,sabre,53Q_gate_Sycamore_small_2_5_1.5_no.9
sycamore,5.275862068965517,5.907894736842105,random,53Q_gate_Sycamore_large_2_5_1.5_no.1
tokyo,2.186046511627907,3.310810810810811,identity,20Q_gate_Tokyo_large_1_2_1.5_no.1
rochester,2.7560975609756095,5.384615384615385,sabre,53Q_gate_Rochester_large_1_5_1.5_no.1
tokyo,2.2421875,2.650717703349282,random,20Q_gate_Tokyo_large_2_15_1.5_no.5
tokyo,2.1296928327645053,3.0687203791469195,identity,20Q_depth_Tokyo_large_None_10_1.5_no.9
sycamore,1.9803921568627452,4.903614457831325,sa,53Q_gate_Sycamore_large_2_3_1.5_no.7
rochester,5.5131578947368425,8.459821428571429,identity,53Q_gate_Rochester_small_1_10_1.5_no.9
tokyo,1.4423076923076923,3.0,identity,20Q_gate_Tokyo_large_1_3_1.5_no.4
sycamore,3.7941176470588234,5.267605633802817,sa,53Q_gate_Sycamore_large_1_1_1.5_no.3
rochester,3.696969696969697,7.267326732673268,sabre,53Q_gate_Rochester_small_2_3_1.5_no.7
sycamore,5.704545454545454,6.735294117647059,random,53Q_gate_Sycamore_small_1_3_1.5_no.7
sycamore,5.36231884057971,6.306772908366534,random,53Q_depth_Sycamore_large_None_2_1.5_no.1
rochester,3.6141732283464565,7.539792387543253,sa,53Q_depth_Rochester_small_None_5_2.55_no.9
sycamore,4.35251798561151,3.731003039513678,sa,53Q_gate_Sycamore_small_1_25_1.5_no.2
tokyo,2.149532710280374,2.265984654731458,sabre,20Q_gate_Tokyo_large_2_25_1.5_no.9
rochester,3.557142857142857,6.9405940594059405,sabre,53Q_depth_Rochester_small_None_3_1.5_no.8
rochester,8.0,8.526501766784452,identity,53Q_gate_Rochester_small_2_20_1.5_no.1
sycamore,4.688888888888889,6.78,identity,53Q_gate_Sycamore_large_2_3_1.5_no.4
tokyo,1.8671875,2.1339712918660285,sa,20Q_gate_Tokyo_large_2_15_1.5_no.5
tokyo,1.7076923076923076,3.1818181818181817,random,20Q_gate_Tokyo_large_1_1_1.5_no.3
rochester,6.413223140495868,4.690647482014389,sa,53Q_gate_Rochester_large_1_25_1.5_no.7
tokyo,2.2753623188405796,2.9714285714285715,random,20Q_depth_Tokyo_large_None_2_1.5_no.4
sycamore,3.1411042944785277,6.327205882352941,identity,53Q_depth_Sycamore_small_None_3_2.55_no.8
sycamore,6.571428571428571,7.846774193548387,random,53Q_gate_Sycamore_large_1_1_1.5_no.1
sycamore,4.60377358490566,7.402439024390244,random,53Q_depth_Sycamore_small_None_1_1.5_no.3
rochester,1.423728813559322,7.082191780821918,sabre,53Q_gate_Rochester_large_2_1_1.5_no.1
tokyo,1.5100671140939597,2.0714285714285716,sa,20Q_gate_Tokyo_large_1_10_1.5_no.9
sycamore,2.1298701298701297,7.36322869955157,random,53Q_depth_Sycamore_small_None_2_2.55_no.8
tokyo,1.4556962025316456,1.6328125,sabre,20Q_gate_Tokyo_large_1_5_1.5_no.6
sycamore,4.931818181818182,7.0,identity,53Q_gate_Sycamore_small_2_2_1.5_no.7
tokyo,1.380952380952381,1.9727722772277227,sa,20Q_depth_Tokyo_large_None_10_1.5_no.6
rochester,6.466666666666667,15.070422535211268,random,53Q_gate_Rochester_large_2_0_1.5_no.7
tokyo,1.791044776119403,2.0476190476190474,sabre,20Q_gate_Tokyo_large_2_5_1.5_no.7
sycamore,4.795454545454546,5.54054054054054,sa,53Q_gate_Sycamore_small_2_5_1.5_no.1
sycamore,2.0054945054945055,4.555555555555555,sabre,53Q_depth_Sycamore_large_None_2_2.55_no.3
tokyo,1.576086956521739,3.6625,random,20Q_depth_Tokyo_large_None_1_1.5_no.9
rochester,3.5789473684210527,5.967741935483871,sabre,53Q_gate_Rochester_small_2_3_1.5_no.9
tokyo,2.1685823754789273,2.864485981308411,identity,20Q_depth_Tokyo_large_None_10_1.5_no.7
sycamore,5.24,6.188775510204081,random,53Q_gate_Sycamore_small_1_3_1.5_no.9
sycamore,3.206896551724138,4.391304347826087,sa,53Q_gate_Sycamore_small_1_5_1.5_no.0
rochester,4.425925925925926,6.012820512820513,sa,53Q_gate_Rochester_small_2_15_1.5_no.3
sycamore,3.347670250896057,5.756793478260869,identity,53Q_depth_Sycamore_small_None_10_1.5_no.7
sycamore,2.606299212598425,6.733788395904437,random,53Q_depth_Sycamore_small_None_3_2.55_no.1
rochester,6.673076923076923,6.5476190476190474,sa,53Q_depth_Rochester_large_None_3_1.5_no.9
sycamore,4.339622641509434,4.15566037735849,sabre,53Q_gate_Sycamore_small_2_10_1.5_no.2
sycamore,3.1968911917098444,4.413793103448276,sabre,53Q_depth_Sycamore_small_None_4_2.55_no.2
tokyo,2.2542372881355934,2.6774193548387095,sabre,20Q_gate_Tokyo_large_1_4_1.5_no.2
tokyo,1.9878048780487805,3.64,identity,20Q_depth_Tokyo_large_None_1_1.5_no.8
rochester,4.029411764705882,6.717948717948718,sa,53Q_gate_Rochester_large_1_2_1.5_no.4
sycamore,3.088888888888889,6.813031161473088,random,53Q_depth_Sycamore_small_None_4_1.5_no.5
sycamore,4.900497512437811,5.842293906810036,random,53Q_depth_Sycamore_large_None_10_1.5_no.2
rochester,4.576923076923077,7.76595744680851,sa,53Q_gate_Rochester_small_2_0_1.5_no.4
sycamore,3.4096385542168677,4.477966101694915,sa,53Q_gate_Sycamore_large_2_10_1.5_no.2
rochester,5.36,6.072886297376093,sabre,53Q_depth_Rochester_large_None_5_2.55_no.0
rochester,5.571428571428571,7.563451776649746,random,53Q_gate_Rochester_large_2_5_1.5_no.1
tokyo,1.9852941176470589,2.53781512605042,sabre,20Q_gate_Tokyo_large_2_4_1.5_no.3
tokyo,1.856164383561644,2.4075829383886256,sabre,20Q_gate_Tokyo_large_1_10_1.5_no.5
sycamore,6.082089552238806,4.932496075353218,random,53Q_gate_Sycamore_large_1_20_1.5_no.3
sycamore,3.746606334841629,6.9071428571428575,identity,53Q_depth_Sycamore_small_None_5_2.55_no.2
sycamore,5.155555555555556,5.612903225806452,sa,53Q_depth_Sycamore_large_None_3_2.55_no.2
sycamore,3.061224489795918,4.682758620689655,sabre,53Q_depth_Sycamore_large_None_10_2.55_no.8
tokyo,2.024390243902439,2.369811320754717,sabre,20Q_depth_Tokyo_large_None_5_2.55_no.4
rochester,4.7936507936507935,6.3023255813953485,sabre,53Q_depth_Rochester_large_None_4_2.55_no.9
rochester,6.046511627906977,4.303643724696356,sabre,53Q_gate_Rochester_large_1_20_1.5_no.9
sycamore,2.765957446808511,5.859424920127796,identity,53Q_depth_Sycamore_large_None_3_2.55_no.1
rochester,8.674418604651162,7.637651821862348,random,53Q_gate_Rochester_large_1_20_1.5_no.9
rochester,5.866666666666666,6.0590909090909095,sa,53Q_gate_Rochester_small_1_10_1.5_no.5
tokyo,2.641509433962264,3.198019801980198,identity,20Q_depth_Tokyo_large_None_1_2.55_no.7
sycamore,5.093023255813954,5.310126582278481,sa,53Q_gate_Sycamore_small_2_4_1.5_no.5
rochester,4.264150943396227,5.269230769230769,sabre,53Q_gate_Rochester_small_2_10_1.5_no.5
tokyo,2.767857142857143,2.7837837837837838,random,20Q_gate_Tokyo_large_2_5_1.5_no.1
sycamore,4.529968454258675,5.966165413533835,random,53Q_depth_Sycamore_large_None_10_2.55_no.4
sycamore,2.7142857142857144,4.8924050632911396,sa,53Q_gate_Sycamore_small_1_4_1.5_no.4
tokyo,1.5478260869565217,3.0602409638554215,identity,20Q_depth_Tokyo_large_None_1_2.55_no.9
sycamore,4.279503105590062,5.427745664739884,identity,53Q_gate_Sycamore_small_1_25_1.5_no.3
sycamore,3.233695652173913,5.919395465994962,identity,53Q_gate_Sycamore_small_1_15_1.5_no.1
sycamore,3.975609756097561,5.090909090909091,sa,53Q_gate_Sycamore_large_1_2_1.5_no.2
sycamore,1.8717948717948718,4.896551724137931,sa,53Q_gate_Sycamore_large_2_0_1.5_no.6
tokyo,2.0,2.4625,random,20Q_gate_Tokyo_large_1_10_1.5_no.3
sycamore,2.7962962962962963,7.211764705882353,identity,53Q_gate_Sycamore_small_1_3_1.5_no.8
rochester,7.352941176470588,4.715421303656598,sabre,53Q_gate_Rochester_large_1_20_1.5_no.7
sycamore,1.7621621621621621,5.147651006711409,sa,53Q_depth_Sycamore_small_None_4_1.5_no.3
sycamore,3.6444444444444444,5.316546762589928,sa,53Q_gate_Sycamore_large_2_2_1.5_no.3
sycamore,3.433333333333333,5.047169811320755,sa,53Q_gate_Sycamore_large_1_0_1.5_no.7
sycamore,6.48051948051948,5.731428571428571,identity,53Q_gate_Sycamore_large_1_10_1.5_no.5
sycamore,3.6707317073170733,4.266871165644171,sabre,53Q_gate_Sycamore_small_1_10_1.5_no.7
sycamore,4.863636363636363,5.608695652173913,identity,53Q_gate_Sycamore_large_1_20_1.5_no.7
rochester,8.25,11.008849557522124,random,53Q_gate_Rochester_large_1_2_1.5_no.6
tokyo,2.8,3.535211267605634,random,20Q_gate_Tokyo_large_2_1_1.5_no.9
rochester,7.409836065573771,8.473118279569892,identity,53Q_depth_Rochester_large_None_5_1.5_no.6
rochester,9.1625,7.399515738498789,identity,53Q_gate_Rochester_large_1_15_1.5_no.2
sycamore,4.649122807017544,5.984848484848484,sa,53Q_depth_Sycamore_large_None_1_1.5_no.6
tokyo,3.697674418604651,3.074766355140187,identity,20Q_depth_Tokyo_large_None_1_1.5_no.6
rochester,6.04,5.69060773480663,sa,53Q_gate_Rochester_large_2_20_1.5_no.1
rochester,4.604651162790698,6.926108374384237,sa,53Q_depth_Rochester_small_None_3_1.5_no.3
sycamore,3.982456140350877,3.2231075697211153,sabre,53Q_gate_Sycamore_large_1_4_1.5_no.7
tokyo,1.3291139240506329,1.9873417721518987,sa,20Q_gate_Tokyo_large_1_3_1.5_no.2
sycamore,4.20066889632107,6.4277198211624444,random,53Q_depth_Sycamore_small_None_10_2.55_no.0
sycamore,3.220216606498195,4.152714932126697,sabre,53Q_depth_Sycamore_large_None_10_2.55_no.6
sycamore,3.4444444444444446,4.072463768115942,sabre,53Q_gate_Sycamore_large_1_5_1.5_no.2
sycamore,2.905982905982906,4.539634146341464,sabre,53Q_depth_Sycamore_large_None_4_1.5_no.1
tokyo,1.625,2.4257425742574257,sa,20Q_gate_Tokyo_large_2_3_1.5_no.1
sycamore,4.155555555555556,7.4186046511627906,random,53Q_gate_Sycamore_small_2_10_1.5_no.1
rochester,7.107142857142857,13.402439024390244,identity,53Q_gate_Rochester_large_2_0_1.5_no.9
rochester,4.488372093023256,5.881081081081081,sa,53Q_gate_Rochester_large_1_5_1.5_no.6
rochester,5.162790697674419,8.26206896551724,sa,53Q_depth_Rochester_large_None_1_2.55_no.8
sycamore,4.28125,5.0,sa,53Q_gate_Sycamore_small_1_1_1.5_no.8
rochester,8.063492063492063,10.051724137931034,identity,53Q_depth_Rochester_large_None_5_1.5_no.3
rochester,7.708333333333333,5.996282527881041,sabre,53Q_gate_Rochester_large_1_20_1.5_no.8
rochester,3.6,11.062992125984252,random,53Q_gate_Rochester_small_2_5_1.5_no.8
rochester,2.2637362637362637,7.454545454545454,sabre,53Q_depth_Rochester_small_None_1_2.55_no.8
rochester,4.651162790697675,4.769911504424779,sabre,53Q_gate_Rochester_small_2_10_1.5_no.4
sycamore,3.787878787878788,5.555555555555555,sa,53Q_gate_Sycamore_small_2_1_1.5_no.9
tokyo,1.7445255474452555,3.4074074074074074,identity,20Q_depth_Tokyo_large_None_1_2.55_no.6
sycamore,4.4495412844036695,6.434163701067615,random,53Q_depth_Sycamore_large_None_2_1.5_no.5
sycamore,3.0644257703081235,5.118898623279099,sabre,53Q_depth_Sycamore_large_None_10_2.55_no.9
tokyo,2.076923076923077,3.1272727272727274,identity,20Q_gate_Tokyo_large_2_1_1.5_no.8
sycamore,3.2845528455284554,7.3076923076923075,identity,53Q_gate_Sycamore_small_1_4_1.5_no.1
sycamore,6.241666666666666,5.03125,random,53Q_gate_Sycamore_large_1_20_1.5_no.2
sycamore,4.253521126760563,4.520900321543408,sa,53Q_gate_Sycamore_small_2_15_1.5_no.2
tokyo,2.1837837837837837,2.193548387096774,sabre,20Q_gate_Tokyo_large_1_15_1.5_no.9
sycamore,6.857142857142857,6.779411764705882,identity,53Q_depth_Sycamore_large_None_1_2.55_no.9
tokyo,3.0416666666666665,3.4174757281553396,random,20Q_gate_Tokyo_large_2_2_1.5_no.3
tokyo,2.484848484848485,2.576923076923077,identity,20Q_gate_Tokyo_large_2_2_1.5_no.7
tokyo,1.576086956521739,3.5125,identity,20Q_depth_Tokyo_large_None_1_1.5_no.9
rochester,7.282051282051282,6.793893129770993,identity,53Q_gate_Rochester_small_2_25_1.5_no.4
tokyo,2.489795918367347,3.3333333333333335,identity,20Q_gate_Tokyo_large_2_3_1.5_no.2
sycamore,2.5842391304347827,4.350985221674877,sabre,53Q_depth_Sycamore_large_None_10_2.55_no.7
sycamore,6.431818181818182,7.344262295081967,random,53Q_depth_Sycamore_small_None_1_1.5_no.7
tokyo,1.8709677419354838,3.0847457627118646,random,20Q_depth_Tokyo_large_None_2_1.5_no.2
sycamore,5.462962962962963,6.492753623188406,identity,53Q_gate_Sycamore_large_1_5_1.5_no.2
sycamore,3.4052287581699345,3.022972972972973,sabre,53Q_gate_Sycamore_large_1_25_1.5_no.6
sycamore,2.747826086956522,6.080188679245283,random,53Q_gate_Sycamore_small_2_10_1.5_no.0
sycamore,3.3375,7.310975609756097,identity,53Q_depth_Sycamore_small_None_1_1.5_no.8
rochester,4.440677966101695,9.21476510067114,identity,53Q_gate_Rochester_small_1_5_1.5_no.9
sycamore,2.5323741007194243,4.212464589235127,sabre,53Q_depth_Sycamore_large_None_4_1.5_no.0
sycamore,3.142857142857143,5.191637630662021,sa,53Q_depth_Sycamore_small_None_3_1.5_no.1
tokyo,1.382716049382716,1.6363636363636365,sa,20Q_gate_Tokyo_large_2_15_1.5_no.1
rochester,7.515151515151516,8.728971962616823,random,53Q_depth_Rochester_large_None_5_1.5_no.4
tokyo,1.7945205479452055,2.6492890995260665,identity,20Q_gate_Tokyo_large_1_10_1.5_no.5
rochester,5.892857142857143,12.352272727272727,random,53Q_gate_Rochester_large_2_0_1.5_no.3
tokyo,2.423076923076923,2.871287128712871,identity,20Q_depth_Tokyo_large_None_1_1.5_no.7
rochester,10.865384615384615,9.404761904761905,identity,53Q_depth_Rochester_large_None_3_1.5_no.9
rochester,4.048192771084337,11.6125,random,53Q_depth_Rochester_small_None_3_1.5_no.6
tokyo,2.2542372881355934,2.6601941747572817,identity,20Q_depth_Tokyo_large_None_1_2.55_no.8
rochester,6.394495412844036,5.9655172413793105,sabre,53Q_gate_Rochester_large_1_20_1.5_no.6
sycamore,4.551724137931035,6.632183908045977,random,53Q_depth_Sycamore_small_None_3_2.55_no.5
rochester,3.343137254901961,6.510769230769231,sabre,53Q_depth_Rochester_large_None_5_1.5_no.8
sycamore,4.372727272727273,5.2375,sa,53Q_depth_Sycamore_small_None_4_2.55_no.1
rochester,3.7941176470588234,6.621052631578947,sa,53Q_gate_Rochester_large_2_1_1.5_no.4
sycamore,4.275,3.8125,sa,53Q_gate_Sycamore_large_1_20_1.5_no.2
rochester,2.4477611940298507,6.964705882352941,sa,53Q_gate_Rochester_small_1_3_1.5_no.4
sycamore,4.351239669421488,6.006024096385542,random,53Q_depth_Sycamore_large_None_10_1.5_no.6
sycamore,3.0892857142857144,6.123076923076923,random,53Q_depth_Sycamore_small_None_4_1.5_no.1
rochester,6.82051282051282,11.474137931034482,identity,53Q_gate_Rochester_small_1_3_1.5_no.9
tokyo,2.8396946564885495,2.6441281138790034,sabre,20Q_depth_Tokyo_large_None_5_1.5_no.3
tokyo,1.5,1.6571428571428573,sa,20Q_gate_Tokyo_large_2_3_1.5_no.5
rochester,5.6938775510204085,6.708571428571428,sa,53Q_depth_Rochester_small_None_3_1.5_no.5
rochester,7.75,9.964071856287426,random,53Q_gate_Rochester_large_2_5_1.5_no.5
rochester,3.767605633802817,7.698630136986301,sabre,53Q_depth_Rochester_large_None_5_2.55_no.4
sycamore,3.142857142857143,7.737704918032787,identity,53Q_gate_Sycamore_small_2_1_1.5_no.1
tokyo,1.457142857142857,1.8928571428571428,sa,20Q_gate_Tokyo_large_1_3_1.5_no.6
tokyo,1.5754189944134078,2.4235294117647057,sabre,20Q_gate_Tokyo_large_2_20_1.5_no.5
rochester,3.2244897959183674,4.23936170212766,sabre,53Q_gate_Rochester_large_1_5_1.5_no.0
sycamore,6.021978021978022,5.172413793103448,sa,53Q_depth_Sycamore_large_None_4_2.55_no.9
rochester,6.269662921348314,5.090909090909091,sa,53Q_gate_Rochester_large_1_15_1.5_no.8
sycamore,5.709677419354839,5.427884615384615,identity,53Q_gate_Sycamore_small_2_20_1.5_no.5
sycamore,5.0,5.780373831775701,identity,53Q_gate_Sycamore_small_2_10_1.5_no.7
sycamore,5.224489795918367,6.559782608695652,random,53Q_gate_Sycamore_large_2_5_1.5_no.0
sycamore,5.081632653061225,6.0,random,53Q_gate_Sycamore_small_1_3_1.5_no.6
tokyo,2.081081081081081,2.783599088838269,identity,20Q_depth_Tokyo_large_None_10_1.5_no.8
rochester,3.710526315789474,4.6838235294117645,sabre,53Q_gate_Rochester_small_2_3_1.5_no.6
sycamore,6.01063829787234,6.449704142011834,identity,53Q_gate_Sycamore_large_2_15_1.5_no.3
sycamore,5.409836065573771,5.714285714285714,identity,53Q_gate_Sycamore_large_2_25_1.5_no.1
sycamore,4.027272727272727,5.844980940279543,random,53Q_depth_Sycamore_large_None_10_2.55_no.0
sycamore,2.6203703703703702,7.511764705882353,random,53Q_gate_Sycamore_small_1_3_1.5_no.8
sycamore,1.8024691358024691,5.081081081081081,sa,53Q_gate_Sycamore_small_2_2_1.5_no.8
rochester,4.275,7.634615384615385,sabre,53Q_gate_Rochester_small_2_3_1.5_no.8
tokyo,1.556547619047619,2.4702970297029703,identity,20Q_depth_Tokyo_large_None_10_1.5_no.6
sycamore,2.3878504672897196,4.882352941176471,sabre,53Q_depth_Sycamore_small_None_4_2.55_no.3
sycamore,5.953125,6.983050847457627,identity,53Q_depth_Sycamore_small_None_1_2.55_no.0
sycamore,3.6808510638297873,5.011627906976744,sabre,53Q_gate_Sycamore_large_2_4_1.5_no.1
sycamore,2.0425531914893615,5.417322834645669,sa,53Q_gate_Sycamore_small_1_2_1.5_no.9
sycamore,4.1,4.1291866028708135,sabre,53Q_depth_Sycamore_large_None_2_2.55_no.2
rochester,9.466666666666667,11.731707317073171,random,53Q_gate_Rochester_large_1_2_1.5_no.2
sycamore,2.3535353535353534,4.718562874251497,sabre,53Q_gate_Sycamore_large_2_5_1.5_no.4
tokyo,2.1272727272727274,3.0,random,20Q_gate_Tokyo_large_1_2_1.5_no.9
tokyo,2.1030534351145036,2.699300699300699,identity,20Q_gate_Tokyo_large_1_20_1.5_no.8
sycamore,4.025,3.709507042253521,sabre,53Q_gate_Sycamore_large_2_25_1.5_no.3
rochester,6.264367816091954,7.387387387387387,random,53Q_gate_Rochester_small_2_25_1.5_no.9
rochester,6.310344827586207,7.416666666666667,sabre,53Q_gate_Rochester_large_2_1_1.5_no.0
sycamore,5.277777777777778,8.358490566037736,identity,53Q_gate_Sycamore_large_2_0_1.5_no.2
sycamore,4.086826347305389,5.881594372801875,random,53Q_depth_Sycamore_small_None_10_2.55_no.4
sycamore,4.410256410256411,7.026785714285714,random,53Q_gate_Sycamore_large_1_1_1.5_no.0
tokyo,2.090909090909091,2.7413793103448274,identity,20Q_gate_Tokyo_large_2_10_1.5_no.0
rochester,5.0344827586206895,7.891608391608392,identity,53Q_gate_Rochester_large_1_10_1.5_no.7
sycamore,4.711864406779661,6.831460674157303,random,53Q_depth_Sycamore_large_None_1_2.55_no.3
sycamore,4.7272727272727275,5.901785714285714,sa,53Q_gate_Sycamore_large_1_0_1.5_no.8
tokyo,1.278688524590164,1.528301886792453,sa,20Q_gate_Tokyo_large_1_15_1.5_no.8
sycamore,5.057377049180328,5.123552123552123,random,53Q_gate_Sycamore_large_2_25_1.5_no.1
sycamore,3.6857142857142855,6.365384615384615,sa,53Q_gate_Sycamore_large_2_0_1.5_no.9
rochester,2.542372881355932,14.10958904109589,identity,53Q_gate_Rochester_large_2_1_1.5_no.1
rochester,4.666666666666667,11.266932270916335,identity,53Q_depth_Rochester_large_None_4_1.5_no.1
rochester,4.679245283018868,5.228346456692913,sa,53Q_gate_Rochester_large_2_10_1.5_no.9
rochester,5.102564102564102,4.947368421052632,sabre,53Q_gate_Rochester_large_1_3_1.5_no.2
rochester,6.709677419354839,13.681818181818182,identity,53Q_gate_Rochester_large_1_1_1.5_no.7
sycamore,3.033333333333333,6.552631578947368,random,53Q_depth_Sycamore_large_None_3_1.5_no.1
sycamore,6.333333333333333,6.7272727272727275,random,53Q_gate_Sycamore_large_2_3_1.5_no.2
rochester,4.674418604651163,6.8125,sabre,53Q_depth_Rochester_small_None_2_1.5_no.8
sycamore,2.489795918367347,5.269230769230769,sa,53Q_depth_Sycamore_small_None_3_1.5_no.6
sycamore,4.383333333333334,6.456140350877193,random,53Q_gate_Sycamore_small_1_5_1.5_no.4
rochester,6.34375,8.175510204081633,random,53Q_gate_Rochester_large_2_15_1.5_no.1
tokyo,1.7708333333333333,2.8230769230769233,random,20Q_depth_Tokyo_large_None_2_1.5_no.3
rochester,2.45,5.169117647058823,sabre,53Q_gate_Rochester_small_2_5_1.5_no.4
rochester,1.8644067796610169,5.8076923076923075,sa,53Q_gate_Rochester_large_1_1_1.5_no.9
rochester,3.91044776119403,5.007547169811321,sabre,53Q_gate_Rochester_small_1_15_1.5_no.7
sycamore,6.702702702702703,7.485915492957746,identity,53Q_gate_Sycamore_large_2_3_1.5_no.5
rochester,3.763157894736842,7.290322580645161,sa,53Q_gate_Rochester_small_2_3_1.5_no.9
sycamore,5.0,4.735099337748345,sabre,53Q_gate_Sycamore_small_1_10_1.5_no.4
rochester,8.482456140350877,7.33596214511041,identity,53Q_gate_Rochester_large_1_25_1.5_no.6
sycamore,2.811111111111111,4.544186046511628,sa,53Q_gate_Sycamore_small_2_10_1.5_no.1
rochester,4.546875,5.332129963898917,sabre,53Q_gate_Rochester_small_1_15_1.5_no.9
tokyo,1.4788732394366197,3.076923076923077,random,20Q_gate_Tokyo_large_2_2_1.5_no.4
rochester,6.4411764705882355,11.39090909090909,identity,53Q_depth_Rochester_small_None_1_1.5_no.0
rochester,5.0,5.587301587301587,sabre,53Q_depth_Rochester_large_None_2_2.55_no.7
rochester,7.642857142857143,11.906542056074766,random,53Q_gate_Rochester_large_2_1_1.5_no.7
rochester,6.731182795698925,5.879828326180258,sabre,53Q_gate_Rochester_large_2_25_1.5_no.5
sycamore,2.3263157894736843,7.699029126213592,identity,53Q_gate_Sycamore_small_2_2_1.5_no.6
sycamore,3.849056603773585,3.9066666666666667,sabre,53Q_gate_Sycamore_large_1_4_1.5_no.4
rochester,8.511111111111111,7.968181818181818,random,53Q_gate_Rochester_small_1_10_1.5_no.5
rochester,7.695364238410596,9.159784560143626,identity,53Q_depth_Rochester_large_None_10_2.55_no.6
sycamore,3.188888888888889,5.410179640718563,sabre,53Q_depth_Sycamore_large_None_3_2.55_no.3
rochester,2.4390243902439024,5.335164835164835,sa,53Q_gate_Rochester_large_1_5_1.5_no.1
sycamore,2.353448275862069,3.8309859154929575,sabre,53Q_gate_Sycamore_large_1_5_1.5_no.1
sycamore,7.061728395061729,6.828025477707007,random,53Q_gate_Sycamore_small_1_15_1.5_no.3
rochester,2.8412698412698414,6.973214285714286,sa,53Q_depth_Rochester_large_None_1_2.55_no.9
sycamore,3.088235294117647,7.575757575757576,identity,53Q_depth_Sycamore_small_None_3_1.5_no.5
rochester,5.024844720496894,8.621794871794872,identity,53Q_depth_Rochester_small_None_10_1.5_no.2
tokyo,1.1192660550458715,1.2181818181818183,sa,20Q_gate_Tokyo_large_2_10_1.5_no.4
sycamore,4.975,6.8604651162790695,random,53Q_gate_Sycamore_small_2_1_1.5_no.4
sycamore,2.2171945701357467,4.464285714285714,sabre,53Q_depth_Sycamore_small_None_5_2.55_no.2
rochester,4.466666666666667,4.482142857142857,sabre,53Q_gate_Rochester_small_1_1_1.5_no.4
tokyo,2.183333333333333,2.9315068493150687,identity,20Q_gate_Tokyo_large_1_2_1.5_no.2
tokyo,1.9879518072289157,3.0943396226415096,identity,20Q_gate_Tokyo_large_1_3_1.5_no.7
rochester,4.704545454545454,14.4,identity,53Q_gate_Rochester_small_2_1_1.5_no.2
sycamore,2.9588477366255144,6.595289079229122,random,53Q_depth_Sycamore_small_None_5_1.5_no.5
rochester,7.037735849056604,8.975961538461538,identity,53Q_gate_Rochester_small_2_10_1.5_no.5
tokyo,1.5416666666666667,2.3947368421052633,sabre,20Q_gate_Tokyo_large_2_5_1.5_no.8
tokyo,2.1136363636363638,3.0217391304347827,identity,20Q_gate_Tokyo_large_1_0_1.5_no.8
rochester,8.1875,10.53956834532374,random,53Q_gate_Rochester_large_2_4_1.5_no.1
tokyo,1.4635922330097086,1.9875,sa,20Q_depth_Tokyo_large_None_10_2.55_no.2
tokyo,2.358974358974359,2.188679245283019,sabre,20Q_gate_Tokyo_large_1_5_1.5_no.9
rochester,7.543689320388349,8.467532467532468,identity,53Q_depth_Rochester_large_None_10_1.5_no.9
rochester,5.98936170212766,8.46979865771812,random,53Q_gate_Rochester_small_1_15_1.5_no.3
rochester,6.2,10.883928571428571,identity,53Q_gate_Rochester_small_1_1_1.5_no.4
sycamore,4.863013698630137,6.478947368421053,random,53Q_depth_Sycamore_small_None_4_2.55_no.6
sycamore,3.1604938271604937,6.203426124197002,identity,53Q_depth_Sycamore_small_None_5_1.5_no.5
sycamore,5.892086330935252,5.048632218844984,identity,53Q_gate_Sycamore_small_1_25_1.5_no.2
sycamore,4.358974358974359,4.699386503067485,sa,53Q_gate_Sycamore_large_2_3_1.5_no.8
sycamore,5.5,5.133858267716535,identity,53Q_gate_Sycamore_small_1_15_1.5_no.0
sycamore,3.8333333333333335,5.21875,sabre,53Q_depth_Sycamore_large_None_2_1.5_no.2
sycamore,4.56,5.913265306122449,identity,53Q_gate_Sycamore_small_1_3_1.5_no.9
sycamore,6.91764705882353,5.579787234042553,identity,53Q_gate_Sycamore_large_1_10_1.5_no.4
sycamore,5.588709677419355,4.646677471636953,identity,53Q_gate_Sycamore_large_1_20_1.5_no.6
rochester,6.71875,10.71311475409836,random,53Q_gate_Rochester_large_1_3_1.5_no.6
sycamore,3.6458333333333335,5.173913043478261,sa,53Q_gate_Sycamore_large_1_3_1.5_no.9
rochester,5.071428571428571,7.174757281553398,sa,53Q_gate_Rochester_large_2_1_1.5_no.3
rochester,7.592592592592593,7.850202429149798,random,53Q_gate_Rochester_large_2_10_1.5_no.7
sycamore,4.034246575342466,5.397368421052631,sa,53Q_depth_Sycamore_small_None_4_2.55_no.6
tokyo,1.814102564102564,2.482490272373541,sabre,20Q_depth_Tokyo_large_None_5_1.5_no.4
sycamore,3.7739726027397262,4.044334975369458,sa,53Q_gate_Sycamore_large_1_25_1.5_no.1
rochester,3.341463414634146,6.816326530612245,sa,53Q_gate_Rochester_small_1_3_1.5_no.3
sycamore,3.1444444444444444,4.627906976744186,sabre,53Q_gate_Sycamore_small_2_10_1.5_no.1
tokyo,2.475,1.9767441860465116,sa,20Q_gate_Tokyo_large_2_2_1.5_no.1
tokyo,1.7,2.277027027027027,sabre,20Q_depth_Tokyo_large_None_2_2.55_no.8
tokyo,1.5833333333333333,2.0273972602739727,sa,20Q_gate_Tokyo_large_1_2_1.5_no.2
tokyo,2.017467248908297,2.465473145780051,sabre,20Q_gate_Tokyo_large_2_25_1.5_no.6
sycamore,3.75,3.7871853546910756,sabre,53Q_gate_Sycamore_small_1_20_1.5_no.9
rochester,5.115384615384615,7.810344827586207,sa,53Q_depth_Rochester_small_None_3_1.5_no.4
rochester,2.7375,7.180451127819549,sabre,53Q_depth_Rochester_small_None_2_2.55_no.4
rochester,5.3561643835616435,5.578034682080925,sa,53Q_gate_Rochester_small_2_20_1.5_no.2
sycamore,1.7608695652173914,4.837209302325581,sabre,53Q_depth_Sycamore_large_None_1_2.55_no.1
tokyo,1.6666666666666667,1.8734177215189873,sa,20Q_gate_Tokyo_large_2_20_1.5_no.3
rochester,5.904761904761905,9.46,identity,53Q_gate_Rochester_large_2_5_1.5_no.4
sycamore,4.239130434782608,5.061224489795919,sa,53Q_depth_Sycamore_small_None_5_2.55_no.4
rochester,4.0,7.297520661157025,sabre,53Q_depth_Rochester_small_None_1_1.5_no.4
rochester,7.644736842105263,6.727941176470588,identity,53Q_gate_Rochester_large_2_20_1.5_no.7
tokyo,1.816,2.8313953488372094,identity,20Q_depth_Tokyo_large_None_3_1.5_no.8
sycamore,4.3561643835616435,7.320754716981132,identity,53Q_depth_Sycamore_small_None_1_2.55_no.8
sycamore,4.411764705882353,7.634615384615385,identity,53Q_gate_Sycamore_small_2_0_1.5_no.3
tokyo,1.5323741007194245,1.8691588785046729,sa,20Q_depth_Tokyo_large_None_4_1.5_no.4
rochester,4.341176470588235,9.61340206185567,random,53Q_gate_Rochester_small_2_10_1.5_no.3
sycamore,3.8807339449541285,6.967971530249111,identity,53Q_depth_Sycamore_large_None_2_1.5_no.5
rochester,8.181818181818182,9.7,identity,53Q_gate_Rochester_large_1_5_1.5_no.2
sycamore,4.7227722772277225,5.341085271317829,identity,53Q_gate_Sycamore_small_2_25_1.5_no.8
rochester,3.4516129032258065,7.3478260869565215,sa,53Q_gate_Rochester_large_2_0_1.5_no.2
rochester,4.138888888888889,6.817391304347826,sa,53Q_gate_Rochester_small_1_2_1.5_no.2
tokyo,1.319277108433735,1.8571428571428572,sabre,20Q_depth_Tokyo_large_None_4_1.5_no.5
sycamore,3.656716417910448,4.444444444444445,sa,53Q_depth_Sycamore_large_None_10_1.5_no.2
sycamore,5.361111111111111,5.532374100719425,sabre,53Q_gate_Sycamore_large_2_1_1.5_no.4
rochester,5.592592592592593,7.832460732984293,sa,53Q_depth_Rochester_small_None_3_1.5_no.7
rochester,5.688524590163935,5.426934097421204,sa,53Q_gate_Rochester_large_1_10_1.5_no.6
rochester,2.7205882352941178,7.4825174825174825,sabre,53Q_depth_Rochester_large_None_2_1.5_no.6
sycamore,2.888888888888889,4.166666666666667,sabre,53Q_gate_Sycamore_large_2_0_1.5_no.1
sycamore,2.1616161616161618,6.822033898305085,identity,53Q_gate_Sycamore_large_2_1_1.5_no.0
tokyo,2.7472527472527473,3.094059405940594,identity,20Q_depth_Tokyo_large_None_3_1.5_no.6
rochester,4.362068965517241,16.1,random,53Q_gate_Rochester_small_1_0_1.5_no.7
sycamore,5.84375,7.440677966101695,random,53Q_depth_Sycamore_small_None_1_2.55_no.0
rochester,6.151515151515151,11.722772277227723,identity,53Q_gate_Rochester_small_2_3_1.5_no.7
rochester,7.545454545454546,10.58974358974359,identity,53Q_gate_Rochester_small_1_3_1.5_no.1
tokyo,2.0,2.7942583732057416,identity,20Q_gate_Tokyo_large_2_15_1.5_no.5
tokyo,2.479768786127168,2.9966555183946486,random,20Q_gate_Tokyo_large_2_20_1.5_no.4
sycamore,3.8870967741935485,4.161434977578475,sabre,53Q_gate_Sycamore_large_2_20_1.5_no.6
sycamore,4.378378378378378,4.496551724137931,sa,53Q_gate_Sycamore_small_2_25_1.5_no.7
rochester,9.472972972972974,7.5365239294710324,random,53Q_gate_Rochester_large_1_15_1.5_no.7
tokyo,2.2916666666666665,2.742857142857143,random,20Q_gate_Tokyo_large_2_3_1.5_no.5
sycamore,5.341463414634147,6.34319526627219,random,53Q_gate_Sycamore_small_2_5_1.5_no.9
sycamore,4.32258064516129,5.417582417582418,sa,53Q_depth_Sycamore_large_None_1_2.55_no.8
rochester,3.4237288135593222,5.671140939597316,sabre,53Q_gate_Rochester_small_1_5_1.5_no.9
sycamore,3.3763440860215055,5.438524590163935,sabre,53Q_depth_Sycamore_small_None_2_1.5_no.8
tokyo,2.3529411764705883,3.231404958677686,random,20Q_depth_Tokyo_large_None_2_1.5_no.0
sycamore,5.105263157894737,6.396648044692737,identity,53Q_gate_Sycamore_small_1_5_1.5_no.3
sycamore,3.272727272727273,5.272108843537415,random,53Q_gate_Sycamore_small_2_20_1.5_no.3
rochester,4.318840579710145,4.859756097560975,sa,53Q_gate_Rochester_large_2_15_1.5_no.0
rochester,3.8153846153846156,10.722627737226277,random,53Q_gate_Rochester_small_1_5_1.5_no.1
rochester,5.109756097560975,7.718446601941747,sa,53Q_depth_Rochester_large_None_5_2.55_no.8
rochester,7.024390243902439,11.894736842105264,identity,53Q_gate_Rochester_small_2_5_1.5_no.7
rochester,3.8153846153846156,4.302013422818792,sabre,53Q_gate_Rochester_large_1_10_1.5_no.5
sycamore,5.241379310344827,7.333333333333333,identity,53Q_depth_Sycamore_small_None_1_1.5_no.0
sycamore,4.68,4.642857142857143,sabre,53Q_gate_Sycamore_small_1_3_1.5_no.5
sycamore,4.34375,5.627118644067797,sa,53Q_depth_Sycamore_small_None_1_2.55_no.0
rochester,3.523076923076923,9.86861313868613,identity,53Q_gate_Rochester_small_1_5_1.5_no.1
sycamore,3.189189189189189,4.393103448275862,sabre,53Q_gate_Sycamore_small_1_2_1.5_no.0
rochester,4.390625,5.898876404494382,sabre,53Q_gate_Rochester_small_2_20_1.5_no.9
rochester,4.027777777777778,6.761904761904762,sa,53Q_gate_Rochester_large_1_4_1.5_no.0
tokyo,1.4166666666666667,2.5789473684210527,identity,20Q_gate_Tokyo_large_2_5_1.5_no.8
rochester,5.925373134328358,7.891608391608392,random,53Q_gate_Rochester_large_1_10_1.5_no.1
tokyo,2.040372670807453,2.449056603773585,random,20Q_gate_Tokyo_large_1_25_1.5_no.2
sycamore,6.647058823529412,7.757009345794392,random,53Q_gate_Sycamore_small_1_1_1.5_no.7
tokyo,1.841025641025641,2.9808612440191387,random,20Q_depth_Tokyo_large_None_4_2.55_no.8
tokyo,1.528205128205128,2.3779904306220097,sa,20Q_depth_Tokyo_large_None_4_2.55_no.8
rochester,4.344827586206897,6.651162790697675,sabre,53Q_gate_Rochester_small_2_1_1.5_no.7
sycamore,2.776758409785933,4.2811296534017975,sa,53Q_depth_Sycamore_small_None_10_2.55_no.1
rochester,3.1927710843373496,11.794871794871796,identity,53Q_depth_Rochester_small_None_2_1.5_no.7
tokyo,2.1470588235294117,2.7777777777777777,identity,20Q_depth_Tokyo_large_None_2_2.55_no.5
rochester,3.597560975609756,3.6871657754010694,sabre,53Q_gate_Rochester_small_2_20_1.5_no.7
sycamore,2.260869565217391,7.674418604651163,identity,53Q_depth_Sycamore_large_None_1_2.55_no.1
tokyo,1.797979797979798,1.793103448275862,sabre,20Q_gate_Tokyo_large_2_10_1.5_no.0
tokyo,1.72,2.1638795986622075,identity,20Q_gate_Tokyo_large_1_15_1.5_no.0
rochester,5.883720930232558,12.454545454545455,random,53Q_depth_Rochester_small_None_2_1.5_no.4
rochester,9.575757575757576,10.49056603773585,identity,53Q_gate_Rochester_large_2_3_1.5_no.4
rochester,3.8840579710144927,16.070588235294117,random,53Q_gate_Rochester_small_2_2_1.5_no.6
sycamore,5.119047619047619,7.558139534883721,random,53Q_gate_Sycamore_small_1_1_1.5_no.9
sycamore,3.8078602620087336,4.371061843640606,sabre,53Q_depth_Sycamore_large_None_10_1.5_no.1
rochester,3.433333333333333,4.925531914893617,sabre,53Q_gate_Rochester_small_2_1_1.5_no.9
tokyo,1.9811320754716981,2.670769230769231,identity,20Q_gate_Tokyo_large_2_25_1.5_no.8
sycamore,3.328358208955224,3.001569858712716,sabre,53Q_gate_Sycamore_large_1_20_1.5_no.3
rochester,4.47,3.883116883116883,sa,53Q_gate_Rochester_small_1_25_1.5_no.4
rochester,5.754601226993865,8.795131845841786,random,53Q_depth_Rochester_small_None_10_2.55_no.5
sycamore,4.486111111111111,3.973293768545994,sa,53Q_gate_Sycamore_large_1_10_1.5_no.7
rochester,5.675675675675675,5.409395973154362,sabre,53Q_gate_Rochester_large_2_3_1.5_no.1
sycamore,3.2747252747252746,4.853448275862069,sabre,53Q_depth_Sycamore_small_None_2_1.5_no.6
sycamore,5.8979591836734695,6.926108374384237,random,53Q_gate_Sycamore_large_1_3_1.5_no.1
rochester,4.235294117647059,8.442307692307692,sa,53Q_gate_Rochester_large_1_0_1.5_no.8
rochester,7.80327868852459,10.394736842105264,random,53Q_depth_Rochester_large_None_4_1.5_no.6
rochester,5.065573770491803,6.075,sabre,53Q_depth_Rochester_small_None_4_1.5_no.2
rochester,6.885714285714286,8.061224489795919,sa,53Q_gate_Rochester_small_2_2_1.5_no.8
sycamore,4.28,6.315436241610739,random,53Q_gate_Sycamore_small_2_5_1.5_no.7
sycamore,2.4275092936802976,5.817955112219451,random,53Q_depth_Sycamore_large_None_4_2.55_no.5
rochester,6.28,6.680412371134021,identity,53Q_gate_Rochester_small_1_15_1.5_no.4
rochester,2.8641975308641974,5.584905660377358,sabre,53Q_gate_Rochester_small_1_5_1.5_no.7
sycamore,5.701492537313433,5.386885245901639,random,53Q_gate_Sycamore_large_1_10_1.5_no.1
sycamore,4.559726962457338,6.11231884057971,identity,53Q_depth_Sycamore_large_None_10_2.55_no.3
sycamore,6.71578947368421,6.780141843971631,identity,53Q_depth_Sycamore_large_None_4_1.5_no.5
sycamore,2.770642201834862,7.047120418848167,identity,53Q_gate_Sycamore_large_1_4_1.5_no.0
rochester,7.769230769230769,9.348684210526315,identity,53Q_gate_Rochester_large_1_3_1.5_no.2
rochester,7.253521126760563,7.286184210526316,random,53Q_gate_Rochester_small_2_15_1.5_no.5
sycamore,3.8142857142857145,5.2153284671532845,sa,53Q_depth_Sycamore_small_None_2_1.5_no.7
rochester,6.323529411764706,13.23076923076923,random,53Q_depth_Rochester_small_None_1_1.5_no.3
tokyo,1.9866666666666666,2.8333333333333335,identity,20Q_gate_Tokyo_large_1_4_1.5_no.8
sycamore,4.867924528301887,4.711627906976744,sa,53Q_gate_Sycamore_large_2_20_1.5_no.8
tokyo,2.1412429378531073,2.7373417721518987,random,20Q_gate_Tokyo_large_2_20_1.5_no.3
rochester,6.073529411764706,10.865384615384615,identity,53Q_depth_Rochester_large_None_3_2.55_no.7
rochester,3.2884615384615383,11.207317073170731,identity,53Q_depth_Rochester_large_None_2_2.55_no.0
sycamore,2.7333333333333334,7.320754716981132,identity,53Q_gate_Sycamore_large_1_3_1.5_no.8
sycamore,5.325581395348837,5.5,sabre,53Q_gate_Sycamore_small_2_3_1.5_no.0
rochester,7.09375,9.475524475524475,random,53Q_gate_Rochester_large_1_4_1.5_no.8
sycamore,3.769230769230769,4.616901408450704,sa,53Q_gate_Sycamore_small_2_20_1.5_no.4
sycamore,4.3428571428571425,4.762711864406779,sabre,53Q_gate_Sycamore_small_2_2_1.5_no.5
sycamore,3.218855218855219,4.518324607329843,sabre,53Q_depth_Sycamore_small_None_10_2.55_no.2
rochester,5.313432835820896,5.951048951048951,sa,53Q_gate_Rochester_large_1_10_1.5_no.1
rochester,5.362745098039215,11.095890410958905,identity,53Q_depth_Rochester_small_None_4_2.55_no.8
sycamore,6.932584269662922,6.601156069364162,random,53Q_depth_Sycamore_large_None_3_2.55_no.6
rochester,2.8072289156626504,7.5625,sa,53Q_depth_Rochester_small_None_3_1.5_no.6
sycamore,4.382978723404255,7.470149253731344,random,53Q_depth_Sycamore_large_None_1_1.5_no.9
tokyo,1.2270742358078603,1.4450127877237853,sa,20Q_gate_Tokyo_large_2_25_1.5_no.6
rochester,6.133333333333334,8.02061855670103,sabre,53Q_gate_Rochester_large_1_1_1.5_no.3
sycamore,5.102564102564102,6.9763779527559056,random,53Q_gate_Sycamore_large_2_1_1.5_no.3
tokyo,1.8169014084507042,3.1157894736842104,random,20Q_gate_Tokyo_large_1_3_1.5_no.8
rochester,4.8138297872340425,8.456953642384105,identity,53Q_depth_Rochester_small_None_10_2.55_no.1
rochester,4.6,5.0701754385964914,sabre,53Q_depth_Rochester_large_None_3_1.5_no.2
tokyo,1.2597402597402598,1.5888888888888888,sa,20Q_depth_Tokyo_large_None_5_1.5_no.5
sycamore,5.485714285714286,5.06841046277666,identity,53Q_gate_Sycamore_large_1_15_1.5_no.9
rochester,2.514705882352941,13.923076923076923,random,53Q_gate_Rochester_small_1_1_1.5_no.3
rochester,3.9285714285714284,8.555555555555555,sa,53Q_gate_Rochester_large_2_0_1.5_no.5
rochester,7.771084337349397,7.096774193548387,identity,53Q_gate_Rochester_small_1_20_1.5_no.5
sycamore,3.4043478260869566,4.4994413407821225,sa,53Q_depth_Sycamore_large_None_10_1.5_no.5
tokyo,1.7257142857142858,2.5217391304347827,sabre,20Q_depth_Tokyo_large_None_4_1.5_no.2
rochester,3.5555555555555554,6.746153846153846,sa,53Q_gate_Rochester_small_1_2_1.5_no.5
rochester,5.858974358974359,5.6789772727272725,sa,53Q_gate_Rochester_small_2_20_1.5_no.5
rochester,4.5,4.241206030150754,sabre,53Q_gate_Rochester_large_2_5_1.5_no.3
sycamore,6.3090909090909095,6.509090909090909,random,53Q_gate_Sycamore_large_1_5_1.5_no.3
sycamore,5.0,4.982233502538071,sabre,53Q_depth_Sycamore_small_None_4_1.5_no.4
sycamore,2.37603305785124,4.676537585421412,sa,53Q_depth_Sycamore_small_None_5_2.55_no.3
sycamore,3.64,7.238095238095238,random,53Q_gate_Sycamore_small_2_3_1.5_no.5
rochester,4.911764705882353,5.3474576271186445,sabre,53Q_gate_Rochester_small_1_3_1.5_no.5
rochester,6.784090909090909,7.4063205417607225,random,53Q_gate_Rochester_small_1_20_1.5_no.9
rochester,7.0227272727272725,10.778625954198473,identity,53Q_depth_Rochester_small_None_1_2.55_no.3
tokyo,1.4675925925925926,3.1456953642384105,identity,20Q_depth_Tokyo_large_None_3_2.55_no.4
sycamore,2.6619718309859155,4.0606060606060606,sabre,53Q_gate_Sycamore_small_2_15_1.5_no.4
rochester,4.525,4.25531914893617,sabre,53Q_gate_Rochester_large_2_15_1.5_no.6
sycamore,5.175,6.340909090909091,identity,53Q_gate_Sycamore_large_2_2_1.5_no.7
tokyo,1.1111111111111112,1.6,sa,20Q_depth_Tokyo_large_None_1_2.55_no.5
rochester,5.2745098039215685,10.022727272727273,random,53Q_gate_Rochester_small_1_4_1.5_no.5
sycamore,5.462686567164179,5.769230769230769,sa,53Q_depth_Sycamore_small_None_2_1.5_no.0
rochester,8.025,8.495440729483283,identity,53Q_gate_Rochester_large_2_15_1.5_no.6
rochester,8.232558139534884,11.820689655172414,identity,53Q_depth_Rochester_large_None_1_2.55_no.8
tokyo,1.6829268292682926,2.4057971014492754,sabre,20Q_gate_Tokyo_large_2_15_1.5_no.3
sycamore,3.967032967032967,4.104956268221574,sa,53Q_gate_Sycamore_small_1_15_1.5_no.8
sycamore,5.185714285714286,5.172117039586919,random,53Q_gate_Sycamore_small_1_25_1.5_no.0
tokyo,2.0,2.0,sa,20Q_gate_Tokyo_large_2_0_1.5_no.8
sycamore,3.9322033898305087,3.7135135135135133,sa,53Q_gate_Sycamore_large_1_15_1.5_no.4
rochester,7.258064516129032,5.1381578947368425,sa,53Q_gate_Rochester_small_1_25_1.5_no.3
sycamore,4.073770491803279,4.198630136986301,sabre,53Q_gate_Sycamore_small_2_25_1.5_no.9
sycamore,4.690140845070423,5.459893048128342,sa,53Q_depth_Sycamore_small_None_1_2.55_no.7
rochester,4.814159292035399,7.422818791946309,sabre,53Q_depth_Rochester_small_None_5_2.55_no.7
rochester,8.157142857142857,9.729323308270677,identity,53Q_depth_Rochester_large_None_4_2.55_no.3
rochester,5.147887323943662,9.886986301369863,identity,53Q_depth_Rochester_large_None_5_2.55_no.4
tokyo,2.2243589743589745,2.6459143968871595,identity,20Q_depth_Tokyo_large_None_5_1.5_no.4
rochester,6.530612244897959,8.868571428571428,identity,53Q_depth_Rochester_small_None_3_1.5_no.5
tokyo,1.471311475409836,3.0710659898477157,random,20Q_depth_Tokyo_large_None_4_2.55_no.9
sycamore,6.653061224489796,5.899280575539568,random,53Q_gate_Sycamore_large_2_15_1.5_no.2
sycamore,2.005434782608696,3.3198992443324937,sabre,53Q_gate_Sycamore_small_1_15_1.5_no.1
tokyo,1.6996805111821087,1.933453237410072,random,20Q_gate_Tokyo_large_1_25_1.5_no.5
sycamore,3.775,5.958709677419355,random,53Q_depth_Sycamore_small_None_10_1.5_no.5
rochester,2.4935064935064934,6.804878048780488,sa,53Q_gate_Rochester_large_1_4_1.5_no.7
rochester,5.945945945945946,11.3125,random,53Q_gate_Rochester_small_2_3_1.5_no.2
sycamore,2.839344262295082,4.52991452991453,sa,53Q_depth_Sycamore_small_None_10_2.55_no.6
sycamore,2.4361702127659575,6.909774436090226,identity,53Q_gate_Sycamore_small_2_3_1.5_no.4
rochester,4.93,4.246753246753247,sabre,53Q_gate_Rochester_small_1_25_1.5_no.4
tokyo,1.8979591836734695,2.9583333333333335,random,20Q_gate_Tokyo_large_2_3_1.5_no.2
rochester,5.5,5.3861386138613865,sabre,53Q_gate_Rochester_large_2_15_1.5_no.8
rochester,2.858695652173913,6.836820083682008,sabre,53Q_depth_Rochester_small_None_5_1.5_no.6
sycamore,3.8285714285714287,4.096774193548387,sabre,53Q_gate_Sycamore_large_1_1_1.5_no.1
rochester,6.7631578947368425,11.820512820512821,identity,53Q_gate_Rochester_large_2_1_1.5_no.9
tokyo,1.3235294117647058,1.8017241379310345,sa,20Q_gate_Tokyo_large_2_4_1.5_no.9
rochester,4.9523809523809526,5.993421052631579,sa,53Q_depth_Rochester_large_None_5_2.55_no.9
sycamore,2.816326530612245,4.7,sabre,53Q_gate_Sycamore_large_1_0_1.5_no.4
tokyo,1.8773584905660377,3.184,random,20Q_depth_Tokyo_large_None_2_1.5_no.1
rochester,6.25,6.095652173913043,sa,53Q_gate_Rochester_large_2_15_1.5_no.7
sycamore,4.108695652173913,4.569832402234637,sabre,53Q_depth_Sycamore_large_None_10_1.5_no.5
sycamore,5.070422535211268,7.112299465240642,random,53Q_depth_Sycamore_small_None_1_2.55_no.7
sycamore,5.666666666666667,6.5928571428571425,identity,53Q_gate_Sycamore_small_1_2_1.5_no.2
rochester,5.5,12.924050632911392,random,53Q_gate_Rochester_small_1_0_1.5_no.0
tokyo,1.6534090909090908,3.0675675675675675,identity,20Q_depth_Tokyo_large_None_2_2.55_no.1
tokyo,2.3236994219653178,2.2140468227424748,sa,20Q_gate_Tokyo_large_2_20_1.5_no.4
sycamore,4.947368421052632,6.758474576271187,random,53Q_depth_Sycamore_small_None_3_1.5_no.8
rochester,2.9298245614035086,5.613981762917933,sabre,53Q_gate_Rochester_small_2_20_1.5_no.3
rochester,5.022222222222222,7.537037037037037,sabre,53Q_depth_Rochester_large_None_2_1.5_no.1
sycamore,3.5510204081632653,7.136363636363637,identity,53Q_depth_Sycamore_small_None_3_1.5_no.6
sycamore,5.45679012345679,5.370860927152318,identity,53Q_gate_Sycamore_small_1_10_1.5_no.4
sycamore,3.2711864406779663,3.2486486486486488,sabre,53Q_gate_Sycamore_large_1_15_1.5_no.4
sycamore,6.545454545454546,5.6971428571428575,random,53Q_gate_Sycamore_large_1_10_1.5_no.5
rochester,4.792207792207792,4.700507614213198,sa,53Q_gate_Rochester_small_1_20_1.5_no.0
rochester,6.516666666666667,8.674418604651162,random,53Q_gate_Rochester_large_1_15_1.5_no.0
sycamore,5.724409448818897,5.117647058823529,identity,53Q_gate_Sycamore_small_1_20_1.5_no.6
sycamore,3.9320388349514563,6.244755244755245,random,53Q_gate_Sycamore_small_2_20_1.5_no.9
sycamore,4.818181818181818,5.3125,sa,53Q_depth_Sycamore_large_None_2_1.5_no.6
rochester,9.352459016393443,6.219409282700422,identity,53Q_gate_Rochester_large_1_25_1.5_no.5
tokyo,2.466666666666667,2.978021978021978,random,20Q_gate_Tokyo_large_2_2_1.5_no.9
tokyo,1.9805447470817121,2.553299492385787,identity,20Q_gate_Tokyo_large_1_20_1.5_no.7
rochester,6.794871794871795,5.5,sabre,53Q_gate_Rochester_large_2_3_1.5_no.5
sycamore,5.583892617449664,4.702216066481994,identity,53Q_gate_Sycamore_large_1_25_1.5_no.2
sycamore,6.538461538461538,6.605714285714286,random,53Q_gate_Sycamore_large_1_3_1.5_no.5
sycamore,4.115942028985507,4.583969465648855,sabre,53Q_depth_Sycamore_small_None_2_1.5_no.2
tokyo,1.275,1.8513513513513513,sa,20Q_depth_Tokyo_large_None_2_2.55_no.8
sycamore,4.948275862068965,5.351351351351352,identity,53Q_gate_Sycamore_large_1_15_1.5_no.0
sycamore,2.4622641509433962,6.625,random,53Q_gate_Sycamore_small_2_5_1.5_no.3
rochester,4.176470588235294,7.678260869565217,sa,53Q_depth_Rochester_small_None_1_1.5_no.1
rochester,5.25,6.19375,sabre,53Q_gate_Rochester_small_1_5_1.5_no.3
sycamore,4.271929824561403,4.286852589641434,sa,53Q_gate_Sycamore_large_2_20_1.5_no.2
rochester,3.5675675675675675,6.476190476190476,sa,53Q_gate_Rochester_small_2_3_1.5_no.4
sycamore,5.59,5.456937799043062,random,53Q_gate_Sycamore_small_2_20_1.5_no.7
rochester,4.633333333333334,6.102564102564102,sa,53Q_gate_Rochester_large_1_1_1.5_no.4
rochester,7.533333333333333,10.58974358974359,identity,53Q_gate_Rochester_large_1_1_1.5_no.4
tokyo,2.147679324894515,2.3691275167785233,random,20Q_gate_Tokyo_large_1_20_1.5_no.6
rochester,7.622222222222222,10.477707006369426,identity,53Q_depth_Rochester_small_None_2_1.5_no.1
rochester,7.821428571428571,9.828025477707007,random,53Q_depth_Rochester_large_None_5_2.55_no.7
tokyo,1.9288888888888889,2.151315789473684,sabre,20Q_gate_Tokyo_large_1_20_1.5_no.5
rochester,7.551282051282051,11.144736842105264,random,53Q_depth_Rochester_small_None_5_1.5_no.5
rochester,3.6704545454545454,8.6875,sabre,53Q_depth_Rochester_small_None_2_2.55_no.3
rochester,4.901234567901234,6.3604651162790695,sa,53Q_gate_Rochester_large_2_10_1.5_no.4
tokyo,1.3595505617977528,1.3733624454148472,sa,20Q_gate_Tokyo_large_1_25_1.5_no.8
rochester,9.395348837209303,8.97787610619469,random,53Q_gate_Rochester_small_2_10_1.5_no.4
sycamore,2.2626262626262625,7.428571428571429,random,53Q_gate_Sycamore_small_1_1_1.5_no.3
sycamore,6.938775510204081,6.6600985221674875,identity,53Q_gate_Sycamore_large_1_3_1.5_no.1
rochester,1.8918918918918919,6.1645569620253164,sabre,53Q_gate_Rochester_small_2_1_1.5_no.3
rochester,7.382352941176471,11.008403361344538,identity,53Q_gate_Rochester_large_2_1_1.5_no.2
rochester,3.8358208955223883,4.513986013986014,sabre,53Q_gate_Rochester_large_1_10_1.5_no.1
rochester,5.235294117647059,8.45054945054945,sabre,53Q_depth_Rochester_small_None_1_1.5_no.3
rochester,5.626666666666667,12.271186440677965,random,53Q_depth_Rochester_large_None_3_1.5_no.7
tokyo,1.9803921568627452,2.6,sabre,20Q_depth_Tokyo_large_None_2_2.55_no.5
tokyo,1.641025641025641,1.8113207547169812,sa,20Q_gate_Tokyo_large_1_5_1.5_no.9
rochester,6.428571428571429,9.900826446280991,random,53Q_gate_Rochester_small_2_2_1.5_no.1
sycamore,3.0357142857142856,3.6766467065868262,sabre,53Q_gate_Sycamore_large_2_15_1.5_no.1
rochester,6.470588235294118,10.274038461538462,random,53Q_depth_Rochester_large_None_3_2.55_no.7
tokyo,2.107142857142857,2.1324503311258276,sabre,20Q_depth_Tokyo_large_None_5_1.5_no.9
tokyo,2.25,2.642651296829971,random,20Q_gate_Tokyo_large_2_25_1.5_no.0
rochester,3.9029126213592233,5.279220779220779,sabre,53Q_depth_Rochester_large_None_10_1.5_no.9
sycamore,2.8,2.892193308550186,sabre,53Q_gate_Sycamore_large_1_25_1.5_no.9
tokyo,2.0806451612903225,3.0847457627118646,identity,20Q_depth_Tokyo_large_None_3_1.5_no.2
tokyo,2.198757763975155,2.781569965870307,identity,20Q_gate_Tokyo_large_2_20_1.5_no.2
rochester,5.983870967741935,7.9609375,random,53Q_gate_Rochester_small_2_15_1.5_no.2
rochester,5.033333333333333,6.039145907473309,sabre,53Q_depth_Rochester_small_None_4_1.5_no.5
sycamore,3.675675675675676,6.702233250620347,random,53Q_depth_Sycamore_large_None_4_2.55_no.2
sycamore,4.576576576576577,5.301745635910224,sa,53Q_depth_Sycamore_large_None_4_2.55_no.3
rochester,6.675,4.995157384987894,sa,53Q_gate_Rochester_large_1_15_1.5_no.2
tokyo,1.62,2.0344827586206895,sa,20Q_gate_Tokyo_large_1_1_1.5_no.8
tokyo,1.6933333333333334,2.550561797752809,sabre,20Q_depth_Tokyo_large_None_1_1.5_no.1
rochester,5.163636363636364,9.20945945945946,random,53Q_gate_Rochester_small_1_5_1.5_no.6
rochester,3.0224719101123596,6.543478260869565,sa,53Q_depth_Rochester_large_None_2_2.55_no.8
rochester,4.45,5.3618421052631575,sa,53Q_gate_Rochester_large_2_5_1.5_no.6
rochester,8.424778761061948,9.7319391634981,random,53Q_depth_Rochester_large_None_10_1.5_no.7
sycamore,4.035087719298246,5.162303664921466,sabre,53Q_depth_Sycamore_large_None_1_2.55_no.5
rochester,5.310344827586207,11.786516853932584,identity,53Q_gate_Rochester_small_1_1_1.5_no.7
sycamore,3.3915343915343916,6.678048780487805,identity,53Q_depth_Sycamore_small_None_5_1.5_no.6
sycamore,3.4025974025974026,4.669902912621359,sa,53Q_gate_Sycamore_small_1_15_1.5_no.2
tokyo,1.6025641025641026,2.0732758620689653,sabre,20Q_gate_Tokyo_large_2_15_1.5_no.9
rochester,6.219512195121951,14.012048192771084,identity,53Q_gate_Rochester_small_2_1_1.5_no.1
tokyo,1.4755244755244756,2.4545454545454546,sa,20Q_depth_Tokyo_large_None_4_1.5_no.7
rochester,7.290909090909091,8.728395061728396,identity,53Q_gate_Rochester_small_2_10_1.5_no.6
tokyo,3.0,2.7096774193548385,identity,20Q_gate_Tokyo_large_2_2_1.5_no.8
rochester,10.360655737704919,8.01432664756447,random,53Q_gate_Rochester_large_1_10_1.5_no.6
tokyo,1.5913978494623655,3.345864661654135,random,20Q_depth_Tokyo_large_None_3_2.55_no.8
sycamore,2.0833333333333335,4.622950819672131,sabre,53Q_gate_Sycamore_small_1_4_1.5_no.5
tokyo,2.7142857142857144,2.838709677419355,identity,20Q_gate_Tokyo_large_2_0_1.5_no.2
sycamore,3.6206896551724137,4.260869565217392,sabre,53Q_gate_Sycamore_small_1_5_1.5_no.0
rochester,3.8676470588235294,9.538461538461538,sa,53Q_depth_Rochester_large_None_2_1.5_no.6
rochester,3.1555555555555554,4.183333333333334,sa,53Q_gate_Rochester_small_2_25_1.5_no.6
rochester,6.324675324675325,7.770949720670391,random,53Q_depth_Rochester_large_None_10_2.55_no.3
tokyo,2.361111111111111,2.725,random,20Q_gate_Tokyo_large_1_2_1.5_no.3
tokyo,1.64,2.963636363636364,identity,20Q_gate_Tokyo_large_2_1_1.5_no.7
sycamore,5.710843373493976,5.243523316062176,random,53Q_gate_Sycamore_large_2_15_1.5_no.6
rochester,5.672727272727273,5.691803278688525,sa,53Q_gate_Rochester_large_2_10_1.5_no.3
rochester,7.666666666666667,11.821428571428571,random,53Q_gate_Rochester_small_1_1_1.5_no.4
rochester,3.338235294117647,10.153846153846153,identity,53Q_depth_Rochester_small_None_5_1.5_no.9
rochester,6.921052631578948,9.44,random,53Q_gate_Rochester_large_2_3_1.5_no.8
rochester,3.9523809523809526,8.589473684210526,random,53Q_depth_Rochester_small_None_5_2.55_no.6
rochester,3.737704918032787,6.53475935828877,sabre,53Q_depth_Rochester_large_None_3_1.5_no.5
tokyo,2.7022900763358777,2.996282527881041,identity,20Q_depth_Tokyo_large_None_5_1.5_no.0
sycamore,2.691588785046729,6.476190476190476,identity,53Q_gate_Sycamore_large_2_5_1.5_no.6
sycamore,3.8442622950819674,4.028957528957529,sa,53Q_gate_Sycamore_large_2_25_1.5_no.1
rochester,2.575,7.068965517241379,sa,53Q_gate_Rochester_small_2_3_1.5_no.3
sycamore,4.2047244094488185,3.9647058823529413,sabre,53Q_gate_Sycamore_small_1_20_1.5_no.6
tokyo,1.9260700389105059,2.5606060606060606,random,20Q_gate_Tokyo_large_1_20_1.5_no.1
rochester,4.066666666666666,7.185567010309279,sa,53Q_gate_Rochester_large_1_1_1.5_no.3
tokyo,1.2268518518518519,1.3883248730964468,sa,20Q_gate_Tokyo_large_2_25_1.5_no.1
sycamore,5.257142857142857,6.806451612903226,identity,53Q_gate_Sycamore_large_2_1_1.5_no.9
rochester,6.2631578947368425,5.480603448275862,sabre,53Q_gate_Rochester_small_1_25_1.5_no.0
tokyo,1.7672131147540984,2.292682926829268,sabre,20Q_gate_Tokyo_large_1_25_1.5_no.6
sycamore,4.866666666666666,4.290322580645161,sabre,53Q_gate_Sycamore_small_2_4_1.5_no.0
rochester,10.186046511627907,10.54679802955665,identity,53Q_depth_Rochester_small_None_3_1.5_no.3
rochester,5.849056603773585,8.904605263157896,identity,53Q_depth_Rochester_large_None_5_2.55_no.2
rochester,9.078947368421053,11.316326530612244,identity,53Q_depth_Rochester_large_None_4_2.55_no.5
tokyo,3.0,3.262295081967213,identity,20Q_gate_Tokyo_large_1_0_1.5_no.7
rochester,3.5652173913043477,5.085106382978723,sa,53Q_gate_Rochester_small_1_20_1.5_no.7
tokyo,1.4817518248175183,2.3333333333333335,sa,20Q_depth_Tokyo_large_None_1_2.55_no.6
sycamore,3.574468085106383,6.744897959183674,identity,53Q_gate_Sycamore_small_2_15_1.5_no.3
sycamore,2.5652173913043477,4.56,sabre,53Q_gate_Sycamore_small_2_5_1.5_no.5
sycamore,4.869565217391305,5.207171314741036,sa,53Q_depth_Sycamore_large_None_2_1.5_no.1
tokyo,2.4390243902439024,3.4642857142857144,identity,20Q_gate_Tokyo_large_1_1_1.5_no.2
sycamore,5.022222222222222,6.782258064516129,random,53Q_depth_Sycamore_large_None_2_2.55_no.8
sycamore,3.3101604278074865,5.428571428571429,identity,53Q_gate_Sycamore_small_2_25_1.5_no.1
rochester,4.602739726027397,4.380165289256198,sabre,53Q_gate_Rochester_large_2_15_1.5_no.2
rochester,4.647058823529412,6.945454545454545,sa,53Q_depth_Rochester_small_None_1_1.5_no.0
sycamore,5.268041237113402,5.981132075471698,identity,53Q_gate_Sycamore_large_2_20_1.5_no.5
tokyo,1.9859154929577465,3.1789473684210527,identity,20Q_gate_Tokyo_large_1_3_1.5_no.8
rochester,6.153846153846154,7.788519637462236,identity,53Q_gate_Rochester_small_2_25_1.5_no.7
sycamore,5.373134328358209,6.083969465648855,identity,53Q_gate_Sycamore_large_2_10_1.5_no.7
sycamore,5.563025210084033,5.07514450867052,random,53Q_gate_Sycamore_small_1_25_1.5_no.4
sycamore,6.011627906976744,5.782608695652174,random,53Q_gate_Sycamore_large_2_15_1.5_no.8
sycamore,4.496598639455782,6.693793103448276,identity,53Q_depth_Sycamore_large_None_10_2.55_no.8
rochester,6.560975609756097,10.162790697674419,identity,53Q_gate_Rochester_large_1_3_1.5_no.9
sycamore,6.232558139534884,7.30379746835443,identity,53Q_gate_Sycamore_small_2_4_1.5_no.5
sycamore,2.882978723404255,6.185303514376997,random,53Q_depth_Sycamore_large_None_3_2.55_no.1
tokyo,1.745,2.4318181818181817,sa,20Q_depth_Tokyo_large_None_5_1.5_no.6
sycamore,2.8636363636363638,4.0272108843537415,sabre,53Q_gate_Sycamore_small_2_20_1.5_no.3
tokyo,1.4390243902439024,3.00625,random,20Q_depth_Tokyo_large_None_3_2.55_no.9
sycamore,4.2727272727272725,5.147058823529412,sa,53Q_gate_Sycamore_small_1_10_1.5_no.1
rochester,2.542372881355932,6.423076923076923,sabre,53Q_gate_Rochester_large_1_1_1.5_no.9
rochester,2.864406779661017,14.038461538461538,random,53Q_gate_Rochester_large_1_1_1.5_no.9
sycamore,5.093922651933702,6.101231190150479,random,53Q_depth_Sycamore_small_None_10_1.5_no.2
rochester,5.857142857142857,10.743589743589743,random,53Q_gate_Rochester_small_2_3_1.5_no.5
sycamore,5.428571428571429,7.048387096774194,random,53Q_gate_Sycamore_large_2_1_1.5_no.9
rochester,5.4338235294117645,8.444897959183674,random,53Q_depth_Rochester_small_None_10_1.5_no.6
sycamore,5.509433962264151,6.213903743315508,identity,53Q_gate_Sycamore_large_1_4_1.5_no.9
rochester,3.5714285714285716,6.572992700729927,sabre,53Q_depth_Rochester_small_None_5_2.55_no.0
rochester,5.092783505154639,6.348214285714286,identity,53Q_gate_Rochester_large_1_10_1.5_no.4
rochester,4.441860465116279,6.75,sa,53Q_depth_Rochester_large_None_2_1.5_no.7
sycamore,2.623441396508728,4.661989795918367,sabre,53Q_depth_Sycamore_small_None_10_2.55_no.8
tokyo,1.8360655737704918,2.9125,random,20Q_gate_Tokyo_large_1_2_1.5_no.4
rochester,4.8936170212765955,5.404432132963989,sa,53Q_gate_Rochester_small_2_25_1.5_no.1
rochester,3.9886363636363638,10.0920245398773,identity,53Q_depth_Rochester_large_None_2_2.55_no.6
rochester,7.418181818181818,9.457286432160805,identity,53Q_depth_Rochester_large_None_3_2.55_no.1
rochester,6.352941176470588,7.60655737704918,sa,53Q_depth_Rochester_large_None_2_2.55_no.9
tokyo,2.6511627906976742,2.289719626168224,sabre,20Q_depth_Tokyo_large_None_1_1.5_no.6
tokyo,3.0,2.9507389162561575,identity,20Q_depth_Tokyo_large_None_3_2.55_no.0
rochester,2.4836601307189543,5.7,sabre,53Q_depth_Rochester_small_None_4_2.55_no.9
sycamore,2.7777777777777777,6.898876404494382,identity,53Q_depth_Sycamore_small_None_1_2.55_no.3
sycamore,5.96875,7.786407766990291,identity,53Q_gate_Sycamore_large_1_0_1.5_no.6
rochester,3.6530612244897958,5.2030456852791875,sa,53Q_gate_Rochester_large_2_5_1.5_no.1
rochester,4.299212598425197,9.813148788927336,identity,53Q_depth_Rochester_small_None_5_2.55_no.9
rochester,5.212121212121212,5.488721804511278,sabre,53Q_gate_Rochester_large_2_5_1.5_no.7
rochester,5.879310344827586,9.203125,identity,53Q_depth_Rochester_small_None_10_2.55_no.7
sycamore,2.8865248226950353,4.8320610687022905,sabre,53Q_depth_Sycamore_small_None_4_1.5_no.0
sycamore,5.491803278688525,5.9,random,53Q_gate_Sycamore_large_1_5_1.5_no.7
rochester,8.673913043478262,9.181818181818182,identity,53Q_gate_Rochester_large_1_5_1.5_no.9
rochester,3.0792079207920793,7.044943820224719,sabre,53Q_depth_Rochester_small_None_5_1.5_no.1
sycamore,3.425806451612903,7.080597014925373,random,53Q_depth_Sycamore_large_None_4_1.5_no.8
sycamore,5.976190476190476,7.04054054054054,random,53Q_gate_Sycamore_small_2_3_1.5_no.1
rochester,3.3636363636363638,5.230769230769231,sabre,53Q_gate_Rochester_small_1_3_1.5_no.1
rochester,7.0,9.561538461538461,random,53Q_gate_Rochester_small_1_4_1.5_no.2
sycamore,5.885714285714286,7.090225563909774,identity,53Q_gate_Sycamore_small_1_1_1.5_no.5
rochester,6.426470588235294,10.603015075376884,random,53Q_depth_Rochester_small_None_3_2.55_no.6
rochester,4.784810126582278,3.900943396226415,sa,53Q_gate_Rochester_large_1_15_1.5_no.5
sycamore,3.3793103448275863,5.134670487106018,sa,53Q_depth_Sycamore_large_None_4_2.55_no.4
rochester,4.675675675675675,5.974193548387097,sabre,53Q_gate_Rochester_large_2_5_1.5_no.9
sycamore,5.854166666666667,5.791855203619909,random,53Q_gate_Sycamore_large_1_5_1.5_no.9
rochester,4.451612903225806,7.954545454545454,sabre,53Q_gate_Rochester_large_1_1_1.5_no.7
tokyo,1.6326530612244898,2.58974358974359,sabre,20Q_depth_Tokyo_large_None_2_2.55_no.2
sycamore,5.378378378378378,7.120967741935484,random,53Q_gate_Sycamore_large_2_1_1.5_no.7
rochester,8.604395604395604,7.372591006423983,random,53Q_gate_Rochester_small_1_25_1.5_no.8
rochester,4.846153846153846,7.310344827586207,sa,53Q_gate_Rochester_small_1_3_1.5_no.9
sycamore,3.3934426229508197,5.354700854700854,sabre,53Q_depth_Sycamore_small_None_10_2.55_no.6
tokyo,2.292452830188679,2.55012853470437,random,20Q_gate_Tokyo_large_2_25_1.5_no.7
rochester,3.2666666666666666,13.857142857142858,identity,53Q_depth_Rochester_small_None_1_2.55_no.5
rochester,5.552631578947368,7.076923076923077,sa,53Q_gate_Rochester_large_2_1_1.5_no.9
rochester,5.594594594594595,11.74,random,53Q_gate_Rochester_small_1_2_1.5_no.8
sycamore,2.6617100371747213,4.350597609561753,sa,53Q_depth_Sycamore_small_None_10_1.5_no.0
sycamore,5.238095238095238,6.132530120481928,sabre,53Q_depth_Sycamore_large_None_2_2.55_no.6
tokyo,1.6486486486486487,2.217391304347826,sabre,20Q_gate_Tokyo_large_1_10_1.5_no.0
rochester,6.892857142857143,12.625,random,53Q_gate_Rochester_large_2_0_1.5_no.4
tokyo,1.7126436781609196,2.7010309278350517,sabre,20Q_gate_Tokyo_large_2_4_1.5_no.6
rochester,7.133333333333334,12.393617021276595,identity,53Q_gate_Rochester_small_2_1_1.5_no.9
tokyo,2.481132075471698,2.83547557840617,identity,20Q_gate_Tokyo_large_2_25_1.5_no.7
tokyo,2.8761061946902653,2.7881773399014778,sabre,20Q_depth_Tokyo_large_None_3_2.55_no.0
sycamore,3.6865671641791047,4.435114503816794,sa,53Q_gate_Sycamore_large_2_10_1.5_no.7
tokyo,1.890566037735849,2.5854214123006836,identity,20Q_depth_Tokyo_large_None_10_1.5_no.2
sycamore,4.813953488372093,4.7236533957845435,sabre,53Q_depth_Sycamore_small_None_4_2.55_no.7
rochester,6.2,5.365384615384615,sa,53Q_gate_Rochester_small_2_20_1.5_no.8
sycamore,4.775862068965517,6.841269841269841,random,53Q_depth_Sycamore_small_None_1_1.5_no.0
tokyo,1.8969072164948453,2.5217391304347827,sabre,20Q_gate_Tokyo_large_1_4_1.5_no.7
sycamore,3.5,3.896551724137931,sabre,53Q_gate_Sycamore_large_2_10_1.5_no.4
sycamore,2.154471544715447,4.846153846153846,sa,53Q_gate_Sycamore_small_1_4_1.5_no.1
rochester,3.6470588235294117,6.08421052631579,sabre,53Q_gate_Rochester_large_2_1_1.5_no.4
sycamore,3.4641350210970465,4.224732461355529,sa,53Q_depth_Sycamore_large_None_10_1.5_no.8
rochester,4.135135135135135,6.7,sa,53Q_gate_Rochester_small_1_2_1.5_no.8
sycamore,4.641025641025641,6.1838235294117645,random,53Q_gate_Sycamore_large_1_1_1.5_no.4
sycamore,3.456140350877193,6.263736263736264,random,53Q_depth_Sycamore_small_None_3_2.55_no.2
rochester,3.3636363636363638,7.6835443037974684,sa,53Q_gate_Rochester_large_2_0_1.5_no.8
rochester,4.961538461538462,7.17741935483871,sa,53Q_depth_Rochester_large_None_2_1.5_no.4
sycamore,3.4863013698630136,5.2944162436548226,sa,53Q_depth_Sycamore_large_None_5_2.55_no.6
sycamore,5.022222222222222,4.564516129032258,sa,53Q_gate_Sycamore_small_2_4_1.5_no.0
rochester,9.522727272727273,8.304635761589404,identity,53Q_gate_Rochester_small_1_20_1.5_no.6
tokyo,1.528169014084507,1.9473684210526316,sa,20Q_gate_Tokyo_large_2_15_1.5_no.6
tokyo,2.0779220779220777,3.036697247706422,random,20Q_gate_Tokyo_large_1_3_1.5_no.5
sycamore,3.8,5.430769230769231,sa,53Q_gate_Sycamore_large_2_2_1.5_no.6
sycamore,3.7714285714285714,6.257731958762887,sa,53Q_gate_Sycamore_large_1_0_1.5_no.2
rochester,10.171875,9.207317073170731,random,53Q_depth_Rochester_large_None_4_2.55_no.6
sycamore,3.4722222222222223,5.191489361702128,sa,53Q_gate_Sycamore_large_1_2_1.5_no.7
sycamore,3.1470588235294117,5.663636363636364,sa,53Q_gate_Sycamore_large_2_0_1.5_no.3
sycamore,4.131578947368421,5.121739130434783,sabre,53Q_gate_Sycamore_small_1_1_1.5_no.0
tokyo,2.1791044776119404,3.142857142857143,identity,20Q_gate_Tokyo_large_2_5_1.5_no.7
sycamore,3.8181818181818183,5.118181818181818,sabre,53Q_gate_Sycamore_small_1_0_1.5_no.5
tokyo,2.25,2.7637362637362637,random,20Q_depth_Tokyo_large_None_3_1.5_no.9
tokyo,1.6904761904761905,3.3013698630136985,identity,20Q_gate_Tokyo_large_2_4_1.5_no.2
sycamore,3.6222222222222222,4.665322580645161,sabre,53Q_depth_Sycamore_large_None_2_2.55_no.8
sycamore,2.5538461538461537,4.693975903614458,sabre,53Q_depth_Sycamore_small_None_4_2.55_no.9
rochester,4.4375,4.373205741626794,sabre,53Q_gate_Rochester_large_1_5_1.5_no.4
sycamore,2.95959595959596,6.8562874251497,random,53Q_gate_Sycamore_large_2_5_1.5_no.4
sycamore,5.150943396226415,6.832298136645963,random,53Q_gate_Sycamore_small_1_3_1.5_no.2
rochester,2.4125,6.745283018867925,sa,53Q_depth_Rochester_large_None_1_1.5_no.9
sycamore,4.761904761904762,6.825892857142857,random,53Q_depth_Sycamore_large_None_2_1.5_no.2
rochester,4.285714285714286,6.331081081081081,sa,53Q_gate_Rochester_large_2_4_1.5_no.0
rochester,3.324324324324324,6.125,sabre,53Q_gate_Rochester_small_2_3_1.5_no.2
rochester,9.15,8.961538461538462,random,53Q_gate_Rochester_small_2_20_1.5_no.8
tokyo,1.0,1.0865384615384615,sa,20Q_gate_Tokyo_large_1_3_1.5_no.1
rochester,8.161290322580646,10.481751824817518,random,53Q_gate_Rochester_large_1_2_1.5_no.5
sycamore,4.428571428571429,5.346590909090909,sa,53Q_gate_Sycamore_large_2_3_1.5_no.2
sycamore,3.875,5.0,sa,53Q_gate_Sycamore_large_1_1_1.5_no.6
rochester,2.96,15.65,random,53Q_gate_Rochester_small_2_0_1.5_no.9
sycamore,2.7777777777777777,3.94,sabre,53Q_gate_Sycamore_large_2_3_1.5_no.1
tokyo,1.9795918367346939,2.0833333333333335,sa,20Q_gate_Tokyo_large_2_3_1.5_no.2
tokyo,1.4666666666666666,2.7349397590361444,identity,20Q_depth_Tokyo_large_None_1_1.5_no.3
sycamore,2.9782608695652173,5.137096774193548,sabre,53Q_gate_Sycamore_large_2_2_1.5_no.4
sycamore,4.7727272727272725,5.769230769230769,sa,53Q_gate_Sycamore_large_1_3_1.5_no.3
sycamore,3.918918918918919,5.911290322580645,sa,53Q_gate_Sycamore_large_2_1_1.5_no.7
rochester,6.390243902439025,13.51639344262295,random,53Q_depth_Rochester_large_None_1_2.55_no.4
sycamore,2.9897610921501707,4.072463768115942,sabre,53Q_depth_Sycamore_large_None_10_2.55_no.3
rochester,4.159090909090909,10.386503067484663,random,53Q_depth_Rochester_large_None_2_2.55_no.6
sycamore,5.262711864406779,5.459595959595959,random,53Q_gate_Sycamore_large_1_20_1.5_no.8
rochester,8.067796610169491,8.821782178217822,identity,53Q_depth_Rochester_large_None_5_1.5_no.5
sycamore,4.134615384615385,4.707142857142857,sa,53Q_depth_Sycamore_large_None_1_2.55_no.2
sycamore,4.859154929577465,6.269230769230769,random,53Q_gate_Sycamore_small_2_10_1.5_no.4
sycamore,3.2916666666666665,3.4525547445255476,sabre,53Q_depth_Sycamore_large_None_4_1.5_no.4
sycamore,2.6842105263157894,4.319852941176471,sa,53Q_depth_Sycamore_large_None_3_1.5_no.0
sycamore,3.5853658536585367,4.512035010940919,sabre,53Q_gate_Sycamore_large_2_20_1.5_no.9
tokyo,1.8975155279503106,2.392452830188679,identity,20Q_gate_Tokyo_large_1_25_1.5_no.2
tokyo,2.1198501872659175,2.3755458515283845,random,20Q_gate_Tokyo_large_1_25_1.5_no.8
sycamore,5.264069264069264,5.535340314136126,random,53Q_depth_Sycamore_small_None_10_2.55_no.3
rochester,5.404494382022472,4.229508196721311,sabre,53Q_gate_Rochester_large_1_20_1.5_no.2
sycamore,4.522388059701493,3.2918032786885245,sabre,53Q_gate_Sycamore_large_1_10_1.5_no.1
sycamore,6.065934065934066,5.416243654822335,identity,53Q_gate_Sycamore_small_1_15_1.5_no.9
sycamore,3.7375886524822697,3.5149136577708004,sa,53Q_gate_Sycamore_small_1_25_1.5_no.7
sycamore,4.145833333333333,6.958333333333333,identity,53Q_gate_Sycamore_small_1_3_1.5_no.0
tokyo,1.6153846153846154,2.0090909090909093,sabre,20Q_gate_Tokyo_large_2_5_1.5_no.2
rochester,8.789473684210526,11.847682119205299,random,53Q_depth_Rochester_large_None_2_1.5_no.5
rochester,3.111111111111111,4.640625,sabre,53Q_gate_Rochester_small_2_10_1.5_no.0
rochester,5.541666666666667,11.324324324324325,random,53Q_gate_Rochester_large_2_5_1.5_no.2
tokyo,1.5495495495495495,3.0963855421686746,identity,20Q_depth_Tokyo_large_None_1_2.55_no.2
rochester,4.831325301204819,6.687258687258687,sabre,53Q_depth_Rochester_large_None_5_2.55_no.3
sycamore,6.604651162790698,6.708108108108108,identity,53Q_gate_Sycamore_large_1_2_1.5_no.3
sycamore,2.7810650887573964,6.008130081300813,random,53Q_depth_Sycamore_small_None_4_1.5_no.6
sycamore,4.489082969432315,4.980163360560093,random,53Q_depth_Sycamore_large_None_10_1.5_no.1
tokyo,2.2,2.1506849315068495,sabre,20Q_gate_Tokyo_large_1_5_1.5_no.3
sycamore,3.2119565217391304,5.913793103448276,random,53Q_depth_Sycamore_large_None_10_2.55_no.7
rochester,5.644736842105263,9.76,random,53Q_depth_Rochester_small_None_4_1.5_no.7
rochester,4.147058823529412,7.593406593406593,sa,53Q_depth_Rochester_small_None_1_1.5_no.3
sycamore,4.921568627450981,5.544554455445544,sa,53Q_gate_Sycamore_small_1_5_1.5_no.5
tokyo,1.6100478468899522,2.5800464037122968,sabre,20Q_depth_Tokyo_large_None_10_2.55_no.1
rochester,5.159663865546219,5.735674676524954,sa,53Q_depth_Rochester_large_None_10_1.5_no.8
rochester,8.746268656716419,8.10344827586207,identity,53Q_gate_Rochester_large_2_15_1.5_no.5
rochester,5.685714285714286,5.905405405405405,sa,53Q_gate_Rochester_small_2_2_1.5_no.2
rochester,3.642857142857143,7.358208955223881,sa,53Q_gate_Rochester_large_1_0_1.5_no.2
sycamore,4.666666666666667,5.867549668874172,sa,53Q_gate_Sycamore_small_2_5_1.5_no.4
sycamore,6.274193548387097,4.889789303079416,random,53Q_gate_Sycamore_large_1_20_1.5_no.6
rochester,2.5,6.341463414634147,sabre,53Q_depth_Rochester_large_None_2_2.55_no.0
rochester,6.655172413793103,11.333333333333334,random,53Q_gate_Rochester_large_2_1_1.5_no.0
tokyo,1.928,2.9186046511627906,random,20Q_depth_Tokyo_large_None_3_1.5_no.8
rochester,6.5675675675675675,10.336206896551724,random,53Q_depth_Rochester_large_None_1_1.5_no.2
rochester,4.938775510204081,13.758241758241759,identity,53Q_gate_Rochester_small_1_3_1.5_no.2
rochester,5.3428571428571425,7.488888888888889,sa,53Q_depth_Rochester_large_None_1_1.5_no.8
tokyo,1.9408602150537635,2.6633663366336635,random,20Q_gate_Tokyo_large_2_20_1.5_no.9
sycamore,3.6638655462184873,3.6909871244635193,sabre,53Q_gate_Sycamore_small_2_25_1.5_no.6
rochester,4.4958677685950414,11.101123595505618,random,53Q_depth_Rochester_small_None_4_2.55_no.7
rochester,4.681818181818182,6.666666666666667,sa,53Q_gate_Rochester_large_2_4_1.5_no.7
sycamore,5.102564102564102,6.911764705882353,identity,53Q_gate_Sycamore_large_1_1_1.5_no.4
sycamore,4.7727272727272725,4.760416666666667,sabre,53Q_depth_Sycamore_large_None_2_1.5_no.6
sycamore,2.4741379310344827,5.0,sa,53Q_gate_Sycamore_large_1_5_1.5_no.1
tokyo,1.5949367088607596,2.7468354430379747,random,20Q_gate_Tokyo_large_1_3_1.5_no.2
rochester,3.2674418604651163,6.009569377990431,sabre,53Q_depth_Rochester_large_None_3_2.55_no.9
rochester,6.405405405405405,11.285714285714286,identity,53Q_gate_Rochester_small_2_3_1.5_no.4
sycamore,3.30188679245283,4.091370558375634,sabre,53Q_gate_Sycamore_large_1_3_1.5_no.4
rochester,6.5,9.148148148148149,random,53Q_gate_Rochester_small_1_10_1.5_no.2
sycamore,4.081632653061225,5.125,sa,53Q_gate_Sycamore_large_2_5_1.5_no.0
sycamore,3.857142857142857,3.5172413793103448,sabre,53Q_gate_Sycamore_large_1_2_1.5_no.1
rochester,6.631578947368421,7.437086092715232,sa,53Q_depth_Rochester_large_None_2_1.5_no.5
tokyo,1.150375939849624,1.4811320754716981,sabre,20Q_depth_Tokyo_large_None_4_1.5_no.8
sycamore,2.4339622641509435,5.26605504587156,sa,53Q_gate_Sycamore_small_1_1_1.5_no.2
sycamore,3.7,5.251533742331288,sa,53Q_gate_Sycamore_small_2_3_1.5_no.6
rochester,3.4545454545454546,7.249169435215947,identity,53Q_gate_Rochester_large_2_20_1.5_no.4
tokyo,1.3349282296650717,1.9187935034802783,sa,20Q_depth_Tokyo_large_None_10_2.55_no.1
sycamore,1.5353535353535352,4.657894736842105,sa,53Q_gate_Sycamore_small_2_1_1.5_no.3
sycamore,4.068181818181818,4.652941176470589,sa,53Q_gate_Sycamore_small_1_3_1.5_no.7
sycamore,5.4375,6.133333333333334,identity,53Q_gate_Sycamore_small_1_4_1.5_no.8
sycamore,3.6012658227848102,5.026,sa,53Q_depth_Sycamore_large_None_5_2.55_no.1
sycamore,6.196078431372549,7.120805369127517,random,53Q_depth_Sycamore_large_None_1_2.55_no.4
sycamore,6.2272727272727275,6.854166666666667,identity,53Q_depth_Sycamore_large_None_2_1.5_no.6
tokyo,1.5868725868725868,2.14123006833713,sa,20Q_depth_Tokyo_large_None_10_1.5_no.8
rochester,3.707317073170732,8.82967032967033,identity,53Q_gate_Rochester_large_1_5_1.5_no.1
tokyo,2.052023121387283,2.6344086021505375,sabre,20Q_gate_Tokyo_large_1_15_1.5_no.3
sycamore,4.012987012987013,4.321428571428571,sa,53Q_gate_Sycamore_small_2_15_1.5_no.8
rochester,7.848484848484849,9.503759398496241,identity,53Q_gate_Rochester_large_2_5_1.5_no.7
tokyo,1.6666666666666667,2.1731843575418996,sa,20Q_gate_Tokyo_large_2_10_1.5_no.3
sycamore,2.903225806451613,5.039402173913044,sa,53Q_depth_Sycamore_small_None_10_1.5_no.7
tokyo,2.41,2.296875,sabre,20Q_depth_Tokyo_large_None_3_2.55_no.7
tokyo,2.2,2.1538461538461537,sabre,20Q_gate_Tokyo_large_1_3_1.5_no.1
tokyo,2.3333333333333335,2.135135135135135,sabre,20Q_gate_Tokyo_large_2_1_1.5_no.5
rochester,6.7125,6.844984802431611,random,53Q_gate_Rochester_large_2_15_1.5_no.6
sycamore,2.766990291262136,5.252821670428894,sa,53Q_depth_Sycamore_small_None_5_2.55_no.9
sycamore,2.265957446808511,4.723076923076923,sabre,53Q_depth_Sycamore_large_None_2_1.5_no.8
sycamore,3.711340206185567,4.007058823529412,sa,53Q_gate_Sycamore_large_2_15_1.5_no.4
tokyo,1.7123287671232876,2.2857142857142856,sabre,20Q_gate_Tokyo_large_2_3_1.5_no.0
tokyo,2.891891891891892,2.4823529411764707,sabre,20Q_gate_Tokyo_large_1_1_1.5_no.4
sycamore,5.415730337078652,5.871720116618076,random,53Q_depth_Sycamore_large_None_3_1.5_no.6
sycamore,3.5,8.8,identity,53Q_gate_Sycamore_small_1_0_1.5_no.7
rochester,2.6129032258064515,6.372727272727273,sa,53Q_depth_Rochester_small_None_1_1.5_no.2
rochester,4.9324324324324325,5.839458413926499,sabre,53Q_depth_Rochester_large_None_10_2.55_no.9
rochester,7.432835820895522,8.641509433962264,identity,53Q_gate_Rochester_small_1_15_1.5_no.7
rochester,8.558823529411764,10.045454545454545,random,53Q_gate_Rochester_large_1_3_1.5_no.1
rochester,5.242718446601942,5.8441558441558445,sa,53Q_depth_Rochester_large_None_10_1.5_no.9
tokyo,1.9272237196765498,2.7238307349665924,sabre,20Q_depth_Tokyo_large_None_10_2.55_no.6
rochester,3.627659574468085,3.7735849056603774,sabre,53Q_gate_Rochester_large_2_25_1.5_no.1
sycamore,4.5,5.935483870967742,sa,53Q_gate_Sycamore_small_1_0_1.5_no.6
sycamore,2.7333333333333334,5.258928571428571,sa,53Q_gate_Sycamore_small_2_2_1.5_no.2
rochester,3.2222222222222223,6.413793103448276,sa,53Q_gate_Rochester_small_2_2_1.5_no.5
rochester,7.508474576271187,8.823741007194245,identity,53Q_depth_Rochester_large_None_4_1.5_no.7
sycamore,5.989473684210527,6.57037037037037,identity,53Q_depth_Sycamore_large_None_4_1.5_no.6
rochester,4.421052631578948,4.921686746987952,sabre,53Q_gate_Rochester_large_1_3_1.5_no.8
sycamore,3.8515151515151516,5.757306226175349,identity,53Q_depth_Sycamore_large_None_10_2.55_no.0
sycamore,1.1176470588235294,5.793103448275862,sa,53Q_gate_Sycamore_small_2_0_1.5_no.7
sycamore,4.0,4.854304635761589,sa,53Q_gate_Sycamore_small_1_2_1.5_no.3
sycamore,5.743589743589744,6.466257668711656,random,53Q_gate_Sycamore_large_2_3_1.5_no.8
rochester,4.214285714285714,6.545454545454546,sa,53Q_gate_Rochester_large_1_0_1.5_no.5
rochester,6.4411764705882355,9.931818181818182,identity,53Q_gate_Rochester_large_1_3_1.5_no.1
rochester,6.643564356435643,5.647798742138365,sa,53Q_gate_Rochester_small_1_25_1.5_no.9
sycamore,5.215686274509804,6.339285714285714,identity,53Q_gate_Sycamore_large_2_4_1.5_no.4
tokyo,1.5842696629213484,2.875,sabre,20Q_gate_Tokyo_large_1_2_1.5_no.5
tokyo,1.490566037735849,2.4,sabre,20Q_gate_Tokyo_large_2_0_1.5_no.1
rochester,6.166666666666667,11.92,identity,53Q_gate_Rochester_large_2_3_1.5_no.7
sycamore,1.8831168831168832,7.4324324324324325,random,53Q_gate_Sycamore_small_2_1_1.5_no.0
sycamore,5.0576923076923075,7.2785714285714285,identity,53Q_depth_Sycamore_large_None_1_2.55_no.2
rochester,3.4705882352941178,5.632911392405063,sabre,53Q_gate_Rochester_small_1_1_1.5_no.0
sycamore,4.151898734177215,4.948387096774193,sabre,53Q_depth_Sycamore_small_None_5_2.55_no.6
tokyo,1.3098591549295775,2.292307692307692,sabre,20Q_gate_Tokyo_large_2_2_1.5_no.4
tokyo,2.8076923076923075,2.622950819672131,sabre,20Q_gate_Tokyo_large_1_0_1.5_no.0
sycamore,4.58,5.053291536050157,sabre,53Q_depth_Sycamore_large_None_3_2.55_no.7
sycamore,2.515527950310559,3.2485549132947975,sabre,53Q_gate_Sycamore_small_1_25_1.5_no.3
sycamore,4.0131578947368425,6.021220159151194,random,53Q_gate_Sycamore_small_1_15_1.5_no.7
rochester,8.25,9.487804878048781,random,53Q_gate_Rochester_large_2_10_1.5_no.0
sycamore,5.58,6.617449664429531,identity,53Q_gate_Sycamore_small_2_5_1.5_no.7
sycamore,4.076271186440678,3.914141414141414,sa,53Q_gate_Sycamore_large_1_20_1.5_no.8
sycamore,3.05045871559633,4.984478935698448,sabre,53Q_depth_Sycamore_small_None_5_2.55_no.8
sycamore,4.339622641509434,7.804878048780488,identity,53Q_depth_Sycamore_small_None_1_1.5_no.3
rochester,6.2,9.458333333333334,random,53Q_gate_Rochester_large_2_4_1.5_no.6
sycamore,4.658914728682171,4.369402985074627,identity,53Q_gate_Sycamore_large_2_25_1.5_no.8
rochester,6.425531914893617,10.019736842105264,identity,53Q_gate_Rochester_small_1_5_1.5_no.2
sycamore,5.626373626373627,5.1725888324873095,random,53Q_gate_Sycamore_small_1_15_1.5_no.9
sycamore,2.804195804195804,4.045851528384279,sa,53Q_gate_Sycamore_small_1_20_1.5_no.4
sycamore,2.9183673469387754,5.1454545454545455,sabre,53Q_gate_Sycamore_small_2_1_1.5_no.5
rochester,2.988888888888889,12.071428571428571,random,53Q_depth_Rochester_small_None_1_2.55_no.5
sycamore,3.0,6.305489260143198,random,53Q_depth_Sycamore_small_None_5_1.5_no.2
rochester,6.102564102564102,11.097560975609756,identity,53Q_depth_Rochester_small_None_1_1.5_no.6
rochester,6.191489361702128,10.62589928057554,random,53Q_depth_Rochester_small_None_2_2.55_no.7
tokyo,1.9523809523809523,2.7244094488188977,identity,20Q_gate_Tokyo_large_1_5_1.5_no.2
sycamore,3.463302752293578,6.541019955654102,random,53Q_depth_Sycamore_small_None_5_2.55_no.8
sycamore,1.85,3.6526315789473682,sabre,53Q_gate_Sycamore_small_2_0_1.5_no.0
sycamore,2.7569060773480665,5.5044510385756675,sabre,53Q_depth_Sycamore_large_None_3_2.55_no.9
tokyo,2.0,2.6739130434782608,identity,20Q_gate_Tokyo_large_1_4_1.5_no.7
sycamore,4.681481481481481,5.289719626168225,random,53Q_gate_Sycamore_large_2_25_1.5_no.5
sycamore,3.82,4.5,sa,53Q_gate_Sycamore_large_1_4_1.5_no.5
tokyo,1.5056179775280898,2.227272727272727,sa,20Q_gate_Tokyo_large_1_2_1.5_no.5
tokyo,1.3636363636363635,2.1641791044776117,sa,20Q_gate_Tokyo_large_2_2_1.5_no.6
rochester,4.787234042553192,6.083892617449664,sabre,53Q_gate_Rochester_small_1_15_1.5_no.3
sycamore,4.872727272727273,6.23125,random,53Q_depth_Sycamore_small_None_4_2.55_no.1
rochester,6.462686567164179,8.190082644628099,identity,53Q_depth_Rochester_large_None_10_2.55_no.0
sycamore,2.0144927536231885,7.088235294117647,identity,53Q_gate_Sycamore_small_2_1_1.5_no.8
rochester,6.8133333333333335,7.896907216494846,random,53Q_gate_Rochester_small_1_15_1.5_no.4
rochester,4.25,5.69672131147541,sabre,53Q_gate_Rochester_large_1_3_1.5_no.6
sycamore,3.215686274509804,4.571428571428571,sa,53Q_gate_Sycamore_large_2_4_1.5_no.4
sycamore,4.375,6.383561643835616,random,53Q_gate_Sycamore_large_2_3_1.5_no.6
rochester,7.425,11.257352941176471,identity,53Q_gate_Rochester_small_2_5_1.5_no.4
sycamore,5.189655172413793,6.552795031055901,random,53Q_gate_Sycamore_small_1_5_1.5_no.0
sycamore,4.589743589743589,5.681208053691275,sa,53Q_depth_Sycamore_large_None_3_1.5_no.7
rochester,7.325581395348837,9.543478260869565,identity,53Q_depth_Rochester_small_None_10_1.5_no.4
tokyo,1.5890410958904109,3.056179775280899,random,20Q_gate_Tokyo_large_2_3_1.5_no.8
rochester,5.526315789473684,5.928571428571429,sabre,53Q_gate_Rochester_small_2_5_1.5_no.0
sycamore,4.5964912280701755,5.036649214659686,sa,53Q_depth_Sycamore_large_None_1_2.55_no.5
rochester,8.533333333333333,11.254098360655737,random,53Q_gate_Rochester_small_1_3_1.5_no.8
sycamore,5.089887640449438,4.80635838150289,sabre,53Q_depth_Sycamore_large_None_3_2.55_no.6
tokyo,1.6938775510204083,1.8387096774193548,sa,20Q_depth_Tokyo_large_None_1_1.5_no.2
rochester,5.529411764705882,12.336842105263157,random,53Q_gate_Rochester_large_2_1_1.5_no.4
rochester,4.630434782608695,7.1528662420382165,sabre,53Q_depth_Rochester_large_None_2_2.55_no.4
sycamore,4.181818181818182,4.140625,sabre,53Q_gate_Sycamore_large_2_1_1.5_no.8
sycamore,2.7054794520547945,4.388888888888889,sa,53Q_depth_Sycamore_small_None_5_1.5_no.8
tokyo,1.8888888888888888,2.3004926108374386,sa,20Q_gate_Tokyo_large_2_10_1.5_no.7
rochester,6.639344262295082,9.075471698113208,identity,53Q_depth_Rochester_small_None_10_1.5_no.1
sycamore,5.7894736842105265,5.78643216080402,random,53Q_gate_Sycamore_small_1_15_1.5_no.6
rochester,2.8125,6.886792452830188,sabre,53Q_depth_Rochester_large_None_1_1.5_no.9
sycamore,3.967032967032967,6.056034482758621,identity,53Q_depth_Sycamore_small_None_2_1.5_no.6
rochester,4.317073170731708,6.616541353383458,sa,53Q_gate_Rochester_small_2_5_1.5_no.7
sycamore,4.7,5.867039106145252,identity,53Q_depth_Sycamore_large_None_10_1.5_no.5
sycamore,5.023809523809524,4.323863636363637,sabre,53Q_gate_Sycamore_large_2_3_1.5_no.2
sycamore,3.6272189349112427,5.113733905579399,sabre,53Q_depth_Sycamore_small_None_5_2.55_no.7
rochester,1.7619047619047619,6.2272727272727275,sabre,53Q_gate_Rochester_small_1_1_1.5_no.1
rochester,2.6853932584269664,7.552631578947368,sa,53Q_depth_Rochester_small_None_2_2.55_no.8
sycamore,2.7857142857142856,7.491803278688525,random,53Q_gate_Sycamore_small_2_1_1.5_no.1
sycamore,3.533980582524272,6.776523702031603,identity,53Q_depth_Sycamore_small_None_5_2.55_no.9
rochester,8.229166666666666,9.805405405405406,identity,53Q_depth_Rochester_large_None_10_2.55_no.5
sycamore,4.0,4.545454545454546,sabre,53Q_gate_Sycamore_large_2_2_1.5_no.7
sycamore,4.285714285714286,3.6805194805194805,sabre,53Q_gate_Sycamore_large_1_10_1.5_no.2
tokyo,1.794871794871795,2.331896551724138,identity,20Q_gate_Tokyo_large_2_15_1.5_no.9
rochester,6.852941176470588,11.615384615384615,identity,53Q_depth_Rochester_small_None_1_1.5_no.3
sycamore,4.111111111111111,6.98051948051948,random,53Q_gate_Sycamore_large_2_3_1.5_no.9
tokyo,2.1785714285714284,2.6451612903225805,random,20Q_gate_Tokyo_large_2_0_1.5_no.2
rochester,3.268292682926829,5.046511627906977,sabre,53Q_gate_Rochester_large_1_3_1.5_no.9
rochester,3.148936170212766,10.7125,identity,53Q_depth_Rochester_large_None_2_1.5_no.8
tokyo,2.0798722044728435,2.585714285714286,identity,20Q_gate_Tokyo_large_1_25_1.5_no.1
rochester,5.295081967213115,5.207667731629393,sa,53Q_gate_Rochester_small_1_15_1.5_no.6
rochester,4.62,8.221556886227544,sa,53Q_depth_Rochester_large_None_2_1.5_no.3
rochester,6.640449438202247,5.820638820638821,sabre,53Q_gate_Rochester_large_2_25_1.5_no.0
rochester,6.176470588235294,8.849137931034482,random,53Q_gate_Rochester_small_1_10_1.5_no.6
sycamore,2.4705882352941178,6.4397590361445785,random,53Q_gate_Sycamore_large_2_3_1.5_no.7
sycamore,3.787878787878788,5.21875,sa,53Q_gate_Sycamore_large_2_1_1.5_no.8
rochester,5.482758620689655,11.945945945945946,identity,53Q_gate_Rochester_large_1_0_1.5_no.4
rochester,6.177777777777778,6.923076923076923,sabre,53Q_gate_Rochester_large_1_3_1.5_no.7
rochester,4.225806451612903,5.58955223880597,sabre,53Q_gate_Rochester_small_2_5_1.5_no.1
sycamore,1.7634408602150538,6.211206896551724,sa,53Q_depth_Sycamore_small_None_2_2.55_no.2
sycamore,6.519230769230769,6.50990099009901,random,53Q_gate_Sycamore_small_1_5_1.5_no.1
sycamore,3.8620689655172415,4.936507936507937,sa,53Q_depth_Sycamore_small_None_1_1.5_no.0
rochester,9.53191489361702,8.251572327044025,identity,53Q_gate_Rochester_large_2_25_1.5_no.1
sycamore,3.5,5.181102362204724,sa,53Q_gate_Sycamore_large_1_1_1.5_no.9
tokyo,2.342857142857143,2.6555183946488294,random,20Q_gate_Tokyo_large_1_15_1.5_no.0
sycamore,4.813559322033898,7.462962962962963,random,53Q_depth_Sycamore_large_None_1_2.55_no.0
rochester,5.821428571428571,5.348178137651822,sabre,53Q_gate_Rochester_small_1_15_1.5_no.2
rochester,8.806451612903226,8.381889763779528,random,53Q_depth_Rochester_large_None_4_2.55_no.7
rochester,6.902439024390244,7.784841075794621,identity,53Q_gate_Rochester_large_1_15_1.5_no.9
rochester,4.245454545454545,10.898678414096917,identity,53Q_depth_Rochester_large_None_4_1.5_no.2
sycamore,5.538461538461538,5.906705539358601,random,53Q_gate_Sycamore_small_1_15_1.5_no.8
tokyo,2.0191387559808613,2.4417910447761195,sabre,20Q_gate_Tokyo_large_2_25_1.5_no.3
sycamore,4.702479338842975,4.058407079646018,sa,53Q_gate_Sycamore_small_1_25_1.5_no.8
sycamore,4.22463768115942,5.053254437869822,random,53Q_gate_Sycamore_large_2_25_1.5_no.4
sycamore,4.175438596491228,5.155882352941177,sabre,53Q_depth_Sycamore_large_None_3_2.55_no.8
sycamore,4.490322580645161,3.9312320916905446,sa,53Q_gate_Sycamore_large_1_25_1.5_no.4
sycamore,2.4514563106796117,4.18961625282167,sabre,53Q_depth_Sycamore_small_None_5_2.55_no.9
rochester,8.821917808219178,8.016528925619834,random,53Q_gate_Rochester_large_2_15_1.5_no.2
rochester,6.91578947368421,5.761467889908257,sa,53Q_gate_Rochester_large_2_25_1.5_no.2
sycamore,4.063157894736842,5.085106382978723,sa,53Q_depth_Sycamore_large_None_4_1.5_no.5
sycamore,5.671052631578948,6.647619047619048,random,53Q_depth_Sycamore_large_None_3_1.5_no.2
rochester,6.935483870967742,15.26086956521739,identity,53Q_gate_Rochester_large_2_0_1.5_no.2
sycamore,6.229166666666667,6.68586387434555,identity,53Q_depth_Sycamore_large_None_1_1.5_no.3
rochester,7.384615384615385,9.666666666666666,random,53Q_gate_Rochester_large_1_3_1.5_no.5
tokyo,1.06,2.0526315789473686,sa,20Q_gate_Tokyo_large_2_2_1.5_no.2
rochester,6.6,12.680851063829786,random,53Q_gate_Rochester_small_2_1_1.5_no.9
tokyo,2.5,2.642105263157895,random,20Q_gate_Tokyo_large_2_10_1.5_no.6
tokyo,1.7209302325581395,2.054054054054054,sa,20Q_gate_Tokyo_large_1_2_1.5_no.1
sycamore,3.938775510204082,5.176470588235294,sa,53Q_gate_Sycamore_large_1_2_1.5_no.8
sycamore,2.8656716417910446,3.381679389312977,sabre,53Q_gate_Sycamore_large_2_10_1.5_no.7
rochester,1.8135593220338984,7.985074626865671,sa,53Q_gate_Rochester_small_1_1_1.5_no.5
rochester,7.092592592592593,7.703703703703703,identity,53Q_gate_Rochester_small_1_10_1.5_no.2
rochester,5.717948717948718,6.1923076923076925,sa,53Q_gate_Rochester_large_2_3_1.5_no.5
rochester,6.951219512195122,10.6,random,53Q_depth_Rochester_large_None_1_2.55_no.5
rochester,6.88135593220339,10.53968253968254,random,53Q_depth_Rochester_large_None_2_2.55_no.7
tokyo,2.0371900826446283,2.7566844919786098,identity,20Q_gate_Tokyo_large_2_25_1.5_no.4
sycamore,3.3404255319148937,5.4605263157894735,sa,53Q_gate_Sycamore_large_2_2_1.5_no.9
rochester,3.0921052631578947,9.507142857142858,sa,53Q_depth_Rochester_small_None_2_1.5_no.9
sycamore,3.4038461538461537,3.397489539748954,sabre,53Q_depth_Sycamore_large_None_2_1.5_no.7
rochester,4.775,4.026666666666666,sa,53Q_gate_Rochester_large_1_20_1.5_no.4
tokyo,1.9156626506024097,3.0707964601769913,random,20Q_gate_Tokyo_large_1_4_1.5_no.0
rochester,5.617283950617284,7.6976744186046515,random,53Q_gate_Rochester_large_2_10_1.5_no.4
sycamore,4.142857142857143,5.311953352769679,identity,53Q_gate_Sycamore_small_1_15_1.5_no.8
sycamore,2.873873873873874,6.535714285714286,identity,53Q_gate_Sycamore_small_1_3_1.5_no.1
sycamore,5.550724637681159,4.800613496932515,sa,53Q_gate_Sycamore_large_2_10_1.5_no.8
sycamore,3.796875,4.2693877551020405,sabre,53Q_depth_Sycamore_large_None_2_1.5_no.9
sycamore,3.4916201117318435,7.090909090909091,identity,53Q_depth_Sycamore_small_None_3_2.55_no.3
rochester,3.02212389380531,6.226215644820296,sabre,53Q_depth_Rochester_small_None_10_2.55_no.9
rochester,6.980769230769231,10.951612903225806,random,53Q_depth_Rochester_large_None_2_1.5_no.4
rochester,6.944444444444445,9.873239436619718,random,53Q_gate_Rochester_large_2_4_1.5_no.2
tokyo,1.8133333333333332,2.261904761904762,sabre,20Q_gate_Tokyo_large_1_4_1.5_no.8
sycamore,3.1834319526627217,6.699186991869919,identity,53Q_depth_Sycamore_small_None_4_1.5_no.6
sycamore,3.7354497354497354,6.963414634146342,random,53Q_depth_Sycamore_small_None_5_1.5_no.6
rochester,4.448275862068965,17.0,identity,53Q_gate_Rochester_small_1_0_1.5_no.7
sycamore,4.380281690140845,4.833333333333333,sa,53Q_gate_Sycamore_small_2_10_1.5_no.4
sycamore,6.7317073170731705,7.077922077922078,identity,53Q_gate_Sycamore_large_1_2_1.5_no.2
tokyo,2.088235294117647,2.5258620689655173,sabre,20Q_gate_Tokyo_large_2_4_1.5_no.9
rochester,8.254545454545454,10.47787610619469,random,53Q_depth_Rochester_small_None_4_1.5_no.6
sycamore,3.6,4.244897959183674,sabre,53Q_gate_Sycamore_small_1_3_1.5_no.9
rochester,4.0,5.90625,sa,53Q_gate_Rochester_small_2_10_1.5_no.0
sycamore,3.5080213903743314,6.2927461139896375,random,53Q_depth_Sycamore_small_None_4_2.55_no.5
rochester,2.6666666666666665,14.75,identity,53Q_gate_Rochester_small_2_0_1.5_no.1
sycamore,1.7575757575757576,5.595238095238095,sabre,53Q_gate_Sycamore_small_1_1_1.5_no.3
rochester,8.80327868852459,7.7894736842105265,random,53Q_gate_Rochester_small_1_15_1.5_no.0
tokyo,2.2205882352941178,2.909090909090909,identity,20Q_gate_Tokyo_large_2_5_1.5_no.4
rochester,4.918918918918919,9.107438016528926,sa,53Q_depth_Rochester_small_None_1_1.5_no.4
sycamore,5.205882352941177,5.475806451612903,sabre,53Q_gate_Sycamore_small_1_0_1.5_no.6
sycamore,4.026455026455026,6.063265306122449,identity,53Q_depth_Sycamore_large_None_5_2.55_no.0
tokyo,2.227272727272727,3.347826086956522,random,20Q_gate_Tokyo_large_1_0_1.5_no.8
tokyo,2.425531914893617,3.0470588235294116,identity,20Q_gate_Tokyo_large_2_4_1.5_no.1
rochester,4.088235294117647,10.962686567164178,random,53Q_depth_Rochester_large_None_1_1.5_no.3
rochester,7.555555555555555,14.72,random,53Q_gate_Rochester_large_2_0_1.5_no.0
tokyo,1.7808988764044944,2.2583892617449663,sabre,20Q_gate_Tokyo_large_2_20_1.5_no.0
sycamore,6.261904761904762,7.734939759036145,identity,53Q_depth_Sycamore_large_None_2_2.55_no.6
sycamore,5.102564102564102,6.562913907284768,identity,53Q_gate_Sycamore_large_1_1_1.5_no.5
rochester,5.333333333333333,5.242489270386266,sa,53Q_gate_Rochester_large_2_25_1.5_no.5
sycamore,3.9220779220779223,3.975845410628019,sa,53Q_gate_Sycamore_large_1_20_1.5_no.7
rochester,5.349514563106796,4.865612648221344,sabre,53Q_gate_Rochester_large_1_20_1.5_no.3
sycamore,2.0973451327433628,7.673076923076923,random,53Q_depth_Sycamore_small_None_1_1.5_no.4
sycamore,3.6210526315789475,5.0469208211143695,sa,53Q_depth_Sycamore_large_None_4_1.5_no.2
rochester,5.103174603174603,10.285714285714286,random,53Q_depth_Rochester_small_None_4_2.55_no.6
sycamore,3.038095238095238,6.862295081967213,random,53Q_depth_Sycamore_small_None_3_2.55_no.6
sycamore,3.5901639344262297,4.697416974169742,random,53Q_gate_Sycamore_large_1_20_1.5_no.9
rochester,6.419354838709677,6.072368421052632,identity,53Q_gate_Rochester_small_1_25_1.5_no.3
rochester,2.6470588235294117,7.409090909090909,sa,53Q_gate_Rochester_small_2_1_1.5_no.8
sycamore,3.2066666666666666,3.965865992414665,sabre,53Q_depth_Sycamore_large_None_10_2.55_no.2
tokyo,1.5693430656934306,2.231578947368421,sa,20Q_gate_Tokyo_large_2_15_1.5_no.2
sycamore,3.6142857142857143,3.7728055077452667,sabre,53Q_gate_Sycamore_small_1_25_1.5_no.0
sycamore,3.6842105263157894,4.418439716312057,sabre,53Q_depth_Sycamore_large_None_4_1.5_no.5
sycamore,2.8333333333333335,4.931506849315069,sa,53Q_depth_Sycamore_small_None_2_2.55_no.5
rochester,6.131578947368421,7.542168674698795,sa,53Q_gate_Rochester_large_1_3_1.5_no.8
sycamore,5.123287671232877,6.3076923076923075,random,53Q_gate_Sycamore_small_2_10_1.5_no.5
sycamore,3.7593582887700534,7.365284974093265,identity,53Q_depth_Sycamore_small_None_4_2.55_no.5
rochester,8.084033613445378,6.343450479233227,random,53Q_gate_Rochester_large_1_25_1.5_no.8
sycamore,5.5,5.295081967213115,sa,53Q_depth_Sycamore_small_None_1_1.5_no.7
tokyo,2.5714285714285716,2.870967741935484,identity,20Q_depth_Tokyo_large_None_1_1.5_no.2
sycamore,3.8051948051948052,4.0,sabre,53Q_gate_Sycamore_small_2_15_1.5_no.8
tokyo,2.0954773869346734,2.4910714285714284,random,20Q_gate_Tokyo_large_1_15_1.5_no.7
sycamore,1.443298969072165,4.821052631578947,sabre,53Q_gate_Sycamore_small_2_1_1.5_no.6
tokyo,1.556701030927835,2.4634146341463414,identity,20Q_gate_Tokyo_large_1_5_1.5_no.1
sycamore,3.176470588235294,5.787234042553192,sa,53Q_gate_Sycamore_small_2_0_1.5_no.8
sycamore,3.411764705882353,4.836538461538462,sabre,53Q_gate_Sycamore_small_2_0_1.5_no.3
sycamore,5.3441558441558445,5.2270531400966185,random,53Q_gate_Sycamore_large_1_20_1.5_no.7
tokyo,3.357142857142857,3.34375,random,20Q_gate_Tokyo_large_2_0_1.5_no.5
tokyo,2.359550561797753,2.762237762237762,identity,20Q_gate_Tokyo_large_1_4_1.5_no.4
rochester,3.220779220779221,4.186440677966102,sa,53Q_gate_Rochester_small_1_15_1.5_no.1
rochester,3.8958333333333335,8.39864864864865,sa,53Q_depth_Rochester_large_None_2_1.5_no.2
sycamore,1.9898989898989898,5.741935483870968,sabre,53Q_gate_Sycamore_small_2_2_1.5_no.9
sycamore,5.241379310344827,7.096774193548387,identity,53Q_gate_Sycamore_small_1_4_1.5_no.9
sycamore,1.8709677419354838,6.08235294117647,sa,53Q_gate_Sycamore_small_1_0_1.5_no.9
rochester,8.587301587301587,9.57439446366782,identity,53Q_depth_Rochester_large_None_5_1.5_no.0
rochester,1.6864406779661016,8.8,sa,53Q_depth_Rochester_small_None_2_2.55_no.9
rochester,5.315789473684211,7.085714285714285,sa,53Q_gate_Rochester_small_2_5_1.5_no.0
sycamore,6.852941176470588,7.314516129032258,identity,53Q_gate_Sycamore_small_1_0_1.5_no.6
tokyo,1.9166666666666667,2.9186046511627906,identity,20Q_depth_Tokyo_large_None_1_2.55_no.3
rochester,6.25,10.292682926829269,identity,53Q_gate_Rochester_large_1_2_1.5_no.9
sycamore,6.181818181818182,6.479166666666667,random,53Q_depth_Sycamore_large_None_2_1.5_no.6
rochester,2.4074074074074074,4.481481481481482,sabre,53Q_gate_Rochester_small_2_10_1.5_no.1
sycamore,2.1018518518518516,5.2,sa,53Q_gate_Sycamore_small_1_3_1.5_no.8
rochester,6.542857142857143,12.042016806722689,random,53Q_gate_Rochester_large_1_2_1.5_no.1
sycamore,3.8684210526315788,3.8874172185430464,sabre,53Q_gate_Sycamore_small_2_25_1.5_no.5
rochester,4.813953488372093,5.853932584269663,sa,53Q_gate_Rochester_small_2_10_1.5_no.7
sycamore,5.923076923076923,7.397350993377484,random,53Q_gate_Sycamore_large_1_1_1.5_no.5
rochester,3.9166666666666665,6.323308270676692,sa,53Q_depth_Rochester_small_None_1_1.5_no.5
sycamore,1.7289719626168225,4.942857142857143,sa,53Q_gate_Sycamore_small_2_3_1.5_no.9
rochester,4.485714285714286,5.921052631578948,sabre,53Q_gate_Rochester_large_2_1_1.5_no.5
tokyo,1.6781609195402298,2.101098901098901,sa,20Q_depth_Tokyo_large_None_10_1.5_no.5
tokyo,2.1159420289855073,2.7542372881355934,identity,20Q_depth_Tokyo_large_None_10_1.5_no.3
sycamore,2.9019607843137254,3.727272727272727,sabre,53Q_gate_Sycamore_large_1_3_1.5_no.7
sycamore,6.9,6.597402597402597,identity,53Q_gate_Sycamore_large_2_4_1.5_no.5
sycamore,5.487804878048781,4.720779220779221,sabre,53Q_gate_Sycamore_large_1_2_1.5_no.2
sycamore,2.5701754385964914,6.412765957446808,random,53Q_depth_Sycamore_small_None_10_2.55_no.7
sycamore,2.958904109589041,4.315789473684211,sabre,53Q_depth_Sycamore_small_None_4_2.55_no.6
sycamore,3.3125,4.411290322580645,sabre,53Q_depth_Sycamore_large_None_2_2.55_no.7
sycamore,4.118421052631579,4.595744680851064,sa,53Q_gate_Sycamore_small_2_15_1.5_no.7
rochester,6.054054054054054,9.859375,identity,53Q_gate_Rochester_large_1_4_1.5_no.9
sycamore,3.6363636363636362,4.508928571428571,sabre,53Q_gate_Sycamore_large_1_0_1.5_no.8
sycamore,5.541666666666667,7.030612244897959,random,53Q_gate_Sycamore_large_2_5_1.5_no.5
rochester,3.883720930232558,5.244318181818182,sa,53Q_depth_Rochester_small_None_2_1.5_no.8
sycamore,4.821138211382114,4.871153846153846,identity,53Q_gate_Sycamore_large_2_25_1.5_no.9
rochester,4.224489795918367,6.151219512195122,sabre,53Q_gate_Rochester_large_1_5_1.5_no.5
sycamore,2.946308724832215,4.622222222222222,sabre,53Q_depth_Sycamore_small_None_4_2.55_no.8
rochester,3.75,8.793103448275861,sabre,53Q_gate_Rochester_small_2_3_1.5_no.3
rochester,6.261904761904762,6.761146496815287,sabre,53Q_depth_Rochester_large_None_5_2.55_no.7
rochester,6.25,9.664473684210526,random,53Q_gate_Rochester_large_2_5_1.5_no.6
rochester,4.87378640776699,5.304347826086956,sa,53Q_gate_Rochester_large_1_20_1.5_no.3
sycamore,4.918367346938775,5.78021978021978,identity,53Q_gate_Sycamore_small_2_5_1.5_no.6
sycamore,4.148148148148148,6.616541353383458,random,53Q_gate_Sycamore_small_1_3_1.5_no.3
tokyo,2.1237113402061856,2.760869565217391,random,20Q_gate_Tokyo_large_1_4_1.5_no.7
sycamore,4.243478260869566,5.381005586592178,random,53Q_depth_Sycamore_large_None_10_1.5_no.5
sycamore,4.959016393442623,7.251396648044692,random,53Q_depth_Sycamore_small_None_4_1.5_no.2
rochester,5.2592592592592595,12.266666666666667,random,53Q_depth_Rochester_small_None_1_2.55_no.4
sycamore,4.488372093023256,5.535714285714286,sabre,53Q_depth_Sycamore_large_None_2_2.55_no.9
rochester,7.96875,6.537174721189591,identity,53Q_gate_Rochester_large_1_20_1.5_no.8
rochester,6.526315789473684,12.163636363636364,random,53Q_depth_Rochester_small_None_2_2.55_no.6
tokyo,2.0,2.0353982300884956,sa,20Q_gate_Tokyo_large_2_3_1.5_no.6
tokyo,2.8333333333333335,2.8653846153846154,random,20Q_gate_Tokyo_large_2_10_1.5_no.1
sycamore,4.21160409556314,5.978260869565218,random,53Q_depth_Sycamore_large_None_10_2.55_no.3
sycamore,4.9393939393939394,7.527777777777778,identity,53Q_gate_Sycamore_small_2_1_1.5_no.9
rochester,6.958333333333333,9.4,identity,53Q_gate_Rochester_large_2_10_1.5_no.0
tokyo,1.7922077922077921,2.293577981651376,sa,20Q_gate_Tokyo_large_1_3_1.5_no.5
rochester,3.5185185185185186,6.481481481481482,sa,53Q_gate_Rochester_small_1_1_1.5_no.2
rochester,5.641025641025641,7.188679245283019,sa,53Q_gate_Rochester_large_2_3_1.5_no.2
sycamore,4.395833333333333,6.423841059602649,identity,53Q_gate_Sycamore_small_1_2_1.5_no.3
sycamore,6.770833333333333,5.43801652892562,random,53Q_gate_Sycamore_large_1_5_1.5_no.6
sycamore,2.482142857142857,4.269230769230769,sabre,53Q_depth_Sycamore_small_None_4_1.5_no.1
rochester,4.0,4.9868421052631575,sabre,53Q_gate_Rochester_large_2_5_1.5_no.6
rochester,2.7066666666666666,13.75,identity,53Q_gate_Rochester_small_2_0_1.5_no.9
rochester,6.219512195121951,12.88888888888889,identity,53Q_depth_Rochester_small_None_1_2.55_no.0
rochester,4.239130434782608,5.342105263157895,sabre,53Q_gate_Rochester_small_1_3_1.5_no.0
tokyo,2.105,2.4732824427480917,identity,20Q_gate_Tokyo_large_2_20_1.5_no.1
tokyo,1.3832335329341316,2.2119205298013247,sa,20Q_depth_Tokyo_large_None_3_2.55_no.2
sycamore,6.953488372093023,6.949438202247191,random,53Q_gate_Sycamore_small_2_3_1.5_no.0
rochester,4.411764705882353,11.329113924050633,random,53Q_gate_Rochester_small_1_1_1.5_no.0
tokyo,1.6594594594594594,2.8688524590163933,identity,20Q_depth_Tokyo_large_None_3_2.55_no.1
rochester,4.790697674418604,6.110344827586207,sabre,53Q_depth_Rochester_large_None_1_2.55_no.8
sycamore,3.6989247311827955,6.545081967213115,random,53Q_depth_Sycamore_small_None_2_1.5_no.8
sycamore,4.364583333333333,6.699284009546539,identity,53Q_depth_Sycamore_large_None_5_2.55_no.8
tokyo,2.2911392405063293,2.546875,random,20Q_gate_Tokyo_large_1_5_1.5_no.6
sycamore,2.8979591836734695,3.5107913669064748,sabre,53Q_gate_Sycamore_large_2_15_1.5_no.2
sycamore,3.6,6.650895140664962,identity,53Q_depth_Sycamore_small_None_10_1.5_no.4
rochester,3.8363636363636364,7.80625,sabre,53Q_depth_Rochester_large_None_3_1.5_no.1
tokyo,1.7046979865771812,2.561224489795918,identity,20Q_gate_Tokyo_large_1_10_1.5_no.9
rochester,2.3333333333333335,6.45,sa,53Q_gate_Rochester_small_1_0_1.5_no.3
sycamore,4.696078431372549,4.285,sa,53Q_gate_Sycamore_large_1_15_1.5_no.1
rochester,4.4,7.092592592592593,sa,53Q_gate_Rochester_large_2_2_1.5_no.3
sycamore,6.16,6.23943661971831,identity,53Q_gate_Sycamore_small_1_10_1.5_no.5
sycamore,2.27816091954023,5.131614654002714,sabre,53Q_depth_Sycamore_small_None_10_2.55_no.9
tokyo,1.058091286307054,1.1604651162790698,sa,20Q_gate_Tokyo_large_1_20_1.5_no.9
sycamore,5.349056603773585,5.306666666666667,identity,53Q_gate_Sycamore_small_1_20_1.5_no.7
rochester,4.794871794871795,7.780487804878049,sa,53Q_depth_Rochester_small_None_1_1.5_no.6
tokyo,2.028169014084507,2.5789473684210527,sabre,20Q_gate_Tokyo_large_2_15_1.5_no.6
sycamore,6.014084507042254,4.987179487179487,identity,53Q_gate_Sycamore_large_1_25_1.5_no.3
sycamore,5.878787878787879,7.7265625,random,53Q_gate_Sycamore_large_2_1_1.5_no.8
rochester,5.092436974789916,6.49171270718232,sa,53Q_depth_Rochester_small_None_10_1.5_no.8
rochester,3.2051282051282053,4.630252100840337,sabre,53Q_gate_Rochester_large_1_1_1.5_no.8
sycamore,5.735294117647059,5.7025,identity,53Q_gate_Sycamore_large_1_15_1.5_no.1
rochester,5.262569832402234,9.589327146171694,identity,53Q_depth_Rochester_small_None_10_2.55_no.2
rochester,6.410958904109589,6.098265895953757,identity,53Q_gate_Rochester_small_2_20_1.5_no.2
sycamore,1.9605263157894737,4.497872340425532,sabre,53Q_depth_Sycamore_small_None_10_2.55_no.7
tokyo,1.1371681415929205,1.9583333333333333,sa,20Q_depth_Tokyo_large_None_5_2.55_no.1
sycamore,5.361111111111111,6.9743589743589745,random,53Q_gate_Sycamore_large_2_1_1.5_no.6
rochester,4.548387096774194,5.387096774193548,sabre,53Q_gate_Rochester_large_1_1_1.5_no.6
rochester,6.03960396039604,9.770700636942674,random,53Q_depth_Rochester_large_None_5_2.55_no.6
tokyo,1.537117903930131,1.7826086956521738,sa,20Q_gate_Tokyo_large_2_25_1.5_no.5
rochester,6.295454545454546,11.055555555555555,random,53Q_depth_Rochester_small_None_5_1.5_no.4
sycamore,3.0253164556962027,5.119402985074627,sabre,53Q_gate_Sycamore_small_1_4_1.5_no.6
tokyo,1.9874213836477987,2.9065420560747666,random,20Q_gate_Tokyo_large_2_15_1.5_no.8
sycamore,3.19672131147541,6.340425531914893,identity,53Q_gate_Sycamore_large_1_3_1.5_no.0
tokyo,1.849056603773585,3.2666666666666666,identity,20Q_gate_Tokyo_large_2_0_1.5_no.1
sycamore,3.5964912280701755,4.435754189944134,sabre,53Q_gate_Sycamore_small_1_5_1.5_no.3
sycamore,6.12280701754386,6.358778625954199,random,53Q_gate_Sycamore_large_1_5_1.5_no.8
rochester,7.148148148148148,11.12280701754386,identity,53Q_depth_Rochester_large_None_2_2.55_no.3
rochester,7.907407407407407,9.392241379310345,identity,53Q_depth_Rochester_large_None_3_2.55_no.4
tokyo,1.8518518518518519,3.3333333333333335,identity,20Q_gate_Tokyo_large_2_1_1.5_no.4
rochester,5.4,4.955882352941177,sabre,53Q_gate_Rochester_large_2_5_1.5_no.8
rochester,7.428571428571429,8.879828326180258,random,53Q_depth_Rochester_large_None_3_1.5_no.6
sycamore,6.351351351351352,6.456692913385827,random,53Q_depth_Sycamore_large_None_3_2.55_no.5
sycamore,3.6576576576576576,3.889400921658986,sa,53Q_gate_Sycamore_small_2_20_1.5_no.1
rochester,4.670103092783505,4.385542168674699,sabre,53Q_gate_Rochester_small_1_25_1.5_no.1
rochester,3.337078651685393,11.381578947368421,identity,53Q_depth_Rochester_small_None_2_2.55_no.8
rochester,5.5588235294117645,9.808,random,53Q_gate_Rochester_small_2_3_1.5_no.1
sycamore,3.897233201581028,5.95873786407767,random,53Q_depth_Sycamore_small_None_10_1.5_no.6
rochester,7.655555555555556,6.283757338551859,identity,53Q_gate_Rochester_large_1_15_1.5_no.1
tokyo,1.0422535211267605,1.1208053691275168,sa,20Q_gate_Tokyo_large_1_4_1.5_no.9
rochester,4.20353982300885,7.209302325581396,sabre,53Q_depth_Rochester_small_None_5_2.55_no.4
rochester,6.983606557377049,10.04368932038835,random,53Q_depth_Rochester_large_None_3_2.55_no.6
sycamore,3.391304347826087,4.015706806282722,sabre,53Q_gate_Sycamore_large_2_5_1.5_no.8
tokyo,1.9074074074074074,3.0,random,20Q_gate_Tokyo_large_2_1_1.5_no.4
rochester,3.9473684210526314,6.4392523364485985,sa,53Q_gate_Rochester_small_2_4_1.5_no.1
tokyo,2.029850746268657,2.6495956873315363,identity,20Q_gate_Tokyo_large_1_20_1.5_no.4
tokyo,1.8111888111888113,2.6633663366336635,identity,20Q_depth_Tokyo_large_None_5_1.5_no.1
rochester,9.381578947368421,8.49238578680203,random,53Q_gate_Rochester_large_2_20_1.5_no.8
rochester,5.230769230769231,7.4243421052631575,sabre,53Q_depth_Rochester_small_None_5_1.5_no.5
rochester,4.674698795180723,12.1375,identity,53Q_depth_Rochester_small_None_3_1.5_no.6
rochester,8.166666666666666,9.847133757961783,identity,53Q_depth_Rochester_large_None_5_2.55_no.7
sycamore,3.2061855670103094,2.7242990654205608,sabre,53Q_gate_Sycamore_large_1_15_1.5_no.7
rochester,6.140350877192983,8.737556561085972,identity,53Q_depth_Rochester_large_None_4_2.55_no.0
tokyo,1.4371859296482412,1.9305555555555556,sa,20Q_depth_Tokyo_large_None_4_2.55_no.6
sycamore,6.102564102564102,6.364485981308412,random,53Q_gate_Sycamore_large_2_15_1.5_no.7
rochester,4.489208633093525,6.993103448275862,identity,53Q_gate_Rochester_large_2_25_1.5_no.9
tokyo,1.4736842105263157,1.894736842105263,sa,20Q_depth_Tokyo_large_None_3_1.5_no.0
rochester,5.631578947368421,10.09375,random,53Q_gate_Rochester_small_1_4_1.5_no.6
sycamore,1.8076923076923077,5.238907849829351,sa,53Q_depth_Sycamore_small_None_3_2.55_no.7
rochester,6.60655737704918,8.651209677419354,random,53Q_depth_Rochester_large_None_10_1.5_no.6
tokyo,1.3409961685823755,1.9602803738317758,sabre,20Q_depth_Tokyo_large_None_10_1.5_no.7
sycamore,4.575221238938053,5.071895424836601,sa,53Q_depth_Sycamore_large_None_5_1.5_no.3
sycamore,5.266666666666667,6.462365591397849,identity,53Q_depth_Sycamore_large_None_3_2.55_no.2
tokyo,1.4772727272727273,1.9130434782608696,sa,20Q_gate_Tokyo_large_1_0_1.5_no.8
rochester,3.2903225806451615,5.220532319391635,sa,53Q_gate_Rochester_small_1_10_1.5_no.8
sycamore,5.983333333333333,5.211243611584327,random,53Q_gate_Sycamore_small_1_25_1.5_no.5
tokyo,2.1013824884792625,2.8025751072961373,sabre,20Q_depth_Tokyo_large_None_5_2.55_no.9
sycamore,5.626262626262626,5.836585365853659,random,53Q_gate_Sycamore_large_2_15_1.5_no.9
rochester,6.121621621621622,5.95575221238938,sabre,53Q_gate_Rochester_large_2_15_1.5_no.3
rochester,3.8666666666666667,6.574074074074074,sa,53Q_depth_Rochester_large_None_2_1.5_no.1
tokyo,1.4215686274509804,1.5333333333333334,sa,20Q_depth_Tokyo_large_None_2_2.55_no.5
sycamore,3.89,6.497572815533981,identity,53Q_depth_Sycamore_small_None_5_2.55_no.1
rochester,5.583333333333333,9.2549889135255,random,53Q_depth_Rochester_large_None_10_2.55_no.2
rochester,1.3466666666666667,6.5,sa,53Q_gate_Rochester_small_2_0_1.5_no.9
rochester,4.03125,5.536585365853658,sa,53Q_gate_Rochester_large_1_2_1.5_no.9
rochester,8.928571428571429,8.156862745098039,identity,53Q_gate_Rochester_large_2_10_1.5_no.8
rochester,5.638888888888889,10.91304347826087,identity,53Q_gate_Rochester_small_1_2_1.5_no.2
sycamore,2.3660714285714284,7.430851063829787,identity,53Q_depth_Sycamore_small_None_2_2.55_no.7
sycamore,2.7037037037037037,6.595505617977528,random,53Q_depth_Sycamore_small_None_1_2.55_no.3
sycamore,3.2051282051282053,3.56268221574344,sabre,53Q_gate_Sycamore_small_1_10_1.5_no.8
rochester,8.0,14.3125,random,53Q_gate_Rochester_small_1_0_1.5_no.4
rochester,7.193548387096774,12.151515151515152,random,53Q_gate_Rochester_large_2_2_1.5_no.8
sycamore,2.4857142857142858,3.6161879895561357,sabre,53Q_gate_Sycamore_small_2_20_1.5_no.0
sycamore,6.648148148148148,6.341121495327103,identity,53Q_gate_Sycamore_large_2_5_1.5_no.7
rochester,4.657894736842105,6.602649006622516,sabre,53Q_depth_Rochester_large_None_2_1.5_no.5
rochester,5.6902654867256635,10.181208053691275,random,53Q_depth_Rochester_small_None_5_2.55_no.7
rochester,9.19047619047619,7.356043956043956,random,53Q_gate_Rochester_large_1_15_1.5_no.4
sycamore,3.732142857142857,4.619565217391305,sabre,53Q_gate_Sycamore_large_1_4_1.5_no.8
tokyo,1.9338235294117647,3.0,identity,20Q_depth_Tokyo_large_None_3_1.5_no.3
tokyo,2.2142857142857144,3.3035714285714284,random,20Q_gate_Tokyo_large_1_1_1.5_no.9
rochester,6.515151515151516,7.16247582205029,identity,53Q_gate_Rochester_large_1_20_1.5_no.0
rochester,2.5238095238095237,12.175,identity,53Q_gate_Rochester_small_2_2_1.5_no.4
sycamore,4.022988505747127,6.234957020057307,identity,53Q_depth_Sycamore_large_None_4_2.55_no.4
sycamore,6.090909090909091,7.5625,identity,53Q_gate_Sycamore_large_2_1_1.5_no.8
rochester,3.4375,6.925,sa,53Q_gate_Rochester_small_1_0_1.5_no.4
sycamore,6.084507042253521,5.929260450160772,identity,53Q_gate_Sycamore_small_2_15_1.5_no.2
sycamore,4.869047619047619,4.428571428571429,sa,53Q_gate_Sycamore_large_1_10_1.5_no.2
rochester,4.864864864864865,8.67716535433071,sa,53Q_depth_Rochester_small_None_1_1.5_no.7
sycamore,5.7317073170731705,5.527272727272727,identity,53Q_gate_Sycamore_small_2_25_1.5_no.0
rochester,2.7857142857142856,5.360824742268041,sa,53Q_gate_Rochester_large_2_2_1.5_no.4
sycamore,5.510204081632653,5.305494505494505,identity,53Q_gate_Sycamore_large_2_20_1.5_no.4
rochester,5.222222222222222,9.6,identity,53Q_gate_Rochester_large_1_4_1.5_no.1
rochester,3.5185185185185186,5.756238003838772,sa,53Q_depth_Rochester_small_None_10_1.5_no.9
tokyo,1.6470588235294117,2.0927152317880795,sabre,20Q_gate_Tokyo_large_2_10_1.5_no.5
sycamore,5.617977528089888,6.186588921282799,identity,53Q_depth_Sycamore_large_None_3_1.5_no.6
sycamore,4.1441441441441444,5.294117647058823,identity,53Q_gate_Sycamore_large_2_10_1.5_no.6
rochester,4.23404255319149,6.9352517985611515,sabre,53Q_depth_Rochester_small_None_2_2.55_no.7
rochester,6.2272727272727275,9.352941176470589,identity,53Q_gate_Rochester_large_2_4_1.5_no.7
rochester,4.760869565217392,5.544378698224852,sa,53Q_gate_Rochester_small_2_15_1.5_no.9
sycamore,3.0784313725490198,4.966442953020135,sabre,53Q_depth_Sycamore_large_None_1_2.55_no.4
rochester,5.486111111111111,9.296875,random,53Q_gate_Rochester_small_2_10_1.5_no.0
sycamore,4.222222222222222,6.114754098360656,identity,53Q_gate_Sycamore_small_2_4_1.5_no.4
tokyo,1.3089887640449438,1.5436241610738255,sa,20Q_gate_Tokyo_large_2_20_1.5_no.0
rochester,3.972972972972973,6.031496062992126,sabre,53Q_depth_Rochester_small_None_1_1.5_no.7
tokyo,1.7835051546391754,3.0,random,20Q_gate_Tokyo_large_1_5_1.5_no.1
sycamore,3.6865671641791047,4.85531914893617,sabre,53Q_depth_Sycamore_small_None_2_1.5_no.3
sycamore,5.811320754716981,6.177664974619289,random,53Q_gate_Sycamore_large_1_3_1.5_no.4
sycamore,4.026315789473684,4.882352941176471,sa,53Q_depth_Sycamore_large_None_3_2.55_no.8
rochester,3.242424242424242,4.509433962264151,sabre,53Q_gate_Rochester_large_2_3_1.5_no.4
rochester,3.36231884057971,7.73404255319149,sa,53Q_depth_Rochester_large_None_2_1.5_no.0
sycamore,5.660714285714286,7.016304347826087,identity,53Q_gate_Sycamore_large_1_4_1.5_no.8
rochester,6.441666666666666,8.490196078431373,random,53Q_depth_Rochester_small_None_10_1.5_no.7
rochester,4.659574468085107,6.3881578947368425,sabre,53Q_gate_Rochester_small_1_5_1.5_no.2
rochester,7.962962962962963,12.142857142857142,random,53Q_gate_Rochester_large_1_0_1.5_no.9
rochester,5.888888888888889,14.620689655172415,random,53Q_gate_Rochester_small_2_2_1.5_no.5
sycamore,5.527272727272727,6.341463414634147,random,53Q_gate_Sycamore_small_2_5_1.5_no.2
rochester,6.457142857142857,11.865546218487395,identity,53Q_gate_Rochester_large_1_2_1.5_no.1
sycamore,5.75,6.03420523138833,identity,53Q_depth_Sycamore_large_None_5_1.5_no.6
sycamore,5.423529411764706,5.180851063829787,random,53Q_gate_Sycamore_large_1_10_1.5_no.4
sycamore,4.11864406779661,5.738738738738738,random,53Q_gate_Sycamore_small_2_20_1.5_no.8
sycamore,4.3545454545454545,5.536842105263158,sa,53Q_depth_Sycamore_small_None_3_2.55_no.0
rochester,4.424657534246576,4.901734104046243,sabre,53Q_gate_Rochester_small_2_20_1.5_no.2
tokyo,1.7264150943396226,2.536,sa,20Q_depth_Tokyo_large_None_2_1.5_no.1
tokyo,2.0,2.8620689655172415,identity,20Q_depth_Tokyo_large_None_2_2.55_no.0
rochester,4.816326530612245,8.61344537815126,random,53Q_gate_Rochester_small_2_15_1.5_no.6
rochester,7.5625,11.419642857142858,identity,53Q_gate_Rochester_large_2_2_1.5_no.7
sycamore,2.6176470588235294,4.343612334801762,sa,53Q_depth_Sycamore_large_None_5_1.5_no.4
sycamore,5.5,7.7924528301886795,identity,53Q_gate_Sycamore_large_1_0_1.5_no.7
tokyo,2.3977695167286246,2.741304347826087,sabre,20Q_depth_Tokyo_large_None_10_1.5_no.0
sycamore,2.3389121338912133,3.472361809045226,sabre,53Q_depth_Sycamore_large_None_10_1.5_no.4
sycamore,3.631818181818182,6.841346153846154,random,53Q_depth_Sycamore_large_None_4_2.55_no.6
rochester,3.7954545454545454,8.214285714285714,sabre,53Q_depth_Rochester_small_None_4_1.5_no.1
sycamore,3.8174603174603177,3.8767123287671232,sabre,53Q_gate_Sycamore_small_1_20_1.5_no.5
sycamore,5.305084745762712,6.238095238095238,random,53Q_depth_Sycamore_large_None_5_1.5_no.8
rochester,6.976744186046512,12.427272727272728,identity,53Q_depth_Rochester_small_None_2_1.5_no.4
rochester,5.851063829787234,9.625,random,53Q_gate_Rochester_small_1_5_1.5_no.2
rochester,7.382352941176471,9.723076923076922,identity,53Q_gate_Rochester_small_1_4_1.5_no.2
rochester,4.650793650793651,5.098305084745762,sabre,53Q_gate_Rochester_large_1_10_1.5_no.0
rochester,4.818181818181818,6.129770992366412,sa,53Q_gate_Rochester_small_2_4_1.5_no.6
sycamore,5.53125,8.135135135135135,identity,53Q_gate_Sycamore_small_1_1_1.5_no.4
sycamore,2.9959100204498976,6.71484375,identity,53Q_depth_Sycamore_small_None_10_2.55_no.5
sycamore,4.0,5.166219839142091,sa,53Q_depth_Sycamore_small_None_4_1.5_no.9
sycamore,3.4285714285714284,3.6545454545454548,sabre,53Q_gate_Sycamore_small_2_4_1.5_no.3
tokyo,1.9714285714285715,2.92,identity,20Q_gate_Tokyo_large_1_0_1.5_no.4
rochester,7.126984126984127,10.84,random,53Q_depth_Rochester_small_None_3_2.55_no.7
tokyo,1.8187919463087248,2.561224489795918,random,20Q_gate_Tokyo_large_1_10_1.5_no.9
sycamore,3.5918367346938775,4.263736263736264,sabre,53Q_gate_Sycamore_small_2_5_1.5_no.6
rochester,3.1136363636363638,7.44,sabre,53Q_gate_Rochester_small_2_1_1.5_no.2
tokyo,2.185185185185185,3.073529411764706,identity,20Q_gate_Tokyo_large_1_1_1.5_no.1
sycamore,3.7358490566037736,7.935779816513762,random,53Q_gate_Sycamore_small_1_1_1.5_no.2
sycamore,3.8468468468468466,4.818777292576419,sa,53Q_gate_Sycamore_small_2_25_1.5_no.2
tokyo,1.6503267973856208,1.994047619047619,sabre,20Q_gate_Tokyo_large_1_25_1.5_no.9
rochester,8.280701754385966,8.79,random,53Q_gate_Rochester_large_1_10_1.5_no.2
sycamore,4.594059405940594,5.836923076923077,random,53Q_gate_Sycamore_small_2_20_1.5_no.6
tokyo,3.1515151515151514,2.8529411764705883,random,20Q_gate_Tokyo_large_2_1_1.5_no.3
rochester,6.972972972972973,10.278571428571428,identity,53Q_gate_Rochester_small_2_4_1.5_no.4
rochester,6.333333333333333,8.41025641025641,identity,53Q_gate_Rochester_small_2_15_1.5_no.3
rochester,2.9220779220779223,12.717647058823529,random,53Q_gate_Rochester_small_1_1_1.5_no.8
sycamore,7.236363636363636,4.666666666666667,sabre,53Q_depth_Sycamore_large_None_1_2.55_no.6
sycamore,5.434782608695652,6.0,identity,53Q_gate_Sycamore_large_1_2_1.5_no.4
rochester,8.090909090909092,9.547169811320755,random,53Q_gate_Rochester_large_2_3_1.5_no.4
sycamore,3.0876288659793816,3.856899488926746,sabre,53Q_gate_Sycamore_small_1_25_1.5_no.6
sycamore,3.76271186440678,5.078651685393258,sa,53Q_depth_Sycamore_large_None_1_2.55_no.3
sycamore,2.325,4.921052631578948,sa,53Q_depth_Sycamore_large_None_3_1.5_no.1
rochester,6.288461538461538,5.726190476190476,sabre,53Q_depth_Rochester_large_None_3_1.5_no.9
tokyo,2.0384615384615383,1.8360655737704918,sa,20Q_gate_Tokyo_large_1_0_1.5_no.0
rochester,6.666666666666667,11.925675675675675,random,53Q_depth_Rochester_large_None_2_1.5_no.2
rochester,5.887323943661972,9.663900414937759,identity,53Q_depth_Rochester_small_None_4_1.5_no.4
tokyo,2.0102389078498293,2.90521327014218,random,20Q_depth_Tokyo_large_None_10_1.5_no.9
tokyo,2.1357142857142857,2.390728476821192,sa,20Q_depth_Tokyo_large_None_5_1.5_no.9
sycamore,5.597014925373134,6.428571428571429,random,53Q_depth_Sycamore_small_None_2_1.5_no.0
tokyo,1.1428571428571428,1.6,sa,20Q_gate_Tokyo_large_2_0_1.5_no.3
rochester,4.975,4.936,sabre,53Q_depth_Rochester_large_None_1_2.55_no.0
rochester,6.333333333333333,7.4704370179948585,random,53Q_gate_Rochester_small_1_20_1.5_no.2
tokyo,2.1372549019607843,2.642857142857143,random,20Q_gate_Tokyo_large_1_25_1.5_no.9
rochester,6.765625,10.47844827586207,random,53Q_depth_Rochester_small_None_4_1.5_no.0
tokyo,2.5232558139534884,2.909090909090909,identity,20Q_depth_Tokyo_large_None_3_1.5_no.1
rochester,7.319148936170213,10.938547486033519,random,53Q_depth_Rochester_large_None_2_2.55_no.1
rochester,6.7105263157894735,11.752,random,53Q_depth_Rochester_large_None_1_2.55_no.3
sycamore,3.296551724137931,7.772532188841201,random,53Q_depth_Sycamore_large_None_2_2.55_no.4
rochester,6.744186046511628,8.338983050847459,random,53Q_gate_Rochester_large_1_4_1.5_no.3
rochester,8.428571428571429,10.755725190839694,identity,53Q_depth_Rochester_large_None_1_1.5_no.5
tokyo,1.5408163265306123,2.3278688524590163,sa,20Q_gate_Tokyo_large_1_4_1.5_no.1
tokyo,2.17,2.9886363636363638,random,20Q_depth_Tokyo_large_None_5_1.5_no.6
tokyo,1.1428571428571428,1.821917808219178,sa,20Q_gate_Tokyo_large_2_4_1.5_no.2
sycamore,6.0227272727272725,6.911764705882353,identity,53Q_gate_Sycamore_small_1_3_1.5_no.7
sycamore,1.9350649350649352,5.864864864864865,sabre,53Q_gate_Sycamore_small_2_1_1.5_no.0
tokyo,2.2222222222222223,2.6956521739130435,identity,20Q_gate_Tokyo_large_1_5_1.5_no.7
rochester,2.7758620689655173,7.034090909090909,sa,53Q_gate_Rochester_small_2_2_1.5_no.3
sycamore,2.5,5.24468085106383,sabre,53Q_gate_Sycamore_small_2_0_1.5_no.5
sycamore,2.483695652173913,4.6498740554156175,sa,53Q_gate_Sycamore_small_1_15_1.5_no.1
rochester,4.066666666666666,8.561643835616438,sa,53Q_gate_Rochester_large_1_0_1.5_no.3
rochester,7.103448275862069,6.338235294117647,random,53Q_gate_Rochester_large_2_25_1.5_no.6
tokyo,1.9322033898305084,2.935483870967742,identity,20Q_gate_Tokyo_large_1_4_1.5_no.2
sycamore,3.6129032258064515,4.774725274725275,sabre,53Q_depth_Sycamore_large_None_1_2.55_no.8
sycamore,6.084745762711864,5.348484848484849,identity,53Q_gate_Sycamore_large_1_20_1.5_no.8
rochester,8.20754716981132,8.087649402390438,identity,53Q_gate_Rochester_large_2_10_1.5_no.2
rochester,5.216216216216216,11.53,identity,53Q_gate_Rochester_small_1_2_1.5_no.8
sycamore,5.280701754385965,6.731578947368421,random,53Q_depth_Sycamore_large_None_1_1.5_no.2
tokyo,1.9659090909090908,2.5655021834061134,sabre,20Q_depth_Tokyo_large_None_10_2.55_no.0
rochester,8.454545454545455,11.078341013824884,random,53Q_depth_Rochester_large_None_4_2.55_no.1
sycamore,2.5619047619047617,7.132075471698113,random,53Q_gate_Sycamore_large_1_3_1.5_no.8
rochester,7.967741935483871,13.262135922330097,random,53Q_gate_Rochester_large_1_1_1.5_no.5
rochester,4.947368421052632,11.516129032258064,random,53Q_gate_Rochester_small_2_3_1.5_no.9
rochester,4.657894736842105,4.74,sabre,53Q_gate_Rochester_large_2_3_1.5_no.8
sycamore,3.306122448979592,3.6748768472906406,sabre,53Q_gate_Sycamore_large_1_3_1.5_no.1
rochester,6.271739130434782,7.505917159763314,identity,53Q_gate_Rochester_small_2_15_1.5_no.9
rochester,3.0681818181818183,7.0285714285714285,sa,53Q_depth_Rochester_small_None_4_1.5_no.1
rochester,4.46875,5.651685393258427,sa,53Q_gate_Rochester_small_2_20_1.5_no.9
sycamore,3.0869565217391304,4.2592592592592595,sabre,53Q_gate_Sycamore_large_1_2_1.5_no.4
sycamore,2.986206896551724,7.064377682403434,identity,53Q_depth_Sycamore_large_None_2_2.55_no.4
sycamore,2.3947368421052633,4.336941813261164,sa,53Q_depth_Sycamore_small_None_10_1.5_no.1
sycamore,5.5,5.3203125,random,53Q_gate_Sycamore_large_1_10_1.5_no.8
sycamore,4.971153846153846,5.504225352112676,random,53Q_gate_Sycamore_small_2_20_1.5_no.4
tokyo,1.5135135135135136,2.3442622950819674,sabre,20Q_depth_Tokyo_large_None_3_2.55_no.1
sycamore,4.89622641509434,4.6521739130434785,sa,53Q_depth_Sycamore_large_None_5_2.55_no.7
rochester,7.455696202531645,8.712990936555892,random,53Q_gate_Rochester_large_2_20_1.5_no.0
sycamore,3.014925373134328,3.6095444685466376,sabre,53Q_gate_Sycamore_small_2_25_1.5_no.3
rochester,2.9771428571428573,7.559322033898305,sabre,53Q_depth_Rochester_small_None_4_2.55_no.5
sycamore,6.054263565891473,6.845433255269321,identity,53Q_depth_Sycamore_small_None_4_2.55_no.7
rochester,4.157894736842105,4.36,sabre,53Q_gate_Rochester_large_1_10_1.5_no.2
sycamore,2.90234375,4.7164179104477615,sa,53Q_depth_Sycamore_large_None_10_1.5_no.9
rochester,4.793103448275862,8.010526315789473,sabre,53Q_gate_Rochester_small_2_1_1.5_no.0
sycamore,7.010416666666667,7.124087591240876,random,53Q_depth_Sycamore_large_None_4_1.5_no.4
rochester,3.0864197530864197,9.858108108108109,identity,53Q_gate_Rochester_small_1_4_1.5_no.8
sycamore,3.8818565400843883,4.774078478002378,sabre,53Q_depth_Sycamore_large_None_10_1.5_no.8
sycamore,5.0,7.3130434782608695,random,53Q_gate_Sycamore_small_1_1_1.5_no.0
rochester,3.9696969696969697,6.75,sa,53Q_gate_Rochester_small_1_2_1.5_no.9
rochester,3.25,6.926829268292683,sa,53Q_gate_Rochester_large_2_0_1.5_no.9
rochester,8.11340206185567,6.855421686746988,identity,53Q_gate_Rochester_small_1_25_1.5_no.1
rochester,4.486111111111111,4.874538745387454,sabre,53Q_gate_Rochester_small_2_20_1.5_no.0
tokyo,1.5170068027210883,3.1025641025641026,identity,20Q_depth_Tokyo_large_None_2_2.55_no.2
sycamore,4.038461538461538,4.306413301662708,sa,53Q_gate_Sycamore_large_2_20_1.5_no.1
rochester,3.17816091954023,5.76953125,sa,53Q_depth_Rochester_small_None_10_2.55_no.7
tokyo,1.869198312236287,1.8993288590604027,sabre,20Q_gate_Tokyo_large_1_20_1.5_no.6
sycamore,3.5826446280991737,4.9,sabre,53Q_depth_Sycamore_large_None_10_1.5_no.6
tokyo,1.6782608695652175,2.3012048192771086,sa,20Q_depth_Tokyo_large_None_1_2.55_no.9
tokyo,1.3653846153846154,3.0,random,20Q_gate_Tokyo_large_1_3_1.5_no.4
rochester,2.635135135135135,5.826086956521739,sabre,53Q_gate_Rochester_small_1_5_1.5_no.0
sycamore,5.695652173913044,6.882022471910112,random,53Q_gate_Sycamore_small_2_5_1.5_no.0
sycamore,4.823529411764706,5.952662721893491,random,53Q_gate_Sycamore_large_1_3_1.5_no.6
sycamore,4.714285714285714,5.6640625,sabre,53Q_depth_Sycamore_small_None_2_1.5_no.1
rochester,4.54054054054054,6.256198347107438,sabre,53Q_gate_Rochester_large_2_3_1.5_no.6
rochester,4.28125,5.7913669064748206,sa,53Q_gate_Rochester_large_2_4_1.5_no.1
rochester,7.71,7.740259740259741,random,53Q_gate_Rochester_small_1_25_1.5_no.4
sycamore,2.3209876543209877,7.27027027027027,identity,53Q_gate_Sycamore_small_2_2_1.5_no.8
tokyo,1.3268482490272373,1.4318181818181819,sa,20Q_gate_Tokyo_large_1_20_1.5_no.1
tokyo,1.75,2.3153846153846156,sa,20Q_depth_Tokyo_large_None_2_1.5_no.3
sycamore,7.052631578947368,5.831288343558282,random,53Q_gate_Sycamore_large_1_10_1.5_no.6
sycamore,3.447058823529412,3.5452127659574466,sabre,53Q_gate_Sycamore_large_1_10_1.5_no.4
rochester,2.5555555555555554,7.525,sa,53Q_gate_Rochester_small_2_2_1.5_no.4
rochester,5.449275362318841,12.551020408163266,random,53Q_depth_Rochester_small_None_2_2.55_no.0
rochester,7.264705882352941,10.566929133858268,random,53Q_gate_Rochester_large_2_2_1.5_no.0
rochester,7.930232558139535,12.23913043478261,identity,53Q_depth_Rochester_large_None_1_2.55_no.1
rochester,5.564516129032258,13.324324324324325,random,53Q_depth_Rochester_small_None_1_2.55_no.2
rochester,8.943396226415095,7.829090909090909,identity,53Q_gate_Rochester_small_1_10_1.5_no.0
sycamore,5.9298245614035086,6.394618834080718,identity,53Q_gate_Sycamore_small_2_10_1.5_no.9
tokyo,1.5,2.3058823529411763,sabre,20Q_gate_Tokyo_large_2_10_1.5_no.9
sycamore,3.2717391304347827,5.21304347826087,sa,53Q_gate_Sycamore_small_1_10_1.5_no.2
rochester,4.379310344827586,8.662162162162161,sa,53Q_gate_Rochester_large_1_0_1.5_no.4
sycamore,5.891304347826087,6.292134831460674,identity,53Q_gate_Sycamore_small_2_5_1.5_no.0
tokyo,2.1157894736842104,2.8133333333333335,identity,20Q_gate_Tokyo_large_1_25_1.5_no.7
tokyo,1.9008620689655173,2.554655870445344,sa,20Q_depth_Tokyo_large_None_5_2.55_no.3
tokyo,1.7315634218289087,2.458904109589041,sabre,20Q_depth_Tokyo_large_None_10_2.55_no.7
rochester,4.684782608695652,9.723849372384937,identity,53Q_depth_Rochester_small_None_5_1.5_no.6
sycamore,3.7153846153846155,7.057507987220447,random,53Q_depth_Sycamore_small_None_3_1.5_no.4
sycamore,6.761904761904762,8.731543624161073,identity,53Q_depth_Sycamore_large_None_1_1.5_no.1
sycamore,2.503067484662577,4.78515625,sabre,53Q_depth_Sycamore_small_None_10_2.55_no.5
rochester,9.616666666666667,8.326923076923077,identity,53Q_gate_Rochester_small_2_20_1.5_no.8
tokyo,1.2054794520547945,1.6857142857142857,sa,20Q_gate_Tokyo_large_1_5_1.5_no.5
tokyo,2.4879518072289155,2.9365671641791047,random,20Q_depth_Tokyo_large_None_5_1.5_no.7
rochester,6.054945054945055,5.0406852248394,sa,53Q_gate_Rochester_small_1_25_1.5_no.8
sycamore,4.177777777777778,5.1,sabre,53Q_gate_Sycamore_large_2_3_1.5_no.4
sycamore,6.361111111111111,7.496402877697841,random,53Q_gate_Sycamore_large_2_1_1.5_no.4
sycamore,3.6904761904761907,4.319148936170213,sabre,53Q_gate_Sycamore_large_2_2_1.5_no.1
rochester,2.7666666666666666,4.0256410256410255,sabre,53Q_gate_Rochester_large_1_1_1.5_no.4
tokyo,1.917808219178082,2.2,sa,20Q_gate_Tokyo_large_2_5_1.5_no.6
rochester,5.5,13.945205479452055,identity,53Q_gate_Rochester_small_1_0_1.5_no.5
sycamore,6.195876288659794,6.192893401015229,identity,53Q_depth_Sycamore_small_None_4_1.5_no.4
rochester,8.375,8.514018691588785,random,53Q_gate_Rochester_large_1_5_1.5_no.7
tokyo,1.991150442477876,2.0492610837438425,sa,20Q_depth_Tokyo_large_None_3_2.55_no.0
sycamore,2.173228346456693,6.825938566552901,identity,53Q_depth_Sycamore_small_None_3_2.55_no.1
sycamore,5.184931506849315,6.371621621621622,identity,53Q_depth_Sycamore_large_None_5_2.55_no.2
rochester,4.90566037735849,8.491525423728813,random,53Q_gate_Rochester_small_2_10_1.5_no.8
rochester,4.970588235294118,6.63819095477387,sabre,53Q_depth_Rochester_small_None_3_2.55_no.6
rochester,2.489795918367347,5.978021978021978,sabre,53Q_gate_Rochester_small_1_3_1.5_no.2
rochester,5.269662921348314,11.946808510638299,identity,53Q_depth_Rochester_small_None_3_2.55_no.5
rochester,5.222222222222222,12.087837837837839,identity,53Q_depth_Rochester_small_None_2_2.55_no.2
sycamore,5.642857142857143,7.064285714285714,random,53Q_gate_Sycamore_small_2_3_1.5_no.2
sycamore,2.027027027027027,5.238255033557047,sabre,53Q_depth_Sycamore_small_None_4_1.5_no.3
sycamore,5.966666666666667,5.777358490566038,random,53Q_gate_Sycamore_large_1_5_1.5_no.4
tokyo,1.6024096385542168,3.1780821917808217,random,20Q_gate_Tokyo_large_2_3_1.5_no.9
sycamore,5.0,5.670553935860059,sa,53Q_depth_Sycamore_large_None_3_1.5_no.6
rochester,4.904761904761905,6.86,sabre,53Q_gate_Rochester_large_2_5_1.5_no.4
sycamore,4.333333333333333,4.926174496644295,sa,53Q_depth_Sycamore_large_None_1_2.55_no.4
tokyo,2.138996138996139,2.7425968109339407,random,20Q_depth_Tokyo_large_None_10_1.5_no.8
rochester,7.290322580645161,11.419354838709678,identity,53Q_gate_Rochester_small_2_0_1.5_no.3
sycamore,5.704545454545454,6.673076923076923,identity,53Q_gate_Sycamore_large_2_4_1.5_no.3
tokyo,1.027027027027027,1.035294117647059,sa,20Q_gate_Tokyo_large_1_1_1.5_no.4
tokyo,1.9185185185185185,3.145348837209302,identity,20Q_depth_Tokyo_large_None_3_2.55_no.3
tokyo,1.4533333333333334,2.090909090909091,sa,20Q_gate_Tokyo_large_2_1_1.5_no.7
tokyo,1.6842105263157894,2.5283018867924527,sa,20Q_depth_Tokyo_large_None_4_1.5_no.8
tokyo,2.1297297297297297,2.7098976109215016,random,20Q_gate_Tokyo_large_2_20_1.5_no.8
rochester,3.9545454545454546,14.475409836065573,random,53Q_gate_Rochester_large_1_0_1.5_no.1
rochester,5.8,6.541666666666667,sa,53Q_gate_Rochester_large_2_4_1.5_no.6
sycamore,6.201219512195122,6.198630136986301,identity,53Q_depth_Sycamore_large_None_10_1.5_no.7
sycamore,7.716981132075472,6.163682864450128,random,53Q_depth_Sycamore_large_None_5_2.55_no.7
rochester,7.313725490196078,10.01639344262295,identity,53Q_depth_Rochester_large_None_2_2.55_no.9
sycamore,5.352941176470588,7.579399141630901,identity,53Q_depth_Sycamore_small_None_2_1.5_no.4
rochester,3.8125,4.612244897959184,sabre,53Q_gate_Rochester_large_2_15_1.5_no.1
rochester,7.133333333333334,6.704918032786885,sabre,53Q_depth_Rochester_large_None_10_1.5_no.5
tokyo,1.2419354838709677,1.7966101694915255,sa,20Q_depth_Tokyo_large_None_3_1.5_no.2
rochester,5.6436170212765955,9.04864864864865,identity,53Q_depth_Rochester_small_None_10_2.55_no.8
tokyo,1.8810810810810812,2.310580204778157,sa,20Q_gate_Tokyo_large_2_20_1.5_no.8
sycamore,5.055555555555555,8.608247422680412,identity,53Q_gate_Sycamore_small_1_0_1.5_no.0
sycamore,4.52112676056338,3.328488372093023,sa,53Q_gate_Sycamore_large_2_25_1.5_no.2
sycamore,3.5161290322580645,4.098360655737705,sabre,53Q_gate_Sycamore_large_2_10_1.5_no.1
tokyo,1.5585585585585586,2.116279069767442,sa,20Q_depth_Tokyo_large_None_2_2.55_no.7
sycamore,5.365079365079365,6.308668076109937,random,53Q_depth_Sycamore_large_None_5_1.5_no.0
rochester,3.4583333333333335,6.301587301587301,sabre,53Q_depth_Rochester_small_None_4_1.5_no.9
tokyo,1.7179487179487178,2.776315789473684,random,20Q_gate_Tokyo_large_1_3_1.5_no.3
rochester,3.9707602339181287,10.877470355731225,identity,53Q_depth_Rochester_small_None_4_2.55_no.1
rochester,4.6521739130434785,7.68801652892562,sa,53Q_depth_Rochester_small_None_10_2.55_no.6
rochester,5.340136054421769,11.452631578947368,identity,53Q_depth_Rochester_small_None_5_2.55_no.6
sycamore,5.5177304964539005,4.875981161695448,random,53Q_gate_Sycamore_small_1_25_1.5_no.7
sycamore,5.56140350877193,7.158823529411765,identity,53Q_depth_Sycamore_large_None_3_2.55_no.8
tokyo,1.0894568690095847,1.1618705035971224,sabre,20Q_gate_Tokyo_large_1_25_1.5_no.5
sycamore,3.0163934426229506,3.651291512915129,sabre,53Q_gate_Sycamore_large_1_20_1.5_no.9
tokyo,2.1728971962616823,2.4344660194174756,identity,20Q_gate_Tokyo_large_2_25_1.5_no.2
tokyo,2.969465648854962,3.00711743772242,identity,20Q_depth_Tokyo_large_None_5_1.5_no.3
rochester,6.080459770114943,9.85608856088561,random,53Q_depth_Rochester_small_None_4_2.55_no.0
sycamore,2.925925925925926,4.76530612244898,sa,53Q_depth_Sycamore_large_None_5_2.55_no.0
sycamore,6.029411764705882,6.661971830985915,identity,53Q_gate_Sycamore_large_1_1_1.5_no.3
rochester,8.373493975903614,6.626556016597511,identity,53Q_gate_Rochester_large_2_25_1.5_no.3
sycamore,4.845070422535211,5.313575525812619,random,53Q_gate_Sycamore_small_1_25_1.5_no.9
sycamore,3.8285714285714287,3.819548872180451,sabre,53Q_gate_Sycamore_small_1_1_1.5_no.5
tokyo,2.0,2.980295566502463,sabre,20Q_depth_Tokyo_large_None_4_1.5_no.9
tokyo,1.9615384615384615,2.772727272727273,identity,20Q_gate_Tokyo_large_2_5_1.5_no.2
tokyo,1.1167664670658684,1.2554455445544555,sa,20Q_gate_Tokyo_large_1_25_1.5_no.4
rochester,6.241379310344827,12.788235294117648,identity,53Q_gate_Rochester_large_1_0_1.5_no.6
sycamore,4.0,5.670103092783505,sabre,53Q_gate_Sycamore_small_1_0_1.5_no.0
rochester,6.371428571428571,11.589108910891088,random,53Q_depth_Rochester_small_None_3_1.5_no.8
rochester,6.514285714285714,10.389312977099237,random,53Q_depth_Rochester_large_None_1_1.5_no.5
tokyo,2.627450980392157,3.0412371134020617,identity,20Q_gate_Tokyo_large_2_4_1.5_no.7
sycamore,6.685393258426966,5.767220902612826,random,53Q_gate_Sycamore_large_2_15_1.5_no.5
rochester,6.111111111111111,13.76,identity,53Q_gate_Rochester_large_2_0_1.5_no.0
rochester,4.921875,8.370689655172415,sa,53Q_depth_Rochester_small_None_4_1.5_no.0
sycamore,2.9128440366972477,5.0509977827051,sa,53Q_depth_Sycamore_small_None_5_2.55_no.8
tokyo,1.620879120879121,2.155,sa,20Q_depth_Tokyo_large_None_4_2.55_no.4
rochester,5.129032258064516,4.717105263157895,sabre,53Q_gate_Rochester_small_1_25_1.5_no.3
sycamore,2.877470355731225,4.371359223300971,sa,53Q_depth_Sycamore_small_None_10_1.5_no.6
tokyo,1.3567251461988303,2.9583333333333335,sabre,20Q_depth_Tokyo_large_None_3_2.55_no.6
tokyo,1.9375,2.84,sabre,20Q_depth_Tokyo_large_None_5_1.5_no.8
tokyo,2.0833333333333335,2.598984771573604,random,20Q_gate_Tokyo_large_2_25_1.5_no.1
rochester,4.570552147239264,6.780933062880324,sa,53Q_depth_Rochester_small_None_10_2.55_no.5
sycamore,3.652941176470588,6.755506607929515,identity,53Q_depth_Sycamore_large_None_5_1.5_no.4
sycamore,4.384615384615385,5.66887417218543,sa,53Q_gate_Sycamore_large_1_1_1.5_no.5
sycamore,3.511111111111111,5.24,sa,53Q_gate_Sycamore_large_2_3_1.5_no.1
rochester,6.081081081081081,12.192307692307692,identity,53Q_gate_Rochester_large_1_2_1.5_no.3
rochester,6.521739130434782,9.842105263157896,random,53Q_gate_Rochester_small_1_3_1.5_no.0
tokyo,3.3684210526315788,2.9906542056074765,identity,20Q_depth_Tokyo_large_None_1_2.55_no.1
tokyo,1.5629629629629629,2.4055944055944054,sabre,20Q_depth_Tokyo_large_None_2_2.55_no.4
rochester,2.070588235294118,3.8917525773195876,sabre,53Q_gate_Rochester_small_2_10_1.5_no.3
rochester,7.357142857142857,8.143112701252235,random,53Q_depth_Rochester_large_None_10_1.5_no.0
rochester,3.883720930232558,6.425837320574162,sa,53Q_depth_Rochester_large_None_3_2.55_no.9
sycamore,3.8055555555555554,4.669064748201439,sa,53Q_gate_Sycamore_large_2_1_1.5_no.4
sycamore,2.901639344262295,5.276595744680851,sa,53Q_gate_Sycamore_large_1_3_1.5_no.0
rochester,4.214285714285714,5.791044776119403,sabre,53Q_depth_Rochester_large_None_1_1.5_no.1
sycamore,4.0,5.424242424242424,random,53Q_gate_Sycamore_large_1_20_1.5_no.5
sycamore,4.235294117647059,3.7682403433476397,sa,53Q_gate_Sycamore_large_1_25_1.5_no.8
rochester,5.094650205761317,10.372093023255815,random,53Q_depth_Rochester_large_None_10_2.55_no.4
sycamore,4.808510638297872,7.197368421052632,identity,53Q_gate_Sycamore_large_2_2_1.5_no.9
sycamore,4.101010101010101,5.092651757188499,sabre,53Q_depth_Sycamore_large_None_4_1.5_no.9
sycamore,4.350877192982456,6.112107623318385,random,53Q_gate_Sycamore_small_2_10_1.5_no.9
rochester,5.811764705882353,5.5,sa,53Q_gate_Rochester_large_1_15_1.5_no.3
sycamore,2.5765765765765765,4.923076923076923,sa,53Q_depth_Sycamore_large_None_4_2.55_no.2
sycamore,3.4257425742574257,4.516923076923077,sabre,53Q_gate_Sycamore_small_2_20_1.5_no.6
rochester,8.3125,12.333333333333334,identity,53Q_gate_Rochester_large_2_2_1.5_no.5
rochester,3.493333333333333,6.497109826589595,sabre,53Q_depth_Rochester_large_None_3_2.55_no.5
tokyo,2.3175675675675675,3.0073529411764706,random,20Q_depth_Tokyo_large_None_2_2.55_no.9
sycamore,4.042016806722689,4.30635838150289,sa,53Q_gate_Sycamore_small_1_25_1.5_no.4
rochester,3.6027397260273974,12.67032967032967,random,53Q_gate_Rochester_small_2_4_1.5_no.7
sycamore,4.711111111111111,4.920716112531969,sabre,53Q_depth_Sycamore_large_None_4_1.5_no.7
rochester,6.3125,8.782608695652174,random,53Q_depth_Rochester_large_None_3_2.55_no.0
sycamore,4.861538461538461,6.677570093457944,random,53Q_gate_Sycamore_small_2_10_1.5_no.7
tokyo,2.9464285714285716,3.054054054054054,sabre,20Q_gate_Tokyo_large_2_5_1.5_no.1
sycamore,2.7214912280701755,6.170212765957447,identity,53Q_depth_Sycamore_small_None_10_2.55_no.7
sycamore,2.893939393939394,4.369758576874206,sabre,53Q_depth_Sycamore_large_None_10_2.55_no.0
tokyo,1.018181818181818,1.2592592592592593,sa,20Q_gate_Tokyo_large_1_2_1.5_no.9
sycamore,5.387096774193548,7.065934065934066,random,53Q_depth_Sycamore_large_None_1_2.55_no.8
tokyo,2.533333333333333,2.8131868131868134,identity,20Q_depth_Tokyo_large_None_1_1.5_no.0
rochester,7.633663366336633,6.735849056603773,identity,53Q_gate_Rochester_small_1_25_1.5_no.9
tokyo,1.8666666666666667,1.8571428571428572,sabre,20Q_depth_Tokyo_large_None_1_1.5_no.0
rochester,5.212121212121212,7.157894736842105,sa,53Q_gate_Rochester_large_2_5_1.5_no.7
rochester,4.2631578947368425,6.620253164556962,sa,53Q_depth_Rochester_small_None_4_1.5_no.3
tokyo,2.7142857142857144,2.5294117647058822,sabre,20Q_gate_Tokyo_large_1_5_1.5_no.0
rochester,6.894736842105263,10.241935483870968,identity,53Q_gate_Rochester_small_1_4_1.5_no.0
sycamore,3.1037735849056602,4.979591836734694,sa,53Q_gate_Sycamore_small_1_5_1.5_no.6
rochester,6.066666666666666,8.885714285714286,identity,53Q_gate_Rochester_small_2_15_1.5_no.1
rochester,7.545454545454546,10.938931297709924,identity,53Q_gate_Rochester_small_2_4_1.5_no.6
tokyo,2.216666666666667,2.8493150684931505,random,20Q_gate_Tokyo_large_1_2_1.5_no.2
rochester,4.527472527472527,5.812688821752266,sa,53Q_gate_Rochester_small_2_25_1.5_no.7
rochester,5.453488372093023,4.096192384769539,sabre,53Q_gate_Rochester_large_1_20_1.5_no.1
sycamore,4.3,4.76510067114094,sa,53Q_gate_Sycamore_small_2_5_1.5_no.7
rochester,4.885714285714286,5.964788732394366,sabre,53Q_depth_Rochester_small_None_2_1.5_no.3
rochester,5.661764705882353,9.290076335877863,random,53Q_depth_Rochester_small_None_5_1.5_no.2
tokyo,2.04,2.1797752808988764,sabre,20Q_gate_Tokyo_large_2_4_1.5_no.5
rochester,7.43,10.428571428571429,random,53Q_depth_Rochester_large_None_5_2.55_no.0
rochester,5.2439024390243905,13.325301204819278,random,53Q_gate_Rochester_small_2_1_1.5_no.1
rochester,4.645833333333333,5.427027027027027,sabre,53Q_depth_Rochester_large_None_10_2.55_no.5
tokyo,2.2435897435897436,2.821011673151751,random,20Q_depth_Tokyo_large_None_5_1.5_no.4
sycamore,3.6166666666666667,4.563318777292577,sa,53Q_gate_Sycamore_small_2_10_1.5_no.8
tokyo,2.0387096774193547,2.5625,sabre,20Q_gate_Tokyo_large_1_10_1.5_no.3
sycamore,4.575,6.456692913385827,random,53Q_gate_Sycamore_large_1_1_1.5_no.9
rochester,4.026315789473684,5.17948717948718,sabre,53Q_gate_Rochester_large_2_1_1.5_no.9
tokyo,1.5842696629213484,1.7762237762237763,sabre,20Q_gate_Tokyo_large_1_4_1.5_no.4
sycamore,4.333333333333333,4.241379310344827,sa,53Q_gate_Sycamore_large_2_10_1.5_no.4
sycamore,3.5083333333333333,7.219178082191781,identity,53Q_depth_Sycamore_small_None_2_2.55_no.5
sycamore,3.1372549019607843,3.330166270783848,sabre,53Q_gate_Sycamore_small_1_20_1.5_no.3
rochester,5.536585365853658,12.173469387755102,identity,53Q_gate_Rochester_small_1_2_1.5_no.0
rochester,4.235294117647059,5.056,sabre,53Q_gate_Rochester_small_2_3_1.5_no.1
tokyo,1.0867052023121386,1.2150537634408602,sa,20Q_gate_Tokyo_large_1_15_1.5_no.3
sycamore,2.8468468468468466,7.160714285714286,random,53Q_gate_Sycamore_small_1_3_1.5_no.1
rochester,3.072463768115942,14.270588235294118,identity,53Q_gate_Rochester_small_2_2_1.5_no.6
sycamore,3.1636363636363636,6.177884615384615,identity,53Q_depth_Sycamore_large_None_4_2.55_no.6
sycamore,3.441860465116279,4.706896551724138,sa,53Q_gate_Sycamore_small_1_4_1.5_no.2
rochester,8.280898876404494,6.524590163934426,identity,53Q_gate_Rochester_large_1_20_1.5_no.2
rochester,6.2,12.258620689655173,random,53Q_depth_Rochester_large_None_3_1.5_no.0
sycamore,5.814814814814815,6.116822429906542,random,53Q_gate_Sycamore_large_2_5_1.5_no.7
rochester,4.270833333333333,5.317757009345795,sabre,53Q_gate_Rochester_large_1_5_1.5_no.7
rochester,5.04054054054054,5.0426829268292686,sa,53Q_gate_Rochester_small_1_20_1.5_no.1
sycamore,5.470588235294118,6.840236686390533,identity,53Q_gate_Sycamore_large_1_3_1.5_no.6
sycamore,4.738095238095238,4.781818181818182,sa,53Q_gate_Sycamore_small_2_4_1.5_no.3
tokyo,3.1315789473684212,3.096774193548387,random,20Q_gate_Tokyo_large_2_2_1.5_no.8
sycamore,3.423076923076923,4.640167364016737,sa,53Q_depth_Sycamore_large_None_2_1.5_no.7
sycamore,6.191489361702128,6.502762430939226,random,53Q_gate_Sycamore_large_2_5_1.5_no.9
tokyo,1.3793103448275863,1.855140186915888,sa,20Q_depth_Tokyo_large_None_10_1.5_no.7
rochester,4.3428571428571425,10.310344827586206,identity,53Q_depth_Rochester_large_None_3_1.5_no.0
sycamore,3.873015873015873,5.040650406504065,sabre,53Q_depth_Sycamore_small_None_4_2.55_no.4
rochester,3.9680851063829787,6.529801324503311,sabre,53Q_depth_Rochester_small_None_10_2.55_no.1
rochester,6.913043478260869,5.9772727272727275,sabre,53Q_gate_Rochester_large_1_5_1.5_no.9
sycamore,3.8823529411764706,6.0606060606060606,sa,53Q_gate_Sycamore_large_1_0_1.5_no.1
sycamore,3.8947368421052633,5.172932330827067,sa,53Q_gate_Sycamore_large_2_2_1.5_no.5
tokyo,2.1437908496732025,2.9661354581673307,identity,20Q_depth_Tokyo_large_None_10_1.5_no.1
rochester,4.595588235294118,6.553061224489796,sabre,53Q_depth_Rochester_small_None_10_1.5_no.6
sycamore,3.9473684210526314,7.347639484978541,identity,53Q_depth_Sycamore_large_None_3_1.5_no.4
rochester,6.964285714285714,6.9757085020242915,sa,53Q_depth_Rochester_large_None_4_1.5_no.9
rochester,6.534883720930233,8.135593220338983,identity,53Q_gate_Rochester_large_1_4_1.5_no.3
sycamore,3.967741935483871,4.942857142857143,sa,53Q_gate_Sycamore_large_2_0_1.5_no.0
sycamore,5.1521739130434785,5.2407407407407405,sa,53Q_gate_Sycamore_large_1_2_1.5_no.4
sycamore,5.6521739130434785,6.639455782312925,random,53Q_depth_Sycamore_small_None_5_2.55_no.4
rochester,5.771428571428571,7.794871794871795,sa,53Q_gate_Rochester_small_2_3_1.5_no.5
rochester,5.610169491525424,6.784172661870503,sabre,53Q_depth_Rochester_large_None_4_1.5_no.7
sycamore,2.661290322580645,5.605405405405405,sabre,53Q_depth_Sycamore_large_None_2_2.55_no.5
rochester,3.838709677419355,6.271844660194175,sa,53Q_gate_Rochester_large_1_1_1.5_no.5
tokyo,1.828793774319066,2.3705583756345177,random,20Q_gate_Tokyo_large_1_20_1.5_no.7
sycamore,2.134020618556701,7.055555555555555,identity,53Q_gate_Sycamore_small_1_2_1.5_no.5
sycamore,6.319587628865979,5.58411214953271,identity,53Q_gate_Sycamore_large_1_15_1.5_no.7
sycamore,4.4,5.035830618892508,identity,53Q_gate_Sycamore_large_1_25_1.5_no.5
tokyo,1.8048780487804879,2.611940298507463,identity,20Q_gate_Tokyo_large_1_2_1.5_no.8
sycamore,6.495412844036697,5.819672131147541,identity,53Q_gate_Sycamore_small_1_20_1.5_no.1
sycamore,4.5813953488372094,5.006329113924051,sabre,53Q_gate_Sycamore_small_2_4_1.5_no.5
rochester,4.035714285714286,5.535545023696683,sa,53Q_gate_Rochester_large_2_10_1.5_no.5
rochester,6.8,11.45,identity,53Q_gate_Rochester_large_2_4_1.5_no.5
sycamore,5.458333333333333,5.159090909090909,identity,53Q_gate_Sycamore_small_1_10_1.5_no.3
tokyo,3.1481481481481484,3.578125,identity,20Q_gate_Tokyo_large_1_0_1.5_no.2
rochester,8.417910447761194,7.946875,random,53Q_gate_Rochester_small_1_15_1.5_no.8
sycamore,4.195652173913044,4.219101123595506,sabre,53Q_gate_Sycamore_small_2_5_1.5_no.0
sycamore,4.297872340425532,7.517241379310345,random,53Q_gate_Sycamore_large_1_1_1.5_no.7
rochester,4.178571428571429,7.196261682242991,sabre,53Q_gate_Rochester_large_2_1_1.5_no.7
tokyo,2.891891891891892,2.72,identity,20Q_gate_Tokyo_large_1_1_1.5_no.7
sycamore,4.318518518518519,5.0828402366863905,random,53Q_gate_Sycamore_large_2_25_1.5_no.6
rochester,6.579365079365079,7.880143112701252,identity,53Q_depth_Rochester_large_None_10_1.5_no.0
sycamore,4.090909090909091,5.468085106382978,sa,53Q_gate_Sycamore_small_2_2_1.5_no.1
sycamore,4.484848484848484,5.718181818181818,sa,53Q_gate_Sycamore_small_1_0_1.5_no.5
rochester,5.520408163265306,11.2,random,53Q_depth_Rochester_small_None_3_2.55_no.1
rochester,4.909090909090909,10.381818181818181,random,53Q_gate_Rochester_small_1_2_1.5_no.4
rochester,5.038961038961039,5.951704545454546,sa,53Q_gate_Rochester_small_2_25_1.5_no.0
tokyo,1.7415730337078652,3.4204545454545454,random,20Q_gate_Tokyo_large_1_2_1.5_no.5
rochester,7.242424242424242,15.658227848101266,identity,53Q_gate_Rochester_large_2_0_1.5_no.8
rochester,5.636363636363637,13.569620253164556,random,53Q_gate_Rochester_large_2_0_1.5_no.8
sycamore,4.864864864864865,4.786206896551724,sa,53Q_gate_Sycamore_small_1_2_1.5_no.0
sycamore,3.4444444444444446,5.421052631578948,sa,53Q_gate_Sycamore_small_2_0_1.5_no.4
rochester,8.729411764705882,6.919902912621359,identity,53Q_gate_Rochester_large_1_15_1.5_no.3
sycamore,4.132075471698113,7.825688073394495,identity,53Q_gate_Sycamore_small_1_1_1.5_no.2
sycamore,1.8214285714285714,7.0638297872340425,random,53Q_depth_Sycamore_small_None_2_2.55_no.7
rochester,3.8863636363636362,5.684210526315789,sabre,53Q_gate_Rochester_small_2_5_1.5_no.3
sycamore,4.824561403508772,6.564245810055866,random,53Q_gate_Sycamore_small_1_5_1.5_no.3
sycamore,5.297297297297297,7.76056338028169,random,53Q_gate_Sycamore_large_2_3_1.5_no.5
tokyo,2.335195530726257,2.7169811320754715,identity,20Q_gate_Tokyo_large_2_20_1.5_no.7
rochester,3.230769230769231,4.166666666666667,sabre,53Q_gate_Rochester_large_1_3_1.5_no.5
tokyo,1.8928571428571428,1.9193548387096775,sabre,20Q_gate_Tokyo_large_2_0_1.5_no.2
tokyo,2.2,1.9183673469387754,sabre,20Q_gate_Tokyo_large_1_2_1.5_no.6
tokyo,1.9423076923076923,2.2475247524752477,sabre,20Q_depth_Tokyo_large_None_1_1.5_no.7
rochester,4.60655737704918,6.7625,sa,53Q_depth_Rochester_small_None_4_1.5_no.2
rochester,5.39344262295082,4.659442724458204,sabre,53Q_gate_Rochester_small_1_15_1.5_no.0
rochester,4.894736842105263,6.720496894409938,sa,53Q_gate_Rochester_large_2_5_1.5_no.0
rochester,9.173553719008265,6.062972292191436,random,53Q_gate_Rochester_large_1_25_1.5_no.0
tokyo,1.263157894736842,2.3333333333333335,sabre,20Q_gate_Tokyo_large_1_0_1.5_no.3
tokyo,2.0303030303030303,2.0384615384615383,sabre,20Q_gate_Tokyo_large_2_2_1.5_no.7
sycamore,4.618556701030927,4.374117647058823,sabre,53Q_gate_Sycamore_large_2_15_1.5_no.4
sycamore,2.75,4.253521126760563,sabre,53Q_gate_Sycamore_small_1_4_1.5_no.0
tokyo,2.7857142857142856,3.0625,identity,20Q_gate_Tokyo_large_2_0_1.5_no.7
rochester,5.909090909090909,11.605263157894736,random,53Q_gate_Rochester_small_2_5_1.5_no.3
rochester,3.2045454545454546,5.740458015267175,sabre,53Q_depth_Rochester_small_None_1_2.55_no.3
rochester,5.463414634146342,11.115183246073299,random,53Q_depth_Rochester_large_None_4_1.5_no.8
sycamore,2.137546468401487,4.605985037406484,sa,53Q_depth_Sycamore_large_None_4_2.55_no.5
sycamore,4.03921568627451,4.074257425742574,sabre,53Q_gate_Sycamore_small_1_5_1.5_no.5
rochester,5.714285714285714,4.771428571428571,sa,53Q_gate_Rochester_large_1_15_1.5_no.4
tokyo,2.0588235294117645,2.5,identity,20Q_gate_Tokyo_large_2_1_1.5_no.2
rochester,5.631578947368421,5.995412844036697,sabre,53Q_gate_Rochester_large_2_25_1.5_no.2
tokyo,2.0,3.0878378378378377,random,20Q_depth_Tokyo_large_None_2_2.55_no.8
sycamore,4.5528455284552845,6.5125,identity,53Q_depth_Sycamore_large_None_3_2.55_no.0
rochester,4.852459016393443,7.635220125786163,random,53Q_depth_Rochester_small_None_10_1.5_no.1
tokyo,1.8888888888888888,2.2857142857142856,sa,20Q_depth_Tokyo_large_None_1_1.5_no.0
sycamore,4.726415094339623,4.62,sa,53Q_gate_Sycamore_small_1_20_1.5_no.7
tokyo,2.219178082191781,3.056179775280899,identity,20Q_gate_Tokyo_large_2_3_1.5_no.8
rochester,4.266666666666667,7.19672131147541,sa,53Q_gate_Rochester_small_1_3_1.5_no.8
tokyo,2.336244541484716,2.687979539641944,random,20Q_gate_Tokyo_large_2_25_1.5_no.6
sycamore,3.1104294478527605,5.404761904761905,random,53Q_gate_Sycamore_small_1_15_1.5_no.4
sycamore,2.9710743801652892,5.933940774487471,identity,53Q_depth_Sycamore_small_None_5_2.55_no.3
sycamore,5.441860465116279,4.83955223880597,random,53Q_gate_Sycamore_large_2_25_1.5_no.8
sycamore,4.0508474576271185,4.560311284046692,sa,53Q_gate_Sycamore_large_1_4_1.5_no.6
rochester,5.035714285714286,6.377358490566038,sa,53Q_gate_Rochester_large_2_1_1.5_no.8
rochester,3.361904761904762,6.665924276169265,sa,53Q_depth_Rochester_small_None_10_2.55_no.4
sycamore,4.786885245901639,5.827195467422096,sabre,53Q_depth_Sycamore_large_None_3_2.55_no.4
rochester,1.3970588235294117,7.276923076923077,sabre,53Q_gate_Rochester_small_1_1_1.5_no.3
sycamore,3.3576642335766422,3.9559902200489,sabre,53Q_depth_Sycamore_small_None_5_2.55_no.5
rochester,4.9818181818181815,5.907692307692308,sa,53Q_depth_Rochester_large_None_3_2.55_no.8
sycamore,5.0588235294117645,7.696969696969697,identity,53Q_gate_Sycamore_large_1_0_1.5_no.1
sycamore,1.97979797979798,7.2631578947368425,random,53Q_gate_Sycamore_small_2_1_1.5_no.3
tokyo,2.2410714285714284,2.760869565217391,sabre,20Q_depth_Tokyo_large_None_2_2.55_no.3
rochester,5.7368421052631575,8.70503597122302,random,53Q_gate_Rochester_small_2_20_1.5_no.4
rochester,4.12962962962963,6.528795811518324,sabre,53Q_depth_Rochester_small_None_3_1.5_no.7
sycamore,5.973684210526316,5.271523178807947,sa,53Q_gate_Sycamore_large_2_4_1.5_no.7
sycamore,4.585365853658536,3.9423076923076925,sabre,53Q_gate_Sycamore_large_2_25_1.5_no.9
sycamore,3.9288537549407114,6.024271844660194,identity,53Q_depth_Sycamore_small_None_10_1.5_no.6
tokyo,2.049382716049383,2.662857142857143,identity,20Q_gate_Tokyo_large_1_20_1.5_no.2
tokyo,1.0196078431372548,1.1357466063348416,sa,20Q_gate_Tokyo_large_1_10_1.5_no.6
rochester,4.512195121951219,10.722513089005236,identity,53Q_depth_Rochester_large_None_4_1.5_no.8
sycamore,5.742424242424242,5.760869565217392,identity,53Q_gate_Sycamore_large_2_10_1.5_no.0
rochester,6.625,9.414634146341463,random,53Q_gate_Rochester_large_1_2_1.5_no.9
rochester,5.925925925925926,12.95890410958904,random,53Q_gate_Rochester_small_2_0_1.5_no.5
sycamore,5.491228070175438,5.422310756972111,identity,53Q_gate_Sycamore_large_2_20_1.5_no.2
sycamore,3.019607843137255,3.3175,sabre,53Q_gate_Sycamore_large_1_15_1.5_no.1
rochester,4.962264150943396,5.183266932270916,sa,53Q_gate_Rochester_large_2_10_1.5_no.2
sycamore,6.1344537815126055,5.944206008583691,identity,53Q_gate_Sycamore_small_2_25_1.5_no.6
sycamore,3.3661971830985915,6.525252525252525,identity,53Q_gate_Sycamore_small_2_15_1.5_no.4
sycamore,4.388888888888889,5.072463768115942,sa,53Q_gate_Sycamore_large_1_5_1.5_no.2
rochester,3.2804878048780486,7.204188481675392,sa,53Q_depth_Rochester_large_None_4_1.5_no.8
sycamore,6.043478260869565,6.0344827586206895,identity,53Q_gate_Sycamore_small_2_4_1.5_no.2
rochester,3.108108108108108,6.96875,sa,53Q_gate_Rochester_small_2_3_1.5_no.2
sycamore,3.3567251461988303,6.604790419161676,identity,53Q_depth_Sycamore_small_None_3_2.55_no.9
sycamore,4.406779661016949,5.223880597014926,sa,53Q_gate_Sycamore_large_2_5_1.5_no.3
tokyo,2.0583941605839415,2.651685393258427,random,20Q_gate_Tokyo_large_1_20_1.5_no.0
rochester,4.0606060606060606,6.733333333333333,sa,53Q_gate_Rochester_large_1_1_1.5_no.2
rochester,7.354838709677419,6.965675057208238,random,53Q_gate_Rochester_small_2_25_1.5_no.2
sycamore,2.6605504587155964,4.405693950177936,sabre,53Q_depth_Sycamore_large_None_2_1.5_no.5
rochester,6.117647058823529,12.31958762886598,identity,53Q_depth_Rochester_small_None_1_1.5_no.9
rochester,4.895833333333333,11.484745762711864,random,53Q_depth_Rochester_small_None_5_2.55_no.1
sycamore,5.775862068965517,6.407894736842105,identity,53Q_gate_Sycamore_large_2_5_1.5_no.1
sycamore,3.26,6.095238095238095,sa,53Q_gate_Sycamore_small_2_3_1.5_no.5
sycamore,3.5142857142857142,5.2926829268292686,sa,53Q_gate_Sycamore_small_1_1_1.5_no.1
rochester,4.604166666666667,10.385135135135135,identity,53Q_depth_Rochester_large_None_2_1.5_no.2
rochester,7.095238095238095,8.820689655172414,sabre,53Q_depth_Rochester_large_None_5_1.5_no.3
rochester,5.215909090909091,4.80794701986755,sa,53Q_gate_Rochester_small_1_20_1.5_no.6
sycamore,2.5294117647058822,4.229411764705882,sa,53Q_gate_Sycamore_small_1_3_1.5_no.4
sycamore,1.7402597402597402,5.405405405405405,sa,53Q_gate_Sycamore_small_2_1_1.5_no.0
sycamore,3.4854368932038833,5.549180327868853,sa,53Q_depth_Sycamore_large_None_2_1.5_no.0
rochester,6.763888888888889,8.527675276752767,identity,53Q_gate_Rochester_small_2_20_1.5_no.0
tokyo,2.5454545454545454,3.0444444444444443,random,20Q_depth_Tokyo_large_None_5_1.5_no.5
tokyo,1.5,2.526315789473684,sabre,20Q_gate_Tokyo_large_2_1_1.5_no.6
tokyo,1.7088607594936709,2.5949367088607596,sabre,20Q_gate_Tokyo_large_1_3_1.5_no.2
tokyo,1.9314285714285715,2.2642140468227425,sabre,20Q_gate_Tokyo_large_1_15_1.5_no.0
rochester,4.301075268817204,7.159695817490494,identity,53Q_gate_Rochester_small_1_10_1.5_no.8
rochester,6.614678899082569,6.31237322515213,random,53Q_gate_Rochester_large_1_20_1.5_no.6
tokyo,2.1621621621621623,2.2,sabre,20Q_gate_Tokyo_large_1_1_1.5_no.7
tokyo,1.8059701492537314,2.62,sabre,20Q_gate_Tokyo_large_2_3_1.5_no.3
rochester,7.40625,6.951219512195122,sabre,53Q_depth_Rochester_large_None_4_2.55_no.6
sycamore,5.191489361702128,7.335820895522388,identity,53Q_depth_Sycamore_large_None_1_1.5_no.9
sycamore,4.512820512820513,5.08411214953271,sa,53Q_gate_Sycamore_large_2_15_1.5_no.7
sycamore,5.909090909090909,4.723270440251572,sabre,53Q_gate_Sycamore_small_1_20_1.5_no.0
rochester,12.049180327868852,7.773638968481375,identity,53Q_gate_Rochester_large_1_10_1.5_no.6
tokyo,2.5454545454545454,2.6621621621621623,random,20Q_gate_Tokyo_large_2_1_1.5_no.5
tokyo,1.2863534675615214,1.9714285714285715,sa,20Q_depth_Tokyo_large_None_10_2.55_no.3
rochester,5.341463414634147,12.112244897959183,random,53Q_gate_Rochester_small_1_2_1.5_no.0
rochester,6.21,7.899313501144165,random,53Q_depth_Rochester_large_None_10_1.5_no.1
sycamore,3.45,7.567073170731708,random,53Q_depth_Sycamore_small_None_1_1.5_no.8
rochester,3.4860335195530725,6.603248259860789,sa,53Q_depth_Rochester_small_None_10_2.55_no.2
sycamore,2.7459016393442623,6.791666666666667,random,53Q_depth_Sycamore_small_None_2_2.55_no.3
sycamore,3.2,3.541484716157205,sabre,53Q_gate_Sycamore_small_2_10_1.5_no.8
rochester,8.284722222222221,9.497297297297298,random,53Q_depth_Rochester_large_None_10_2.55_no.5
sycamore,6.3,6.666666666666667,identity,53Q_gate_Sycamore_large_2_2_1.5_no.8
rochester,3.3448275862068964,7.53125,sa,53Q_gate_Rochester_small_2_4_1.5_no.0
sycamore,4.339285714285714,6.926229508196721,identity,53Q_depth_Sycamore_small_None_1_2.55_no.1
rochester,8.271028037383177,6.688311688311688,random,53Q_gate_Rochester_large_1_25_1.5_no.4
rochester,6.744186046511628,10.6875,identity,53Q_depth_Rochester_large_None_2_1.5_no.7
rochester,3.66,6.845360824742268,sabre,53Q_depth_Rochester_small_None_1_2.55_no.7
rochester,4.184210526315789,6.223214285714286,sa,53Q_gate_Rochester_small_1_10_1.5_no.9
rochester,6.487804878048781,11.082706766917294,random,53Q_gate_Rochester_small_2_5_1.5_no.7
tokyo,2.2768361581920904,2.5724907063197024,sabre,20Q_depth_Tokyo_large_None_5_2.55_no.8
rochester,3.563380281690141,6.3029045643153525,sa,53Q_depth_Rochester_small_None_4_1.5_no.4
rochester,7.345454545454546,9.834170854271356,random,53Q_depth_Rochester_large_None_3_2.55_no.1
sycamore,2.3714285714285714,5.760655737704918,sa,53Q_depth_Sycamore_small_None_3_2.55_no.6
sycamore,3.7155963302752295,4.547826086956522,sa,53Q_depth_Sycamore_large_None_5_1.5_no.2
tokyo,1.8679245283018868,1.9,sa,20Q_gate_Tokyo_large_1_3_1.5_no.9
tokyo,1.744047619047619,2.767326732673267,sabre,20Q_depth_Tokyo_large_None_10_1.5_no.6
sycamore,3.876923076923077,5.009345794392523,sa,53Q_gate_Sycamore_small_2_10_1.5_no.7
sycamore,4.195652173913044,4.871508379888268,sabre,53Q_gate_Sycamore_small_2_4_1.5_no.6
rochester,3.7333333333333334,8.013513513513514,sa,53Q_gate_Rochester_small_2_0_1.5_no.8
tokyo,1.4528301886792452,3.2666666666666666,identity,20Q_gate_Tokyo_large_1_0_1.5_no.1
sycamore,2.1320754716981134,4.43125,sabre,53Q_gate_Sycamore_small_2_5_1.5_no.3
rochester,4.724137931034483,8.75,sa,53Q_gate_Rochester_large_1_2_1.5_no.8
tokyo,3.1621621621621623,3.2588235294117647,identity,20Q_gate_Tokyo_large_1_1_1.5_no.4
rochester,7.486111111111111,8.771217712177123,random,53Q_gate_Rochester_small_2_20_1.5_no.0
sycamore,4.018867924528302,4.039647577092511,sabre,53Q_depth_Sycamore_large_None_2_1.5_no.4
rochester,4.790697674418604,5.522167487684729,sabre,53Q_depth_Rochester_small_None_3_1.5_no.3
rochester,6.933333333333334,11.524590163934427,identity,53Q_gate_Rochester_small_1_3_1.5_no.8
rochester,4.792207792207792,4.466101694915254,sabre,53Q_gate_Rochester_small_1_15_1.5_no.1
rochester,4.341463414634147,12.125,random,53Q_depth_Rochester_small_None_5_1.5_no.3
rochester,3.816666666666667,18.1,random,53Q_gate_Rochester_small_2_0_1.5_no.1
tokyo,2.2666666666666666,2.8260869565217392,random,20Q_gate_Tokyo_large_1_5_1.5_no.7
rochester,5.285714285714286,10.318493150684931,random,53Q_depth_Rochester_large_None_5_2.55_no.1
sycamore,4.722222222222222,6.982954545454546,random,53Q_gate_Sycamore_small_1_5_1.5_no.2
rochester,5.4772727272727275,6.023668639053255,sabre,53Q_gate_Rochester_small_2_5_1.5_no.2
rochester,3.9473684210526314,5.857142857142857,sabre,53Q_gate_Rochester_large_1_3_1.5_no.4
tokyo,2.4885496183206106,2.8362989323843415,random,20Q_depth_Tokyo_large_None_5_1.5_no.3
sycamore,3.526315789473684,3.8282442748091605,sabre,53Q_gate_Sycamore_large_1_5_1.5_no.8
sycamore,4.6,7.34,random,53Q_gate_Sycamore_large_2_3_1.5_no.4
rochester,6.0181818181818185,11.7625,random,53Q_depth_Rochester_large_None_3_1.5_no.1
sycamore,4.623655913978495,3.9134615384615383,sabre,53Q_gate_Sycamore_small_2_20_1.5_no.5
sycamore,3.338709677419355,5.2485549132947975,sa,53Q_gate_Sycamore_small_2_5_1.5_no.8
sycamore,5.018518518518518,5.025906735751295,sa,53Q_gate_Sycamore_small_1_5_1.5_no.9
sycamore,5.215686274509804,6.855614973262032,identity,53Q_gate_Sycamore_large_1_3_1.5_no.7
rochester,6.0,8.16,sa,53Q_gate_Rochester_small_1_0_1.5_no.2
sycamore,5.6869565217391305,5.339080459770115,random,53Q_gate_Sycamore_large_2_25_1.5_no.7
rochester,4.833333333333333,8.339285714285714,identity,53Q_gate_Rochester_small_1_5_1.5_no.8
rochester,5.566666666666666,6.825,random,53Q_gate_Rochester_small_2_25_1.5_no.6
rochester,1.8028169014084507,6.533333333333333,sa,53Q_gate_Rochester_large_2_2_1.5_no.2
sycamore,6.2444444444444445,6.919786096256685,identity,53Q_depth_Sycamore_small_None_1_1.5_no.9
sycamore,6.916666666666667,6.830985915492958,random,53Q_gate_Sycamore_small_2_1_1.5_no.2
rochester,7.75,6.505780346820809,identity,53Q_gate_Rochester_small_2_25_1.5_no.5
sycamore,3.210144927536232,3.8979591836734695,sabre,53Q_depth_Sycamore_small_None_5_2.55_no.4
rochester,3.740740740740741,5.074074074074074,sabre,53Q_gate_Rochester_small_1_1_1.5_no.2
sycamore,5.118811881188119,5.298288508557457,random,53Q_gate_Sycamore_small_1_15_1.5_no.5
rochester,5.08955223880597,6.168918918918919,sabre,53Q_depth_Rochester_large_None_5_1.5_no.7
sycamore,5.361111111111111,6.842105263157895,identity,53Q_gate_Sycamore_small_1_2_1.5_no.4
sycamore,5.702702702702703,5.003937007874016,sabre,53Q_depth_Sycamore_large_None_3_2.55_no.5
sycamore,6.435483870967742,8.038461538461538,identity,53Q_depth_Sycamore_large_None_1_2.55_no.8
sycamore,3.875,5.641791044776119,random,53Q_depth_Sycamore_large_None_10_1.5_no.9
sycamore,5.252032520325203,5.413461538461538,random,53Q_gate_Sycamore_large_2_25_1.5_no.9
rochester,7.120481927710843,4.66597510373444,sabre,53Q_gate_Rochester_large_2_25_1.5_no.3
sycamore,3.7763975155279503,5.295612009237876,identity,53Q_gate_Sycamore_large_1_15_1.5_no.6
tokyo,1.9458333333333333,2.521613832853026,sabre,20Q_gate_Tokyo_large_2_25_1.5_no.0
sycamore,5.670967741935484,4.936962750716332,identity,53Q_gate_Sycamore_large_1_25_1.5_no.4
tokyo,1.4444444444444444,1.9209302325581394,sa,20Q_gate_Tokyo_large_1_10_1.5_no.2
tokyo,2.0,2.4741379310344827,random,20Q_gate_Tokyo_large_2_15_1.5_no.9
rochester,2.91,5.875,sabre,53Q_depth_Rochester_large_None_4_2.55_no.2
rochester,6.828571428571428,7.276639344262295,identity,53Q_depth_Rochester_large_None_10_1.5_no.5
rochester,9.764044943820224,7.743169398907104,random,53Q_gate_Rochester_large_1_20_1.5_no.2
sycamore,5.575757575757576,4.955974842767295,identity,53Q_gate_Sycamore_small_1_20_1.5_no.0
sycamore,4.147239263803681,3.886866059817945,sa,53Q_gate_Sycamore_large_1_25_1.5_no.7
sycamore,4.4021739130434785,6.6869565217391305,identity,53Q_gate_Sycamore_small_1_10_1.5_no.2
sycamore,2.8333333333333335,3.5925058548009368,sabre,53Q_gate_Sycamore_large_1_15_1.5_no.2
tokyo,1.671641791044776,2.764705882352941,identity,20Q_gate_Tokyo_large_2_10_1.5_no.9
rochester,3.671641791044776,12.329411764705883,random,53Q_gate_Rochester_small_1_3_1.5_no.4
rochester,9.214285714285714,14.556603773584905,random,53Q_gate_Rochester_large_2_1_1.5_no.8
rochester,2.764044943820225,5.5,sabre,53Q_depth_Rochester_large_None_2_2.55_no.8
rochester,3.323943661971831,11.936507936507937,random,53Q_depth_Rochester_small_None_3_2.55_no.0
sycamore,4.916666666666667,6.916666666666667,random,53Q_gate_Sycamore_small_1_3_1.5_no.0
sycamore,2.613259668508287,5.335311572700297,sa,53Q_depth_Sycamore_large_None_3_2.55_no.9
tokyo,2.0817120622568095,2.6818181818181817,identity,20Q_gate_Tokyo_large_1_20_1.5_no.1
rochester,3.6,5.486486486486487,sabre,53Q_gate_Rochester_small_2_3_1.5_no.0
rochester,4.742857142857143,6.473282442748092,sabre,53Q_depth_Rochester_large_None_1_1.5_no.5
rochester,4.511627906976744,4.34054054054054,sabre,53Q_gate_Rochester_large_1_5_1.5_no.6
sycamore,2.484848484848485,8.0,identity,53Q_gate_Sycamore_small_1_1_1.5_no.3
sycamore,2.9813084112149535,6.666666666666667,random,53Q_gate_Sycamore_large_2_5_1.5_no.6
tokyo,1.56,2.3448275862068964,sabre,20Q_gate_Tokyo_large_1_1_1.5_no.8
rochester,3.75,5.188679245283019,sabre,53Q_gate_Rochester_large_2_1_1.5_no.8
sycamore,6.277777777777778,6.784172661870503,random,53Q_gate_Sycamore_large_1_1_1.5_no.8
rochester,6.2,7.437722419928826,sa,53Q_depth_Rochester_small_None_4_1.5_no.5
sycamore,4.738095238095238,4.354838709677419,sabre,53Q_gate_Sycamore_large_2_4_1.5_no.8
sycamore,5.0,4.504347826086956,sa,53Q_gate_Sycamore_large_2_15_1.5_no.8
rochester,6.360655737704918,9.085561497326204,identity,53Q_depth_Rochester_large_None_3_1.5_no.5
sycamore,2.2992125984251968,5.515358361774744,sa,53Q_depth_Sycamore_small_None_3_2.55_no.1
tokyo,2.111111111111111,2.5211267605633805,sabre,20Q_gate_Tokyo_large_2_1_1.5_no.9
sycamore,2.584507042253521,4.828282828282828,sa,53Q_gate_Sycamore_small_2_15_1.5_no.4
tokyo,2.1862745098039214,2.8286852589641436,sabre,20Q_depth_Tokyo_large_None_10_1.5_no.1
sycamore,3.9081632653061225,3.628260869565217,sa,53Q_depth_Sycamore_large_None_5_1.5_no.5
rochester,5.7272727272727275,7.0,sabre,53Q_depth_Rochester_large_None_3_2.55_no.1
rochester,8.785714285714286,10.558704453441296,random,53Q_depth_Rochester_large_None_4_1.5_no.9
sycamore,5.133333333333334,6.372844827586207,identity,53Q_depth_Sycamore_small_None_5_1.5_no.4
sycamore,2.4408602150537635,5.732394366197183,sa,53Q_depth_Sycamore_small_None_4_1.5_no.8
rochester,4.589285714285714,13.201923076923077,random,53Q_gate_Rochester_small_2_4_1.5_no.3
rochester,2.9491525423728815,14.298507462686567,identity,53Q_gate_Rochester_small_1_1_1.5_no.5
tokyo,2.198757763975155,2.710280373831776,random,20Q_gate_Tokyo_large_1_10_1.5_no.8
rochester,2.6739130434782608,7.241379310344827,sabre,53Q_gate_Rochester_large_2_1_1.5_no.6
sycamore,7.3125,7.575,random,53Q_gate_Sycamore_large_1_1_1.5_no.6
rochester,6.316546762589928,10.53125,random,53Q_depth_Rochester_small_None_10_1.5_no.0
rochester,1.5616438356164384,6.076923076923077,sa,53Q_gate_Rochester_small_2_4_1.5_no.7
tokyo,2.9705882352941178,3.013157894736842,random,20Q_gate_Tokyo_large_2_1_1.5_no.2
sycamore,2.496551724137931,5.094420600858369,sabre,53Q_depth_Sycamore_large_None_2_2.55_no.4
rochester,3.0327868852459017,4.5479452054794525,sabre,53Q_gate_Rochester_large_1_5_1.5_no.8
sycamore,2.893048128342246,4.551813471502591,sabre,53Q_depth_Sycamore_small_None_4_2.55_no.5
sycamore,4.739130434782608,6.230366492146596,random,53Q_gate_Sycamore_large_2_5_1.5_no.8
rochester,9.255813953488373,8.353982300884956,identity,53Q_gate_Rochester_small_2_10_1.5_no.4
sycamore,5.25,8.9375,identity,53Q_gate_Sycamore_large_1_0_1.5_no.0
tokyo,2.3011152416356877,2.734782608695652,identity,20Q_depth_Tokyo_large_None_10_1.5_no.0
rochester,2.2409638554216866,7.9743589743589745,sabre,53Q_depth_Rochester_small_None_2_1.5_no.7
rochester,2.3378378378378377,11.860759493670885,identity,53Q_gate_Rochester_small_2_1_1.5_no.3
rochester,3.544943820224719,6.026490066225166,sa,53Q_depth_Rochester_small_None_10_2.55_no.3
sycamore,5.790322580645161,6.213114754098361,identity,53Q_gate_Sycamore_large_2_10_1.5_no.1
sycamore,3.669230769230769,6.5111821086261985,identity,53Q_depth_Sycamore_small_None_3_1.5_no.4
sycamore,6.051546391752577,6.107317073170732,identity,53Q_gate_Sycamore_large_2_20_1.5_no.3
sycamore,3.56198347107438,3.9508196721311477,sa,53Q_gate_Sycamore_small_1_20_1.5_no.8
tokyo,1.9096045197740112,2.348101265822785,sabre,20Q_gate_Tokyo_large_2_20_1.5_no.3
rochester,5.512195121951219,10.86046511627907,random,53Q_gate_Rochester_large_1_3_1.5_no.9
rochester,5.100719424460432,6.409356725146199,sabre,53Q_depth_Rochester_large_None_10_2.55_no.1
rochester,3.4464285714285716,14.0,random,53Q_gate_Rochester_small_2_1_1.5_no.5
sycamore,5.783783783783784,5.979310344827586,identity,53Q_gate_Sycamore_small_2_25_1.5_no.7
sycamore,6.383561643835616,5.794212218649518,identity,53Q_gate_Sycamore_small_2_15_1.5_no.5
sycamore,5.371794871794871,4.946401225114855,random,53Q_gate_Sycamore_large_1_20_1.5_no.4
sycamore,4.883333333333334,5.532751091703057,random,53Q_gate_Sycamore_small_2_10_1.5_no.8
sycamore,4.25,3.6830015313935682,sa,53Q_gate_Sycamore_large_1_20_1.5_no.4
sycamore,1.8193548387096774,3.937313432835821,sabre,53Q_depth_Sycamore_large_None_4_1.5_no.8
rochester,4.25,4.770053475935829,sabre,53Q_gate_Rochester_small_2_10_1.5_no.2
tokyo,2.7777777777777777,2.6601941747572817,identity,20Q_depth_Tokyo_large_None_1_2.55_no.0
sycamore,6.714285714285714,6.636363636363637,identity,53Q_gate_Sycamore_small_2_4_1.5_no.3
sycamore,3.9743589743589745,4.074766355140187,sabre,53Q_gate_Sycamore_large_2_15_1.5_no.7
sycamore,4.904761904761905,4.870967741935484,sa,53Q_gate_Sycamore_large_2_4_1.5_no.8
rochester,8.285714285714286,8.441176470588236,random,53Q_gate_Rochester_large_2_10_1.5_no.8
rochester,9.008264462809917,6.654676258992806,identity,53Q_gate_Rochester_large_1_25_1.5_no.7
sycamore,5.283018867924528,5.315508021390374,sa,53Q_gate_Sycamore_large_1_4_1.5_no.9
tokyo,1.56,2.8620689655172415,random,20Q_gate_Tokyo_large_1_1_1.5_no.8
tokyo,2.098265895953757,2.725752508361204,identity,20Q_gate_Tokyo_large_2_20_1.5_no.4
sycamore,5.26530612244898,6.641304347826087,identity,53Q_gate_Sycamore_large_2_5_1.5_no.0
rochester,4.411042944785276,6.081135902636917,sabre,53Q_depth_Rochester_small_None_10_2.55_no.5
rochester,4.409090909090909,4.44100580270793,sabre,53Q_gate_Rochester_large_1_20_1.5_no.0
rochester,6.780952380952381,11.445255474452555,random,53Q_depth_Rochester_small_None_5_2.55_no.0
rochester,3.869565217391304,6.461538461538462,sabre,53Q_depth_Rochester_small_None_10_1.5_no.2
tokyo,1.1155778894472361,1.1607142857142858,sa,20Q_gate_Tokyo_large_1_15_1.5_no.7
rochester,6.285714285714286,6.840909090909091,sabre,53Q_depth_Rochester_large_None_4_1.5_no.3
rochester,3.3461538461538463,8.397260273972602,sa,53Q_gate_Rochester_small_1_0_1.5_no.5
sycamore,2.452830188679245,3.7906976744186047,sabre,53Q_gate_Sycamore_small_1_4_1.5_no.3
sycamore,5.2330827067669174,6.442542787286063,random,53Q_depth_Sycamore_small_None_5_2.55_no.0
rochester,7.129032258064516,13.193548387096774,identity,53Q_gate_Rochester_large_1_1_1.5_no.6
tokyo,1.5,3.2,identity,20Q_gate_Tokyo_large_2_0_1.5_no.4
sycamore,2.330188679245283,4.214285714285714,sabre,53Q_gate_Sycamore_small_1_5_1.5_no.6
rochester,5.4375,7.589743589743589,sa,53Q_gate_Rochester_large_2_2_1.5_no.5
tokyo,2.239130434782609,2.869565217391304,identity,20Q_gate_Tokyo_large_2_1_1.5_no.1
sycamore,3.1076923076923078,6.378313253012048,random,53Q_depth_Sycamore_small_None_4_2.55_no.9
tokyo,1.96,3.3258426966292136,identity,20Q_depth_Tokyo_large_None_1_1.5_no.1
tokyo,2.026315789473684,2.225806451612903,sabre,20Q_gate_Tokyo_large_2_2_1.5_no.8
tokyo,2.7714285714285714,3.0980392156862746,random,20Q_gate_Tokyo_large_1_5_1.5_no.0
rochester,8.931034482758621,12.055555555555555,identity,53Q_gate_Rochester_large_2_1_1.5_no.0
sycamore,5.604938271604938,6.4222222222222225,random,53Q_gate_Sycamore_small_2_10_1.5_no.6
sycamore,5.052631578947368,5.437037037037037,sabre,53Q_depth_Sycamore_large_None_4_1.5_no.6
tokyo,2.07185628742515,2.9672131147540983,random,20Q_depth_Tokyo_large_None_5_1.5_no.2
rochester,4.424242424242424,4.684782608695652,sa,53Q_gate_Rochester_small_2_15_1.5_no.8
sycamore,4.030837004405286,4.819587628865979,sabre,53Q_depth_Sycamore_large_None_10_2.55_no.1
tokyo,1.8909090909090909,2.2962962962962963,sabre,20Q_gate_Tokyo_large_1_2_1.5_no.9
rochester,6.366666666666666,15.676923076923076,random,53Q_gate_Rochester_small_1_0_1.5_no.8
rochester,8.942857142857143,9.514450867052023,identity,53Q_gate_Rochester_large_1_3_1.5_no.3
sycamore,5.4375,6.094890510948905,identity,53Q_depth_Sycamore_large_None_4_1.5_no.4
rochester,7.285714285714286,12.257731958762887,random,53Q_gate_Rochester_large_2_2_1.5_no.4
sycamore,4.133333333333334,6.006321112515803,identity,53Q_depth_Sycamore_large_None_10_2.55_no.2
rochester,4.433333333333334,6.758928571428571,sa,53Q_gate_Rochester_small_1_1_1.5_no.4
sycamore,3.7222222222222223,4.9928057553956835,sabre,53Q_gate_Sycamore_large_1_1_1.5_no.8
rochester,4.757575757575758,5.547169811320755,sa,53Q_gate_Rochester_large_2_3_1.5_no.4
tokyo,1.8589211618257262,2.227906976744186,sabre,20Q_gate_Tokyo_large_1_20_1.5_no.9
sycamore,2.588785046728972,4.085492227979275,sa,53Q_gate_Sycamore_small_2_20_1.5_no.2
sycamore,1.8061224489795917,7.473684210526316,identity,53Q_gate_Sycamore_large_1_2_1.5_no.5
sycamore,3.9278350515463916,5.195911413969336,random,53Q_gate_Sycamore_small_1_25_1.5_no.6
rochester,5.594594594594595,6.187096774193549,sabre,53Q_depth_Rochester_large_None_2_1.5_no.9
tokyo,2.134920634920635,2.7881773399014778,random,20Q_gate_Tokyo_large_2_10_1.5_no.7
tokyo,2.303030303030303,2.3676470588235294,sa,20Q_gate_Tokyo_large_2_1_1.5_no.3
sycamore,2.7058823529411766,3.7405405405405405,sabre,53Q_gate_Sycamore_large_1_3_1.5_no.2
tokyo,2.392156862745098,2.3398058252427183,sa,20Q_depth_Tokyo_large_None_1_2.55_no.4
tokyo,1.4285714285714286,1.6885245901639345,sa,20Q_gate_Tokyo_large_1_1_1.5_no.0
rochester,6.86,9.874251497005988,random,53Q_depth_Rochester_large_None_2_1.5_no.3
sycamore,3.961904761904762,6.020408163265306,random,53Q_depth_Sycamore_small_None_3_1.5_no.0
rochester,7.268656716417911,7.153153153153153,identity,53Q_gate_Rochester_small_1_15_1.5_no.5
sycamore,4.861111111111111,4.851063829787234,sabre,53Q_gate_Sycamore_large_1_2_1.5_no.7
sycamore,4.846153846153846,4.50728862973761,sabre,53Q_gate_Sycamore_small_1_15_1.5_no.8
rochester,6.707865168539326,6.07399577167019,random,53Q_gate_Rochester_large_1_15_1.5_no.8
sycamore,5.11864406779661,7.944444444444445,identity,53Q_depth_Sycamore_large_None_1_2.55_no.0
sycamore,4.5772357723577235,4.675,sabre,53Q_gate_Sycamore_small_2_25_1.5_no.0
rochester,4.3522727272727275,11.842857142857143,random,53Q_depth_Rochester_small_None_4_1.5_no.1
rochester,4.621359223300971,4.069642857142857,sa,53Q_gate_Rochester_large_1_20_1.5_no.5
tokyo,1.9183673469387754,3.139344262295082,random,20Q_gate_Tokyo_large_1_4_1.5_no.1
rochester,9.102564102564102,10.56043956043956,identity,53Q_gate_Rochester_large_2_3_1.5_no.5
rochester,4.420289855072464,4.283536585365853,sabre,53Q_gate_Rochester_large_2_15_1.5_no.0
rochester,4.25,10.567073170731707,random,53Q_depth_Rochester_large_None_2_2.55_no.0
rochester,4.904347826086957,9.704724409448819,identity,53Q_depth_Rochester_small_None_4_2.55_no.4
rochester,6.954545454545454,11.11371237458194,identity,53Q_depth_Rochester_small_None_5_2.55_no.3
rochester,6.388888888888889,8.465116279069768,random,53Q_gate_Rochester_large_1_5_1.5_no.3
tokyo,1.8461538461538463,2.782178217821782,random,20Q_depth_Tokyo_large_None_5_1.5_no.1
rochester,2.8191489361702127,14.670103092783505,random,53Q_depth_Rochester_large_None_1_2.55_no.2
rochester,4.094594594594595,9.891304347826088,identity,53Q_gate_Rochester_small_1_5_1.5_no.0
tokyo,1.4102564102564104,1.9272727272727272,sa,20Q_gate_Tokyo_large_2_5_1.5_no.2
sycamore,5.45,6.739130434782608,identity,53Q_depth_Sycamore_small_None_1_1.5_no.1
tokyo,1.175257731958763,1.3902439024390243,sa,20Q_gate_Tokyo_large_1_5_1.5_no.1
rochester,3.0076335877862594,4.4635761589403975,sabre,53Q_gate_Rochester_small_1_25_1.5_no.2
sycamore,5.330578512396694,4.897345132743363,random,53Q_gate_Sycamore_small_1_25_1.5_no.8
rochester,4.031914893617022,8.0,sabre,53Q_depth_Rochester_small_None_3_2.55_no.2
sycamore,4.448979591836735,6.411764705882353,identity,53Q_gate_Sycamore_small_1_3_1.5_no.6
rochester,4.084507042253521,11.159663865546218,identity,53Q_gate_Rochester_small_2_5_1.5_no.6
sycamore,5.309278350515464,5.552941176470588,random,53Q_gate_Sycamore_large_2_15_1.5_no.4
tokyo,2.6,3.3529411764705883,random,20Q_gate_Tokyo_large_1_0_1.5_no.9
tokyo,2.0419161676646707,2.8442622950819674,identity,20Q_depth_Tokyo_large_None_5_1.5_no.2
rochester,3.259259259259259,6.2592592592592595,sa,53Q_gate_Rochester_small_2_10_1.5_no.1
sycamore,3.978142076502732,5.339483394833948,identity,53Q_gate_Sycamore_large_1_20_1.5_no.9
rochester,2.5774647887323945,6.470588235294118,sa,53Q_gate_Rochester_small_2_5_1.5_no.6
rochester,6.464285714285714,15.181818181818182,random,53Q_gate_Rochester_large_1_0_1.5_no.5
rochester,3.08955223880597,12.775,random,53Q_gate_Rochester_small_2_2_1.5_no.9
rochester,8.105263157894736,10.06787330316742,random,53Q_depth_Rochester_large_None_4_2.55_no.0
rochester,4.548387096774194,7.844660194174757,sabre,53Q_gate_Rochester_large_1_1_1.5_no.5
sycamore,4.370967741935484,6.032051282051282,random,53Q_depth_Sycamore_large_None_5_2.55_no.3
sycamore,6.0,7.711111111111111,random,53Q_gate_Sycamore_large_2_1_1.5_no.5
rochester,6.3478260869565215,9.625,identity,53Q_gate_Rochester_small_1_3_1.5_no.0
sycamore,3.019867549668874,5.283720930232558,sa,53Q_depth_Sycamore_small_None_5_1.5_no.9
rochester,4.89,5.517162471395881,sabre,53Q_depth_Rochester_large_None_10_1.5_no.1
rochester,3.408450704225352,11.142857142857142,identity,53Q_depth_Rochester_small_None_3_2.55_no.0
rochester,6.23404255319149,11.446043165467627,identity,53Q_depth_Rochester_small_None_2_2.55_no.7
rochester,4.872727272727273,7.398230088495575,sa,53Q_depth_Rochester_small_None_4_1.5_no.6
sycamore,2.6077844311377247,3.6658851113716295,sabre,53Q_depth_Sycamore_small_None_10_2.55_no.4
sycamore,3.8583333333333334,3.6524701873935266,sabre,53Q_gate_Sycamore_small_1_25_1.5_no.5
rochester,5.566666666666666,10.064171122994653,identity,53Q_depth_Rochester_small_None_3_1.5_no.9
rochester,8.304878048780488,8.902912621359222,identity,53Q_depth_Rochester_large_None_5_2.55_no.8
rochester,4.567164179104478,5.313207547169811,sa,53Q_gate_Rochester_small_1_15_1.5_no.7
rochester,7.078947368421052,10.485294117647058,identity,53Q_gate_Rochester_small_2_3_1.5_no.6
sycamore,3.490740740740741,4.168618266978923,sa,53Q_gate_Sycamore_large_1_15_1.5_no.2
sycamore,3.8058823529411763,6.511013215859031,random,53Q_depth_Sycamore_large_None_5_1.5_no.4
tokyo,1.7603485838779955,2.896103896103896,random,20Q_depth_Tokyo_large_None_10_2.55_no.8
tokyo,1.3359375,1.5598086124401913,sabre,20Q_gate_Tokyo_large_2_15_1.5_no.5
tokyo,1.1382636655948553,1.328600405679513,sa,20Q_gate_Tokyo_large_1_25_1.5_no.0
tokyo,1.183673469387755,3.0,random,20Q_gate_Tokyo_large_2_0_1.5_no.3
rochester,7.018518518518518,8.38139534883721,identity,53Q_gate_Rochester_large_1_5_1.5_no.3
rochester,3.717821782178218,7.616438356164384,sa,53Q_depth_Rochester_small_None_10_2.55_no.0
sycamore,3.775,5.304347826086956,sa,53Q_depth_Sycamore_small_None_1_1.5_no.1
sycamore,5.452830188679245,6.629955947136564,identity,53Q_depth_Sycamore_large_None_2_1.5_no.4
rochester,4.12,7.910714285714286,sa,53Q_depth_Rochester_small_None_3_2.55_no.9
tokyo,2.1533742331288344,2.788235294117647,random,20Q_gate_Tokyo_large_1_15_1.5_no.1
tokyo,1.6347305389221556,3.0264900662251657,identity,20Q_depth_Tokyo_large_None_3_2.55_no.2
sycamore,7.658536585365853,7.4,random,53Q_gate_Sycamore_small_2_3_1.5_no.3
sycamore,5.846153846153846,7.305084745762712,identity,53Q_depth_Sycamore_small_None_1_2.55_no.9
rochester,7.833333333333333,7.769975786924939,identity,53Q_gate_Rochester_large_2_20_1.5_no.6
rochester,4.048780487804878,7.183673469387755,sabre,53Q_gate_Rochester_small_1_3_1.5_no.3
sycamore,2.6885245901639343,5.097222222222222,sa,53Q_depth_Sycamore_small_None_2_2.55_no.3
rochester,4.075,6.191616766467066,sabre,53Q_gate_Rochester_large_2_5_1.5_no.5
tokyo,1.6923076923076923,2.237354085603113,sa,20Q_depth_Tokyo_large_None_5_1.5_no.4
sycamore,4.444444444444445,5.571428571428571,random,53Q_gate_Sycamore_large_1_5_1.5_no.5
sycamore,3.098360655737705,5.416201117318436,sabre,53Q_depth_Sycamore_small_None_4_1.5_no.2
sycamore,2.1869158878504673,3.8714285714285714,sabre,53Q_gate_Sycamore_small_2_3_1.5_no.9
rochester,6.325301204819277,5.195020746887967,sa,53Q_gate_Rochester_large_2_25_1.5_no.3
rochester,3.7560975609756095,9.806818181818182,identity,53Q_depth_Rochester_small_None_5_1.5_no.3
sycamore,4.479166666666667,5.233576642335766,sa,53Q_depth_Sycamore_large_None_4_1.5_no.4
sycamore,2.272727272727273,5.552631578947368,sabre,53Q_gate_Sycamore_small_2_1_1.5_no.3
rochester,7.609756097560975,12.778688524590164,identity,53Q_depth_Rochester_large_None_1_2.55_no.4
tokyo,2.586206896551724,2.8816568047337277,identity,20Q_gate_Tokyo_large_1_5_1.5_no.4
rochester,6.975,9.640718562874252,identity,53Q_gate_Rochester_large_2_5_1.5_no.5
sycamore,4.0,4.9818181818181815,sabre,53Q_gate_Sycamore_small_2_0_1.5_no.6
sycamore,2.474747474747475,7.798387096774194,identity,53Q_gate_Sycamore_small_2_2_1.5_no.9
tokyo,1.9285714285714286,3.0901639344262297,identity,20Q_gate_Tokyo_large_1_4_1.5_no.1
sycamore,3.421875,4.9440298507462686,sabre,53Q_depth_Sycamore_large_None_10_1.5_no.9
rochester,8.235294117647058,10.125,random,53Q_gate_Rochester_large_2_3_1.5_no.0
sycamore,5.75,6.2663755458515285,identity,53Q_gate_Sycamore_small_2_10_1.5_no.8
sycamore,5.6,7.463414634146342,random,53Q_gate_Sycamore_small_1_1_1.5_no.1
rochester,3.8292682926829267,5.9156626506024095,sabre,53Q_gate_Rochester_small_2_1_1.5_no.1
rochester,9.607142857142858,13.79245283018868,identity,53Q_gate_Rochester_large_2_1_1.5_no.8
rochester,4.903225806451613,11.895705521472392,random,53Q_depth_Rochester_small_None_2_2.55_no.1
rochester,6.568181818181818,11.488549618320612,random,53Q_depth_Rochester_small_None_1_2.55_no.3
rochester,4.7560975609756095,7.073770491803279,sabre,53Q_depth_Rochester_large_None_1_2.55_no.4
rochester,5.224137931034483,3.922829581993569,sabre,53Q_gate_Rochester_large_1_10_1.5_no.3
sycamore,5.073529411764706,7.167381974248927,random,53Q_depth_Sycamore_small_None_2_1.5_no.4
sycamore,5.340909090909091,7.344594594594595,identity,53Q_gate_Sycamore_small_2_5_1.5_no.1
rochester,4.2727272727272725,5.432098765432099,sa,53Q_gate_Rochester_small_2_10_1.5_no.6
tokyo,2.633587786259542,2.7286245353159853,random,20Q_depth_Tokyo_large_None_5_1.5_no.0
sycamore,7.069444444444445,5.575418994413408,random,53Q_gate_Sycamore_large_1_10_1.5_no.9
rochester,8.284090909090908,7.125827814569536,random,53Q_gate_Rochester_small_1_20_1.5_no.6
sycamore,6.043010752688172,5.680288461538462,random,53Q_gate_Sycamore_small_2_20_1.5_no.5
tokyo,2.3564814814814814,2.766497461928934,identity,20Q_gate_Tokyo_large_2_25_1.5_no.1
tokyo,1.360655737704918,2.279187817258883,sa,20Q_depth_Tokyo_large_None_4_2.55_no.9
rochester,3.7045454545454546,5.963235294117647,sabre,53Q_gate_Rochester_large_2_3_1.5_no.9
sycamore,4.5,6.385093167701863,random,53Q_gate_Sycamore_large_1_3_1.5_no.9
tokyo,1.2528735632183907,2.020618556701031,sa,20Q_gate_Tokyo_large_2_4_1.5_no.6
tokyo,1.565217391304348,1.7641509433962264,sa,20Q_gate_Tokyo_large_1_4_1.5_no.5
sycamore,2.927710843373494,3.7254237288135594,sabre,53Q_gate_Sycamore_large_2_10_1.5_no.2
tokyo,2.362162162162162,2.685483870967742,identity,20Q_gate_Tokyo_large_1_15_1.5_no.9
sycamore,5.621951219512195,7.161538461538462,random,53Q_depth_Sycamore_large_None_2_2.55_no.0
sycamore,4.151515151515151,5.1454545454545455,sabre,53Q_gate_Sycamore_small_1_1_1.5_no.6
tokyo,2.4107142857142856,2.675675675675676,identity,20Q_gate_Tokyo_large_2_5_1.5_no.1
sycamore,3.0555555555555554,3.808,sabre,53Q_gate_Sycamore_small_1_0_1.5_no.3
sycamore,6.666666666666667,6.198813056379822,random,53Q_gate_Sycamore_large_1_10_1.5_no.7
tokyo,2.0,2.6607142857142856,identity,20Q_gate_Tokyo_large_2_4_1.5_no.4
rochester,3.831168831168831,10.609756097560975,random,53Q_gate_Rochester_large_1_4_1.5_no.7
sycamore,5.363636363636363,6.736486486486487,random,53Q_gate_Sycamore_small_2_5_1.5_no.1
rochester,2.8461538461538463,5.795620437956204,sabre,53Q_gate_Rochester_small_1_5_1.5_no.1
rochester,3.611111111111111,6.07,sabre,53Q_gate_Rochester_large_2_3_1.5_no.7
sycamore,1.8829787234042554,4.968503937007874,sabre,53Q_gate_Sycamore_small_1_2_1.5_no.9
sycamore,3.1791044776119404,4.395604395604396,sabre,53Q_depth_Sycamore_small_None_2_1.5_no.0
sycamore,5.627450980392157,6.791443850267379,random,53Q_gate_Sycamore_large_1_3_1.5_no.7
rochester,3.730337078651685,3.819672131147541,sa,53Q_gate_Rochester_large_1_20_1.5_no.2
tokyo,1.6633663366336633,2.7704918032786887,random,20Q_gate_Tokyo_large_1_4_1.5_no.6
rochester,1.8676470588235294,8.846153846153847,sa,53Q_gate_Rochester_small_1_1_1.5_no.3
sycamore,4.2926829268292686,4.102739726027397,sabre,53Q_depth_Sycamore_large_None_10_1.5_no.7
rochester,7.094736842105263,7.371559633027523,random,53Q_gate_Rochester_large_2_25_1.5_no.2
rochester,10.390625,9.052173913043479,identity,53Q_gate_Rochester_large_2_15_1.5_no.7
rochester,5.225806451612903,7.394736842105263,sa,53Q_gate_Rochester_large_2_3_1.5_no.3
sycamore,2.4545454545454546,4.305194805194805,sa,53Q_gate_Sycamore_small_2_25_1.5_no.1
sycamore,3.7403314917127073,6.8486646884272995,random,53Q_depth_Sycamore_large_None_3_2.55_no.9
tokyo,1.4642857142857142,1.8125,sa,20Q_gate_Tokyo_large_2_0_1.5_no.7
tokyo,2.242424242424242,2.810344827586207,random,20Q_gate_Tokyo_large_2_10_1.5_no.0
tokyo,2.3214285714285716,3.0869565217391304,identity,20Q_depth_Tokyo_large_None_2_2.55_no.3
sycamore,5.614035087719298,6.242424242424242,random,53Q_depth_Sycamore_large_None_1_1.5_no.6
rochester,4.969230769230769,4.731448763250883,sabre,53Q_gate_Rochester_small_2_20_1.5_no.1
sycamore,4.75,6.8389261744966445,identity,53Q_gate_Sycamore_large_2_4_1.5_no.2
tokyo,1.0,1.04,sa,20Q_gate_Tokyo_large_1_0_1.5_no.4
rochester,5.626262626262626,4.883720930232558,sa,53Q_gate_Rochester_large_2_25_1.5_no.4
tokyo,1.8982035928143712,2.514851485148515,identity,20Q_gate_Tokyo_large_1_25_1.5_no.4
rochester,7.035714285714286,12.515151515151516,random,53Q_gate_Rochester_large_1_1_1.5_no.1
sycamore,4.127659574468085,4.801186943620178,sa,53Q_depth_Sycamore_large_None_4_1.5_no.3
sycamore,4.305555555555555,3.9376854599406528,sabre,53Q_gate_Sycamore_large_1_10_1.5_no.7
tokyo,1.2266666666666666,1.236842105263158,sa,20Q_gate_Tokyo_large_1_20_1.5_no.5
rochester,3.4128440366972477,5.861313868613139,sabre,53Q_depth_Rochester_small_None_5_2.55_no.8
sycamore,6.222222222222222,8.571428571428571,identity,53Q_gate_Sycamore_small_1_0_1.5_no.1
rochester,3.1869158878504673,5.75,sa,53Q_depth_Rochester_small_None_3_2.55_no.8
sycamore,1.7745098039215685,4.650602409638554,sabre,53Q_gate_Sycamore_large_2_3_1.5_no.7
rochester,5.8686868686868685,9.29235880398671,random,53Q_gate_Rochester_large_2_20_1.5_no.4
rochester,7.447368421052632,12.765217391304347,identity,53Q_depth_Rochester_large_None_1_1.5_no.0
sycamore,3.5,5.361702127659575,sa,53Q_depth_Sycamore_small_None_1_1.5_no.6
rochester,8.273972602739725,8.053571428571429,identity,53Q_gate_Rochester_small_1_20_1.5_no.4
rochester,3.356382978723404,6.198675496688741,sa,53Q_depth_Rochester_small_None_10_2.55_no.1
rochester,2.4678362573099415,7.0355731225296445,sabre,53Q_depth_Rochester_small_None_4_2.55_no.1
sycamore,2.0625,5.361538461538461,sabre,53Q_gate_Sycamore_large_2_2_1.5_no.2
tokyo,2.3275862068965516,2.702970297029703,random,20Q_gate_Tokyo_large_1_15_1.5_no.6
sycamore,4.314814814814815,4.95,sabre,53Q_depth_Sycamore_large_None_1_2.55_no.7
rochester,3.4,5.882978723404255,sa,53Q_gate_Rochester_small_2_1_1.5_no.9
sycamore,3.7553956834532376,6.260623229461756,random,53Q_depth_Sycamore_large_None_4_1.5_no.0
rochester,1.9485294117647058,5.4743589743589745,sabre,53Q_depth_Rochester_small_None_5_1.5_no.9
tokyo,1.4939759036144578,1.995798319327731,sa,20Q_depth_Tokyo_large_None_4_1.5_no.5
sycamore,3.5405405405405403,5.413461538461538,sabre,53Q_gate_Sycamore_large_2_0_1.5_no.8
rochester,3.7804878048780486,6.4186046511627906,sa,53Q_gate_Rochester_large_1_3_1.5_no.9
sycamore,4.593406593406593,5.790697674418604,sa,53Q_depth_Sycamore_small_None_2_2.55_no.4
rochester,7.459016393442623,5.2631578947368425,sa,53Q_gate_Rochester_small_1_15_1.5_no.0
sycamore,5.738095238095238,7.940677966101695,identity,53Q_gate_Sycamore_large_1_1_1.5_no.2
rochester,3.6198830409356724,10.42687747035573,random,53Q_depth_Rochester_small_None_4_2.55_no.1
sycamore,3.970149253731343,4.442622950819672,sa,53Q_gate_Sycamore_large_1_10_1.5_no.1
tokyo,1.8779904306220097,3.1101123595505618,random,20Q_depth_Tokyo_large_None_10_2.55_no.9
rochester,6.216666666666667,12.470588235294118,random,53Q_depth_Rochester_small_None_3_1.5_no.9
rochester,4.653846153846154,11.121739130434783,random,53Q_depth_Rochester_large_None_1_1.5_no.4
tokyo,1.4464285714285714,2.933333333333333,random,20Q_gate_Tokyo_large_2_0_1.5_no.4
sycamore,4.035714285714286,4.838235294117647,sabre,53Q_depth_Sycamore_large_None_1_2.55_no.9
tokyo,1.9666666666666666,2.2,sabre,20Q_gate_Tokyo_large_2_10_1.5_no.6
rochester,5.181818181818182,11.885714285714286,identity,53Q_depth_Rochester_small_None_4_1.5_no.1
rochester,4.67741935483871,6.888059701492537,sa,53Q_gate_Rochester_small_2_5_1.5_no.1
rochester,8.442105263157895,7.329741379310345,random,53Q_gate_Rochester_small_1_25_1.5_no.0
tokyo,1.355140186915888,1.4987212276214834,sa,20Q_gate_Tokyo_large_2_25_1.5_no.9
rochester,5.0,7.06,sa,53Q_depth_Rochester_small_None_4_1.5_no.7
tokyo,2.3859649122807016,3.3333333333333335,identity,20Q_depth_Tokyo_large_None_3_1.5_no.0
sycamore,3.4615384615384617,4.237288135593221,sabre,53Q_depth_Sycamore_small_None_1_2.55_no.9
sycamore,4.292857142857143,4.253012048192771,sa,53Q_gate_Sycamore_small_1_25_1.5_no.0
rochester,7.151162790697675,6.597122302158273,random,53Q_gate_Rochester_small_2_25_1.5_no.8
sycamore,5.038461538461538,6.121495327102804,identity,53Q_gate_Sycamore_large_2_15_1.5_no.7
tokyo,1.9106753812636166,2.896103896103896,identity,20Q_depth_Tokyo_large_None_10_2.55_no.8
sycamore,5.281481481481482,5.0429906542056075,identity,53Q_gate_Sycamore_large_2_25_1.5_no.5
rochester,3.2857142857142856,13.696969696969697,random,53Q_depth_Rochester_small_None_1_2.55_no.8
sycamore,3.096114519427403,6.40625,random,53Q_depth_Sycamore_small_None_10_2.55_no.5
sycamore,4.526315789473684,5.352380952380952,identity,53Q_depth_Sycamore_large_None_3_1.5_no.2
sycamore,5.072072072072072,5.54147465437788,identity,53Q_gate_Sycamore_small_2_20_1.5_no.1
sycamore,6.36,5.894736842105263,identity,53Q_gate_Sycamore_small_2_10_1.5_no.3
rochester,7.219512195121951,8.360655737704919,identity,53Q_gate_Rochester_large_1_4_1.5_no.5
sycamore,5.132530120481928,4.038860103626943,sabre,53Q_gate_Sycamore_large_2_15_1.5_no.6
rochester,5.533333333333333,9.06,identity,53Q_gate_Rochester_large_2_4_1.5_no.3
sycamore,1.9595959595959596,5.11864406779661,sa,53Q_gate_Sycamore_large_2_1_1.5_no.0
sycamore,4.528301886792453,4.791878172588833,sa,53Q_gate_Sycamore_large_1_3_1.5_no.4
sycamore,3.4285714285714284,7.381818181818182,identity,53Q_gate_Sycamore_small_2_1_1.5_no.5
tokyo,1.8603351955307263,2.7294117647058824,identity,20Q_gate_Tokyo_large_2_20_1.5_no.5
tokyo,2.1079136690647484,3.032710280373832,random,20Q_depth_Tokyo_large_None_4_1.5_no.4
sycamore,3.0631578947368423,5.145922746781116,sa,53Q_depth_Sycamore_large_None_3_1.5_no.4
sycamore,4.085714285714285,5.209677419354839,sa,53Q_gate_Sycamore_large_1_1_1.5_no.1
sycamore,3.6216216216216215,4.71830985915493,sa,53Q_gate_Sycamore_large_2_3_1.5_no.5
rochester,5.945945945945946,10.201923076923077,random,53Q_gate_Rochester_large_1_2_1.5_no.3
sycamore,5.872727272727273,5.681818181818182,sa,53Q_depth_Sycamore_large_None_1_2.55_no.6
sycamore,2.047169811320755,5.3875,sa,53Q_gate_Sycamore_small_2_5_1.5_no.3
sycamore,3.6907216494845363,5.651821862348178,sa,53Q_depth_Sycamore_small_None_2_1.5_no.9
sycamore,3.721311475409836,7.333333333333333,identity,53Q_depth_Sycamore_small_None_2_2.55_no.3
sycamore,2.1923076923076925,8.482758620689655,identity,53Q_gate_Sycamore_large_2_0_1.5_no.6
tokyo,1.939252336448598,2.9042316258351892,sabre,20Q_depth_Tokyo_large_None_10_2.55_no.5
rochester,5.28125,11.894736842105264,identity,53Q_gate_Rochester_small_1_2_1.5_no.6
tokyo,3.6206896551724137,2.8292682926829267,identity,20Q_gate_Tokyo_large_2_1_1.5_no.0
rochester,2.0579710144927534,7.2823529411764705,sa,53Q_gate_Rochester_small_2_2_1.5_no.6
sycamore,3.7333333333333334,5.005780346820809,sabre,53Q_gate_Sycamore_small_1_5_1.5_no.7
sycamore,3.4444444444444446,4.801136363636363,sa,53Q_gate_Sycamore_small_1_5_1.5_no.2
tokyo,2.75,2.96875,identity,20Q_gate_Tokyo_large_2_0_1.5_no.5
sycamore,5.215859030837004,6.28479381443299,random,53Q_depth_Sycamore_large_None_10_2.55_no.1
sycamore,4.116279069767442,4.913793103448276,sabre,53Q_gate_Sycamore_small_1_4_1.5_no.2
rochester,3.0,6.4,sa,53Q_gate_Rochester_large_1_0_1.5_no.6
tokyo,1.6987951807228916,2.30188679245283,sa,20Q_gate_Tokyo_large_1_3_1.5_no.7
tokyo,2.059299191374663,2.636971046770601,identity,20Q_depth_Tokyo_large_None_10_2.55_no.6
sycamore,6.6923076923076925,7.12280701754386,identity,53Q_gate_Sycamore_large_2_4_1.5_no.9
rochester,5.627118644067797,4.967741935483871,sabre,53Q_depth_Rochester_large_None_5_1.5_no.9
tokyo,1.8620689655172413,2.1538461538461537,sabre,20Q_gate_Tokyo_large_1_5_1.5_no.4
sycamore,5.475609756097561,5.754794520547946,random,53Q_depth_Sycamore_large_None_10_1.5_no.7
sycamore,4.035460992907802,6.366412213740458,random,53Q_depth_Sycamore_small_None_4_1.5_no.0
tokyo,1.105263157894737,2.3043478260869565,sa,20Q_gate_Tokyo_large_2_3_1.5_no.4
sycamore,4.267605633802817,5.235294117647059,sabre,53Q_depth_Sycamore_small_None_1_2.55_no.7
rochester,4.552083333333333,5.597402597402597,sabre,53Q_depth_Rochester_large_None_5_2.55_no.5
rochester,7.095238095238095,10.54,random,53Q_gate_Rochester_large_2_5_1.5_no.4
rochester,6.864406779661017,7.22258064516129,sa,53Q_depth_Rochester_large_None_5_1.5_no.9
sycamore,2.863157894736842,3.889705882352941,sabre,53Q_depth_Sycamore_large_None_3_1.5_no.0
sycamore,4.02,6.8305647840531565,identity,53Q_depth_Sycamore_large_None_4_2.55_no.0
rochester,5.947368421052632,11.75,identity,53Q_gate_Rochester_small_2_2_1.5_no.0
rochester,8.9625,6.6466666666666665,identity,53Q_gate_Rochester_large_1_20_1.5_no.4
tokyo,1.7761194029850746,1.8095238095238095,sabre,20Q_gate_Tokyo_large_2_5_1.5_no.5
rochester,5.674418604651163,5.532374100719425,sabre,53Q_gate_Rochester_small_2_25_1.5_no.8
rochester,5.404761904761905,4.421978021978022,sabre,53Q_gate_Rochester_large_1_15_1.5_no.4
sycamore,4.020408163265306,4.614457831325301,sa,53Q_gate_Sycamore_small_2_4_1.5_no.7
rochester,6.578947368421052,10.375,identity,53Q_gate_Rochester_small_1_4_1.5_no.6
tokyo,2.438202247191011,2.6984126984126986,identity,20Q_gate_Tokyo_large_2_10_1.5_no.8
sycamore,3.1414141414141414,2.9134396355353074,sabre,53Q_gate_Sycamore_large_1_15_1.5_no.3
sycamore,3.8227848101265822,7.17910447761194,random,53Q_gate_Sycamore_small_1_4_1.5_no.6
sycamore,3.685185185185185,6.754098360655738,identity,53Q_gate_Sycamore_small_1_4_1.5_no.5
rochester,4.787878787878788,5.374045801526718,sabre,53Q_gate_Rochester_small_2_4_1.5_no.6
sycamore,3.5743589743589745,7.021686746987951,identity,53Q_depth_Sycamore_small_None_4_2.55_no.9
sycamore,3.767123287671233,5.087837837837838,sa,53Q_depth_Sycamore_large_None_5_2.55_no.2
sycamore,5.702970297029703,5.890410958904109,random,53Q_depth_Sycamore_small_None_3_2.55_no.4
rochester,4.512820512820513,7.882352941176471,sabre,53Q_gate_Rochester_large_1_2_1.5_no.0
sycamore,3.507645259938838,5.902439024390244,identity,53Q_depth_Sycamore_small_None_10_2.55_no.1
tokyo,1.9452554744525548,2.3550561797752807,identity,20Q_gate_Tokyo_large_1_20_1.5_no.0
sycamore,3.367088607594937,5.298507462686567,sa,53Q_gate_Sycamore_small_1_4_1.5_no.6
sycamore,5.17948717948718,6.112676056338028,random,53Q_gate_Sycamore_large_2_2_1.5_no.0
tokyo,1.7710843373493976,2.4867256637168142,sabre,20Q_gate_Tokyo_large_1_4_1.5_no.0
sycamore,4.769230769230769,7.340425531914893,random,53Q_depth_Sycamore_small_None_1_1.5_no.6
tokyo,1.3836477987421383,1.607843137254902,sa,20Q_gate_Tokyo_large_2_15_1.5_no.0
sycamore,2.446376811594203,4.2225063938618925,sa,53Q_depth_Sycamore_small_None_10_1.5_no.4
rochester,8.291666666666666,10.083333333333334,identity,53Q_depth_Rochester_large_None_3_1.5_no.8
tokyo,1.2962962962962963,2.589403973509934,sabre,20Q_depth_Tokyo_large_None_3_2.55_no.4
sycamore,4.205128205128205,4.192982456140351,sabre,53Q_gate_Sycamore_large_2_4_1.5_no.9
sycamore,4.852941176470588,8.851063829787234,random,53Q_gate_Sycamore_small_2_0_1.5_no.8
rochester,3.3666666666666667,7.6923076923076925,sabre,53Q_gate_Rochester_small_1_0_1.5_no.8
sycamore,4.666666666666667,5.108695652173913,sa,53Q_gate_Sycamore_large_2_10_1.5_no.0
rochester,8.764705882352942,9.545871559633028,identity,53Q_gate_Rochester_small_2_15_1.5_no.7
tokyo,2.4074074074074074,2.9514563106796117,random,20Q_depth_Tokyo_large_None_1_2.55_no.0
rochester,6.0344827586206895,11.90625,identity,53Q_gate_Rochester_small_2_4_1.5_no.0
tokyo,1.7446808510638299,2.164705882352941,sabre,20Q_gate_Tokyo_large_2_4_1.5_no.1
sycamore,2.2688172043010755,3.942934782608696,sabre,53Q_depth_Sycamore_small_None_10_1.5_no.7
tokyo,2.361344537815126,2.3658536585365852,sabre,20Q_gate_Tokyo_large_1_10_1.5_no.7
rochester,4.774193548387097,13.043478260869565,random,53Q_gate_Rochester_large_2_0_1.5_no.2
tokyo,2.132911392405063,2.823529411764706,identity,20Q_depth_Tokyo_large_None_4_2.55_no.2
sycamore,5.576576576576577,5.067685589519651,random,53Q_gate_Sycamore_small_2_25_1.5_no.2
sycamore,6.28125,7.4363636363636365,random,53Q_gate_Sycamore_small_2_0_1.5_no.6
sycamore,5.60377358490566,6.524229074889868,random,53Q_depth_Sycamore_large_None_2_1.5_no.4
rochester,3.125,7.458333333333333,sabre,53Q_gate_Rochester_small_1_0_1.5_no.6
rochester,6.47457627118644,11.266666666666667,random,53Q_depth_Rochester_small_None_3_1.5_no.2
rochester,4.223140495867769,8.292134831460674,sa,53Q_depth_Rochester_small_None_4_2.55_no.7
sycamore,5.344827586206897,5.662162162162162,random,53Q_gate_Sycamore_large_1_15_1.5_no.0
rochester,4.19,7.93,sa,53Q_depth_Rochester_large_None_4_2.55_no.2
sycamore,4.175,6.622047244094488,identity,53Q_gate_Sycamore_large_1_1_1.5_no.9
rochester,4.166666666666667,4.859375,sa,53Q_gate_Rochester_large_2_4_1.5_no.4
sycamore,5.3119266055045875,5.96304347826087,identity,53Q_depth_Sycamore_large_None_5_1.5_no.2
sycamore,3.0352941176470587,4.6196078431372545,sabre,53Q_depth_Sycamore_small_None_10_1.5_no.9
rochester,8.03225806451613,10.875912408759124,identity,53Q_gate_Rochester_large_1_2_1.5_no.5
rochester,8.079365079365079,9.906574394463668,random,53Q_depth_Rochester_large_None_5_1.5_no.0
sycamore,3.4,4.557522123893805,sa,53Q_gate_Sycamore_large_2_0_1.5_no.4
rochester,3.6910569105691056,8.340909090909092,sa,53Q_depth_Rochester_small_None_5_1.5_no.3
sycamore,4.090909090909091,5.185185185185185,sa,53Q_gate_Sycamore_large_1_2_1.5_no.0
rochester,6.975,11.11111111111111,identity,53Q_gate_Rochester_large_2_2_1.5_no.3
tokyo,2.8363636363636364,3.1346153846153846,random,20Q_gate_Tokyo_large_1_3_1.5_no.1
rochester,8.047619047619047,9.109215017064846,identity,53Q_depth_Rochester_large_None_5_1.5_no.2
rochester,4.122222222222222,5.108333333333333,sabre,53Q_gate_Rochester_small_2_25_1.5_no.6
sycamore,6.479166666666667,5.5,identity,53Q_gate_Sycamore_large_1_5_1.5_no.6
rochester,5.5,9.594594594594595,random,53Q_gate_Rochester_small_2_5_1.5_no.9
rochester,1.9142857142857144,8.512820512820513,sabre,53Q_depth_Rochester_small_None_1_2.55_no.9
sycamore,5.258064516129032,6.037735849056604,sa,53Q_gate_Sycamore_large_1_0_1.5_no.5
sycamore,4.833333333333333,5.872340425531915,sa,53Q_gate_Sycamore_large_2_2_1.5_no.1
sycamore,6.291666666666667,7.383333333333334,random,53Q_gate_Sycamore_small_1_4_1.5_no.8
rochester,4.837837837837838,4.747875354107649,sa,53Q_gate_Rochester_large_1_10_1.5_no.8
tokyo,1.7619047619047619,3.04,random,20Q_depth_Tokyo_large_None_5_2.55_no.2
rochester,3.6923076923076925,6.325,sabre,53Q_gate_Rochester_small_2_4_1.5_no.8
rochester,6.4,7.22258064516129,random,53Q_gate_Rochester_large_2_10_1.5_no.6
rochester,3.3191489361702127,10.2625,random,53Q_depth_Rochester_large_None_2_1.5_no.8
tokyo,2.0555555555555554,1.6,sa,20Q_gate_Tokyo_large_1_2_1.5_no.3
rochester,7.378048780487805,7.142857142857143,identity,53Q_gate_Rochester_small_2_20_1.5_no.6
tokyo,1.6363636363636365,2.2972972972972974,sa,20Q_gate_Tokyo_large_2_2_1.5_no.0
tokyo,1.8846153846153846,2.377049180327869,sabre,20Q_gate_Tokyo_large_1_0_1.5_no.7
tokyo,1.8125,2.0776699029126213,sabre,20Q_gate_Tokyo_large_2_2_1.5_no.3
tokyo,1.8836206896551724,2.8582995951417005,identity,20Q_depth_Tokyo_large_None_5_2.55_no.3
sycamore,5.305555555555555,6.7518796992481205,random,53Q_gate_Sycamore_small_1_2_1.5_no.4
sycamore,4.020833333333333,4.095022624434389,sabre,53Q_gate_Sycamore_large_1_5_1.5_no.9
rochester,2.4285714285714284,6.4,sabre,53Q_gate_Rochester_small_2_2_1.5_no.4
tokyo,2.066666666666667,2.622950819672131,sabre,20Q_gate_Tokyo_large_2_0_1.5_no.6
tokyo,2.0,2.8904109589041096,sabre,20Q_gate_Tokyo_large_1_2_1.5_no.2
rochester,4.875,5.114754098360656,sabre,53Q_gate_Rochester_large_1_4_1.5_no.2
sycamore,5.175,7.02013422818792,random,53Q_gate_Sycamore_large_2_4_1.5_no.2
rochester,3.8333333333333335,6.575384615384616,sa,53Q_depth_Rochester_large_None_5_1.5_no.8
sycamore,4.694444444444445,4.81203007518797,sa,53Q_gate_Sycamore_small_1_2_1.5_no.4
sycamore,3.6,6.526315789473684,sa,53Q_gate_Sycamore_small_2_0_1.5_no.0
sycamore,3.0384615384615383,3.898591549295775,sabre,53Q_gate_Sycamore_small_2_20_1.5_no.4
tokyo,1.9296116504854368,2.825,sabre,20Q_depth_Tokyo_large_None_10_2.55_no.2
sycamore,5.085714285714285,5.3474576271186445,sa,53Q_gate_Sycamore_small_2_2_1.5_no.5
sycamore,3.6666666666666665,5.8,sa,53Q_gate_Sycamore_small_1_0_1.5_no.1
rochester,3.4047619047619047,6.950413223140496,sa,53Q_gate_Rochester_small_2_2_1.5_no.1
rochester,2.522727272727273,8.475409836065573,sa,53Q_gate_Rochester_large_1_0_1.5_no.1
rochester,7.377777777777778,8.523076923076923,random,53Q_gate_Rochester_large_1_3_1.5_no.7
rochester,6.490909090909091,5.381578947368421,sa,53Q_gate_Rochester_large_2_15_1.5_no.9
sycamore,4.840909090909091,5.211538461538462,sa,53Q_gate_Sycamore_large_2_4_1.5_no.3
rochester,3.096774193548387,6.956521739130435,sabre,53Q_gate_Rochester_large_2_0_1.5_no.2
rochester,7.285714285714286,8.251012145748987,random,53Q_gate_Rochester_small_1_15_1.5_no.2
sycamore,2.9166666666666665,4.589285714285714,sabre,53Q_depth_Sycamore_small_None_1_1.5_no.5
sycamore,6.314285714285714,7.494845360824742,random,53Q_gate_Sycamore_large_1_0_1.5_no.2
sycamore,4.115241635687732,6.087649402390438,identity,53Q_depth_Sycamore_small_None_10_1.5_no.0
rochester,4.492063492063492,13.080357142857142,random,53Q_depth_Rochester_large_None_1_2.55_no.9
sycamore,5.4728682170542635,5.566744730679157,random,53Q_depth_Sycamore_small_None_4_2.55_no.7
sycamore,1.4492753623188406,4.604651162790698,sa,53Q_depth_Sycamore_large_None_1_2.55_no.1
sycamore,3.109090909090909,3.6872037914691944,sa,53Q_gate_Sycamore_large_1_4_1.5_no.2
tokyo,1.891566265060241,2.7394957983193278,random,20Q_depth_Tokyo_large_None_4_1.5_no.5
sycamore,4.825396825396825,4.682310469314079,sa,53Q_depth_Sycamore_large_None_3_1.5_no.3
sycamore,4.608333333333333,5.764705882352941,identity,53Q_gate_Sycamore_large_1_10_1.5_no.0
sycamore,2.880299251870324,5.048469387755102,sa,53Q_depth_Sycamore_small_None_10_2.55_no.8
sycamore,6.616666666666666,5.1792763157894735,identity,53Q_gate_Sycamore_large_1_20_1.5_no.2
rochester,7.92436974789916,9.162661737523106,identity,53Q_depth_Rochester_large_None_10_1.5_no.8
rochester,4.864864864864865,7.046875,sa,53Q_gate_Rochester_large_1_4_1.5_no.9
sycamore,4.444444444444445,5.939655172413793,random,53Q_depth_Sycamore_small_None_5_1.5_no.4
tokyo,2.091891891891892,2.535836177474403,sabre,20Q_gate_Tokyo_large_2_20_1.5_no.8
sycamore,4.637254901960785,4.4560570071258905,sa,53Q_gate_Sycamore_small_1_20_1.5_no.3
sycamore,4.077319587628866,5.114139693356048,identity,53Q_gate_Sycamore_small_1_25_1.5_no.6
rochester,6.4523809523809526,9.594594594594595,random,53Q_gate_Rochester_large_2_4_1.5_no.0
sycamore,3.085889570552147,5.888888888888889,identity,53Q_gate_Sycamore_small_1_15_1.5_no.4
sycamore,3.753846153846154,5.508474576271187,sa,53Q_depth_Sycamore_small_None_1_2.55_no.9
sycamore,2.8518518518518516,4.308411214953271,sa,53Q_gate_Sycamore_large_2_5_1.5_no.7
sycamore,5.288888888888889,6.92,identity,53Q_gate_Sycamore_large_2_3_1.5_no.1
sycamore,7.955056179775281,6.30635838150289,identity,53Q_depth_Sycamore_large_None_3_2.55_no.6
tokyo,1.6352941176470588,2.033112582781457,sa,20Q_gate_Tokyo_large_2_10_1.5_no.5
sycamore,4.275229357798165,3.625,sabre,53Q_gate_Sycamore_small_1_20_1.5_no.1
rochester,6.770491803278689,8.378676470588236,random,53Q_gate_Rochester_small_1_10_1.5_no.4
tokyo,1.9857142857142858,3.0714285714285716,random,20Q_gate_Tokyo_large_1_3_1.5_no.6
rochester,3.8823529411764706,5.969465648854962,sa,53Q_depth_Rochester_small_None_5_1.5_no.2
rochester,6.21969696969697,9.719565217391304,identity,53Q_depth_Rochester_small_None_10_1.5_no.3
sycamore,5.5,4.285123966942149,sa,53Q_gate_Sycamore_large_1_5_1.5_no.6
sycamore,3.543859649122807,3.7713004484304933,sabre,53Q_gate_Sycamore_small_2_10_1.5_no.9
tokyo,1.8232758620689655,2.6761133603238867,random,20Q_depth_Tokyo_large_None_5_2.55_no.3
rochester,4.76555023923445,8.608610567514678,identity,53Q_depth_Rochester_large_None_10_2.55_no.7
sycamore,5.486238532110092,5.420081967213115,random,53Q_gate_Sycamore_small_1_20_1.5_no.1
tokyo,1.4579439252336448,2.0423162583518932,sa,20Q_depth_Tokyo_large_None_10_2.55_no.5
rochester,8.088235294117647,12.373913043478261,identity,53Q_depth_Rochester_small_None_1_1.5_no.1
rochester,3.7698412698412698,6.75,sa,53Q_depth_Rochester_small_None_4_2.55_no.6
rochester,4.648148148148148,5.190283400809717,sabre,53Q_gate_Rochester_large_2_10_1.5_no.7
rochester,6.642857142857143,7.586466165413534,sa,53Q_depth_Rochester_large_None_4_2.55_no.3
sycamore,4.515625,6.582089552238806,identity,53Q_depth_Sycamore_large_None_10_1.5_no.9
sycamore,5.197080291970803,5.745721271393643,identity,53Q_depth_Sycamore_small_None_5_2.55_no.5
rochester,3.3555555555555556,4.78,sa,53Q_gate_Rochester_large_2_4_1.5_no.3
rochester,4.456521739130435,12.03448275862069,random,53Q_gate_Rochester_large_2_1_1.5_no.6
rochester,2.272727272727273,7.607361963190184,sabre,53Q_depth_Rochester_large_None_2_2.55_no.6
rochester,7.113924050632911,6.179245283018868,identity,53Q_gate_Rochester_large_1_15_1.5_no.5
sycamore,3.6144578313253013,4.967479674796748,sa,53Q_depth_Sycamore_small_None_10_1.5_no.3
sycamore,3.473684210526316,6.106617647058823,random,53Q_depth_Sycamore_large_None_3_1.5_no.0
rochester,4.962264150943396,4.862204724409449,sabre,53Q_gate_Rochester_large_2_10_1.5_no.9
tokyo,1.6307692307692307,2.1454545454545455,sabre,20Q_gate_Tokyo_large_1_1_1.5_no.3
tokyo,2.4468085106382977,2.457943925233645,sabre,20Q_gate_Tokyo_large_2_3_1.5_no.7
sycamore,4.138297872340425,4.985207100591716,sa,53Q_gate_Sycamore_large_2_15_1.5_no.3
rochester,8.289855072463768,7.603658536585366,random,53Q_gate_Rochester_large_2_15_1.5_no.0
rochester,6.879518072289157,6.153225806451613,sabre,53Q_gate_Rochester_small_1_20_1.5_no.5
rochester,2.763157894736842,7.492857142857143,sabre,53Q_depth_Rochester_small_None_2_1.5_no.9
tokyo,1.7407407407407407,2.447674418604651,sabre,20Q_depth_Tokyo_large_None_3_2.55_no.3
tokyo,2.0294117647058822,1.9078947368421053,sabre,20Q_gate_Tokyo_large_2_1_1.5_no.2
tokyo,1.9,2.642857142857143,sabre,20Q_gate_Tokyo_large_1_3_1.5_no.6
tokyo,2.0,2.794392523364486,random,20Q_depth_Tokyo_large_None_1_2.55_no.1
tokyo,1.7089201877934272,2.106194690265487,sabre,20Q_gate_Tokyo_large_1_15_1.5_no.4
rochester,7.686567164179104,9.861209964412812,identity,53Q_depth_Rochester_large_None_4_1.5_no.0
rochester,5.735294117647059,11.932692307692308,identity,53Q_gate_Rochester_large_1_0_1.5_no.8
tokyo,1.5606060606060606,3.032258064516129,identity,20Q_gate_Tokyo_large_1_1_1.5_no.5
sycamore,3.6666666666666665,7.348214285714286,identity,53Q_gate_Sycamore_small_2_2_1.5_no.2
sycamore,4.769230769230769,6.742857142857143,random,53Q_depth_Sycamore_large_None_1_2.55_no.2
sycamore,4.381818181818182,4.278048780487805,sabre,53Q_gate_Sycamore_small_2_5_1.5_no.2
tokyo,2.9615384615384617,2.9672131147540983,identity,20Q_gate_Tokyo_large_1_0_1.5_no.0
sycamore,3.1666666666666665,5.333333333333333,sa,53Q_gate_Sycamore_small_1_3_1.5_no.0
sycamore,4.448979591836735,4.506024096385542,sabre,53Q_gate_Sycamore_small_2_4_1.5_no.7
sycamore,3.25,5.348837209302325,sa,53Q_gate_Sycamore_small_2_1_1.5_no.4
sycamore,3.7819905213270144,5.0773809523809526,sa,53Q_depth_Sycamore_large_None_5_2.55_no.5
sycamore,3.2018348623853212,3.8369565217391304,sabre,53Q_depth_Sycamore_large_None_5_1.5_no.2
tokyo,1.7675675675675675,1.717741935483871,sa,20Q_gate_Tokyo_large_1_15_1.5_no.9
sycamore,4.929577464788732,5.742647058823529,random,53Q_gate_Sycamore_large_2_10_1.5_no.3
sycamore,3.4523809523809526,4.912162162162162,sa,53Q_gate_Sycamore_small_2_3_1.5_no.1
sycamore,4.171428571428572,5.421052631578948,sa,53Q_gate_Sycamore_small_1_1_1.5_no.5
sycamore,6.4375,6.714285714285714,identity,53Q_gate_Sycamore_small_1_1_1.5_no.8
sycamore,5.774647887323944,4.670940170940171,random,53Q_gate_Sycamore_large_1_25_1.5_no.3
sycamore,4.413793103448276,6.776504297994269,random,53Q_depth_Sycamore_large_None_4_2.55_no.4
tokyo,2.389776357827476,2.6241007194244603,identity,20Q_gate_Tokyo_large_1_25_1.5_no.5
rochester,5.666666666666667,7.719457013574661,sa,53Q_depth_Rochester_large_None_4_2.55_no.0
rochester,4.9605263157894735,7.7215189873417724,sabre,53Q_depth_Rochester_small_None_4_1.5_no.3
rochester,6.808219178082192,5.851955307262569,sa,53Q_gate_Rochester_large_1_15_1.5_no.6
rochester,2.9657142857142857,7.521186440677966,sa,53Q_depth_Rochester_small_None_4_2.55_no.5
sycamore,6.705263157894737,5.258064516129032,sa,53Q_depth_Sycamore_large_None_4_2.55_no.7
sycamore,4.368421052631579,3.714723926380368,sabre,53Q_gate_Sycamore_large_1_10_1.5_no.6
rochester,5.678571428571429,8.768115942028986,random,53Q_gate_Rochester_small_2_15_1.5_no.4
tokyo,2.18796992481203,2.8962264150943398,identity,20Q_depth_Tokyo_large_None_4_1.5_no.8
sycamore,3.466666666666667,4.884892086330935,sabre,53Q_gate_Sycamore_large_2_2_1.5_no.3
tokyo,1.6534090909090908,2.7837837837837838,sabre,20Q_depth_Tokyo_large_None_2_2.55_no.1
tokyo,1.275229357798165,1.9517241379310344,sa,20Q_depth_Tokyo_large_None_4_1.5_no.3
tokyo,1.4246153846153846,2.892116182572614,random,20Q_depth_Tokyo_large_None_5_2.55_no.0
sycamore,4.8,6.046242774566474,identity,53Q_gate_Sycamore_small_1_5_1.5_no.7
sycamore,2.5625,3.8972602739726026,sabre,53Q_gate_Sycamore_large_2_3_1.5_no.6
rochester,3.5492957746478875,4.878289473684211,sabre,53Q_gate_Rochester_small_2_15_1.5_no.5
rochester,4.0,8.0561797752809,sa,53Q_depth_Rochester_small_None_5_1.5_no.1
sycamore,3.257142857142857,4.865384615384615,sabre,53Q_gate_Sycamore_large_2_0_1.5_no.9
tokyo,2.1942148760330578,2.716577540106952,random,20Q_gate_Tokyo_large_2_25_1.5_no.4
rochester,7.379310344827586,13.067415730337078,random,53Q_gate_Rochester_small_2_2_1.5_no.7
rochester,9.272727272727273,11.522058823529411,identity,53Q_depth_Rochester_small_None_2_1.5_no.6
rochester,4.310126582278481,4.140825035561877,sabre,53Q_gate_Rochester_large_1_25_1.5_no.9
tokyo,1.5875706214689265,2.070631970260223,sa,20Q_depth_Tokyo_large_None_5_2.55_no.8
sycamore,6.383333333333334,6.411483253588517,identity,53Q_depth_Sycamore_large_None_2_2.55_no.2
sycamore,4.2,3.9818913480885314,sa,53Q_gate_Sycamore_large_1_15_1.5_no.9
sycamore,6.584905660377358,5.84,identity,53Q_gate_Sycamore_large_1_4_1.5_no.4
rochester,6.936507936507937,7.335593220338983,random,53Q_gate_Rochester_large_1_10_1.5_no.0
rochester,4.553719008264463,3.257553956834532,sabre,53Q_gate_Rochester_large_1_25_1.5_no.7
tokyo,2.263157894736842,2.62,random,20Q_gate_Tokyo_large_1_2_1.5_no.7
rochester,4.860215053763441,5.05720823798627,sa,53Q_gate_Rochester_small_2_25_1.5_no.2
sycamore,4.297029702970297,3.823960880195599,sa,53Q_gate_Sycamore_small_1_15_1.5_no.5
rochester,4.381818181818182,11.308370044052863,random,53Q_depth_Rochester_large_None_4_1.5_no.2
rochester,7.717948717948718,10.85,identity,53Q_gate_Rochester_small_2_4_1.5_no.8
sycamore,4.371134020618556,4.973404255319149,random,53Q_gate_Sycamore_small_2_15_1.5_no.1
tokyo,2.2045454545454546,2.78021978021978,sabre,20Q_depth_Tokyo_large_None_1_1.5_no.5
tokyo,1.927927927927928,3.4216867469879517,random,20Q_depth_Tokyo_large_None_1_2.55_no.2
rochester,5.26595744680851,10.304635761589404,random,53Q_depth_Rochester_small_None_10_2.55_no.1
sycamore,3.9285714285714284,4.100671140939597,sabre,53Q_depth_Sycamore_large_None_1_1.5_no.1
rochester,3.2708333333333335,6.378378378378378,sa,53Q_gate_Rochester_large_2_5_1.5_no.2
rochester,5.961904761904762,5.814814814814815,identity,53Q_gate_Rochester_small_1_25_1.5_no.7
rochester,7.090909090909091,10.785714285714286,random,53Q_depth_Rochester_small_None_2_1.5_no.0
tokyo,2.037037037037037,3.1076923076923078,identity,20Q_depth_Tokyo_large_None_4_1.5_no.6
sycamore,3.108045977011494,6.666214382632293,identity,53Q_depth_Sycamore_small_None_10_2.55_no.9
rochester,3.472972972972973,10.543478260869565,random,53Q_gate_Rochester_small_1_5_1.5_no.0
sycamore,5.427272727272728,6.71875,identity,53Q_depth_Sycamore_small_None_4_2.55_no.1
rochester,6.328767123287672,6.098214285714286,sa,53Q_gate_Rochester_small_1_20_1.5_no.4
rochester,2.3863636363636362,7.098360655737705,sabre,53Q_gate_Rochester_large_1_0_1.5_no.1
sycamore,3.5833333333333335,5.459821428571429,sa,53Q_depth_Sycamore_large_None_2_1.5_no.2
sycamore,3.2666666666666666,8.233333333333333,random,53Q_gate_Sycamore_large_2_0_1.5_no.1
sycamore,1.988235294117647,7.896551724137931,identity,53Q_gate_Sycamore_small_2_0_1.5_no.7
sycamore,6.367924528301887,6.162790697674419,identity,53Q_gate_Sycamore_large_2_20_1.5_no.8
rochester,7.726027397260274,7.385474860335195,random,53Q_gate_Rochester_large_1_15_1.5_no.6
rochester,7.942857142857143,10.857142857142858,identity,53Q_gate_Rochester_small_2_2_1.5_no.8
sycamore,6.796610169491525,6.298013245033113,identity,53Q_depth_Sycamore_large_None_4_2.55_no.8
rochester,5.790697674418604,6.75,sabre,53Q_depth_Rochester_large_None_2_1.5_no.7
tokyo,1.7666666666666666,2.521613832853026,identity,20Q_gate_Tokyo_large_2_25_1.5_no.0
rochester,5.9753086419753085,8.36046511627907,identity,53Q_gate_Rochester_large_2_10_1.5_no.4
sycamore,2.2936802973977697,5.032418952618454,sabre,53Q_depth_Sycamore_large_None_4_2.55_no.5
rochester,5.6875,13.75,random,53Q_gate_Rochester_small_1_0_1.5_no.6
tokyo,2.191256830601093,2.6132075471698113,identity,20Q_gate_Tokyo_large_1_15_1.5_no.8
sycamore,4.197802197802198,4.953488372093023,sabre,53Q_depth_Sycamore_small_None_2_2.55_no.4
sycamore,3.732394366197183,4.055147058823529,sabre,53Q_gate_Sycamore_large_2_10_1.5_no.3
sycamore,2.904109589041096,4.236111111111111,sabre,53Q_depth_Sycamore_small_None_5_1.5_no.8
rochester,4.098360655737705,5.260273972602739,sa,53Q_gate_Rochester_large_1_5_1.5_no.8
sycamore,2.2323232323232323,7.241935483870968,random,53Q_gate_Sycamore_small_2_2_1.5_no.9
sycamore,4.163636363636364,7.044776119402985,identity,53Q_gate_Sycamore_small_2_4_1.5_no.8
rochester,3.1818181818181817,5.15625,sabre,53Q_gate_Rochester_small_1_2_1.5_no.9
sycamore,4.785714285714286,7.811475409836065,random,53Q_depth_Sycamore_small_None_1_2.55_no.1
tokyo,1.88,2.7191011235955056,identity,20Q_gate_Tokyo_large_2_4_1.5_no.5
sycamore,3.081081081081081,4.378947368421053,sabre,53Q_gate_Sycamore_small_1_0_1.5_no.2
rochester,4.972222222222222,6.18796992481203,sabre,53Q_depth_Rochester_small_None_1_1.5_no.5
rochester,4.395833333333333,6.2682926829268295,sa,53Q_gate_Rochester_large_2_10_1.5_no.0
tokyo,2.135135135135135,2.836206896551724,identity,20Q_gate_Tokyo_large_2_5_1.5_no.0
sycamore,3.323529411764706,4.420560747663552,sabre,53Q_gate_Sycamore_small_1_1_1.5_no.7
tokyo,1.3854166666666667,1.8406593406593406,sa,20Q_depth_Tokyo_large_None_3_1.5_no.9
sycamore,5.204545454545454,7.578571428571428,random,53Q_gate_Sycamore_small_2_2_1.5_no.7
sycamore,2.3908045977011496,5.082706766917293,sabre,53Q_gate_Sycamore_small_1_2_1.5_no.8
rochester,6.083333333333333,8.411764705882353,random,53Q_gate_Rochester_small_2_10_1.5_no.2
rochester,3.0833333333333335,5.380952380952381,sabre,53Q_gate_Rochester_small_1_2_1.5_no.7
rochester,3.96875,5.748201438848921,sabre,53Q_gate_Rochester_large_2_4_1.5_no.1
sycamore,2.693121693121693,4.914634146341464,sabre,53Q_depth_Sycamore_small_None_5_1.5_no.6
sycamore,5.72,5.989473684210527,random,53Q_gate_Sycamore_large_1_4_1.5_no.1
rochester,3.085714285714286,5.702702702702703,sa,53Q_gate_Rochester_small_2_3_1.5_no.0
tokyo,2.0296296296296297,2.9384615384615387,random,20Q_depth_Tokyo_large_None_4_1.5_no.6
rochester,3.8688524590163933,7.295454545454546,sabre,53Q_depth_Rochester_small_None_2_2.55_no.5
tokyo,1.9382716049382716,2.7142857142857144,random,20Q_gate_Tokyo_large_1_20_1.5_no.2
rochester,4.235294117647059,8.241379310344827,sa,53Q_gate_Rochester_large_1_1_1.5_no.0
sycamore,3.883495145631068,5.153846153846154,sa,53Q_gate_Sycamore_small_2_20_1.5_no.9
tokyo,1.8065843621399178,2.422857142857143,sabre,20Q_gate_Tokyo_large_1_20_1.5_no.2
tokyo,1.9937888198757765,2.25938566552901,sa,20Q_gate_Tokyo_large_2_20_1.5_no.2
sycamore,5.722222222222222,6.266187050359712,identity,53Q_gate_Sycamore_large_2_1_1.5_no.4
sycamore,4.030927835051546,4.663072776280323,sa,53Q_gate_Sycamore_large_2_20_1.5_no.5
sycamore,6.181818181818182,7.9,random,53Q_gate_Sycamore_small_1_0_1.5_no.5
tokyo,1.7755102040816326,2.096774193548387,sabre,20Q_depth_Tokyo_large_None_1_1.5_no.2
rochester,4.185185185185185,7.328767123287672,sabre,53Q_gate_Rochester_small_2_0_1.5_no.5
sycamore,3.5086206896551726,4.448275862068965,sabre,53Q_depth_Sycamore_small_None_3_2.55_no.5
rochester,3.5641025641025643,7.2926829268292686,sabre,53Q_depth_Rochester_small_None_5_1.5_no.7
rochester,7.925925925925926,12.232558139534884,identity,53Q_gate_Rochester_large_1_0_1.5_no.0
tokyo,1.5833333333333333,1.8516129032258064,sa,20Q_gate_Tokyo_large_2_4_1.5_no.8
tokyo,2.0952380952380953,2.953488372093023,random,20Q_depth_Tokyo_large_None_1_2.55_no.3
rochester,5.4,6.497005988023952,sa,53Q_gate_Rochester_large_2_5_1.5_no.5
rochester,3.1323529411764706,4.905172413793103,sabre,53Q_gate_Rochester_small_1_10_1.5_no.6
sycamore,4.411764705882353,4.115606936416185,sabre,53Q_gate_Sycamore_small_1_25_1.5_no.4
sycamore,3.2748091603053435,4.864406779661017,sabre,53Q_depth_Sycamore_large_None_5_2.55_no.4
rochester,5.698924731182796,6.085836909871245,identity,53Q_gate_Rochester_large_2_25_1.5_no.5
sycamore,5.327102803738318,5.340136054421769,random,53Q_gate_Sycamore_large_2_20_1.5_no.0
rochester,2.870748299319728,6.2105263157894735,sabre,53Q_depth_Rochester_small_None_5_2.55_no.6
rochester,6.05,13.137931034482758,random,53Q_gate_Rochester_small_2_3_1.5_no.3
rochester,5.133333333333334,14.32857142857143,identity,53Q_gate_Rochester_large_2_0_1.5_no.6
sycamore,2.7507246376811594,5.5268542199488495,random,53Q_depth_Sycamore_small_None_10_1.5_no.4
rochester,7.423076923076923,10.189655172413794,identity,53Q_depth_Rochester_small_None_3_1.5_no.4
rochester,5.22,10.66,identity,53Q_depth_Rochester_large_None_4_2.55_no.2
rochester,6.3125,8.626623376623376,identity,53Q_depth_Rochester_large_None_5_2.55_no.5
sycamore,3.013333333333333,3.905263157894737,sa,53Q_gate_Sycamore_small_1_10_1.5_no.6
rochester,5.097222222222222,5.3526011560693645,sa,53Q_gate_Rochester_small_2_25_1.5_no.5
sycamore,4.533333333333333,6.956834532374101,identity,53Q_gate_Sycamore_large_2_2_1.5_no.3
tokyo,2.608695652173913,2.903225806451613,random,20Q_gate_Tokyo_large_1_2_1.5_no.0
sycamore,4.206521739130435,6.139130434782609,random,53Q_gate_Sycamore_small_1_10_1.5_no.2
tokyo,1.747787610619469,2.9444444444444446,random,20Q_depth_Tokyo_large_None_5_2.55_no.1
tokyo,1.44,2.6551724137931036,sabre,20Q_depth_Tokyo_large_None_2_2.55_no.6
tokyo,1.9401197604790419,2.5614754098360657,sa,20Q_depth_Tokyo_large_None_5_1.5_no.2
tokyo,1.3829787234042554,2.066666666666667,sa,20Q_gate_Tokyo_large_2_0_1.5_no.9
sycamore,6.209302325581396,7.113924050632911,random,53Q_gate_Sycamore_small_2_4_1.5_no.5
tokyo,2.3444976076555024,2.8985074626865672,random,20Q_gate_Tokyo_large_2_25_1.5_no.3
rochester,4.254901960784314,4.75,sabre,53Q_gate_Rochester_small_1_4_1.5_no.5
rochester,4.825,5.833333333333333,sabre,53Q_gate_Rochester_large_2_2_1.5_no.3
sycamore,6.1395348837209305,6.51123595505618,identity,53Q_gate_Sycamore_small_2_3_1.5_no.0
sycamore,4.868995633187773,5.550758459743291,identity,53Q_depth_Sycamore_large_None_10_1.5_no.1
rochester,5.802469135802469,7.38013698630137,sa,53Q_depth_Rochester_small_None_5_1.5_no.0
sycamore,5.790697674418604,6.627027027027027,random,53Q_gate_Sycamore_large_1_2_1.5_no.3
sycamore,2.230769230769231,4.517571884984026,sabre,53Q_depth_Sycamore_small_None_3_1.5_no.4
sycamore,5.536231884057971,6.862595419847328,identity,53Q_depth_Sycamore_small_None_2_1.5_no.2
sycamore,3.38255033557047,5.4222222222222225,sa,53Q_depth_Sycamore_small_None_4_2.55_no.8
rochester,5.363636363636363,7.04147465437788,sa,53Q_depth_Rochester_large_None_4_2.55_no.1
rochester,4.698412698412699,11.633928571428571,identity,53Q_depth_Rochester_large_None_1_2.55_no.9
sycamore,1.5416666666666667,4.532258064516129,sabre,53Q_gate_Sycamore_small_2_3_1.5_no.8
tokyo,2.108433734939759,2.8053097345132745,identity,20Q_gate_Tokyo_large_1_4_1.5_no.0
rochester,3.4347826086956523,6.822834645669292,sa,53Q_depth_Rochester_small_None_4_2.55_no.4
rochester,3.4646464646464645,4.857142857142857,sabre,53Q_gate_Rochester_large_2_20_1.5_no.4
sycamore,1.776470588235294,5.482758620689655,sabre,53Q_gate_Sycamore_small_2_0_1.5_no.7
tokyo,2.0136986301369864,3.3142857142857145,identity,20Q_gate_Tokyo_large_1_5_1.5_no.5
rochester,3.6774193548387095,5.52851711026616,sabre,53Q_gate_Rochester_small_1_10_1.5_no.8
sycamore,3.506666666666667,5.305647840531561,sa,53Q_depth_Sycamore_large_None_4_2.55_no.0
rochester,3.9746835443037973,12.127272727272727,random,53Q_gate_Rochester_small_1_4_1.5_no.4
rochester,5.777777777777778,4.9275929549902155,sa,53Q_gate_Rochester_large_1_15_1.5_no.1
sycamore,4.166666666666667,4.591549295774648,sabre,53Q_gate_Sycamore_small_2_1_1.5_no.2
rochester,2.4242424242424243,5.693069306930693,sa,53Q_gate_Rochester_small_2_3_1.5_no.7
rochester,4.387096774193548,8.090909090909092,sa,53Q_gate_Rochester_large_1_1_1.5_no.7
sycamore,3.625,4.047244094488189,sabre,53Q_gate_Sycamore_large_1_1_1.5_no.9
tokyo,1.3693693693693694,2.1204819277108435,sa,20Q_depth_Tokyo_large_None_1_2.55_no.2
tokyo,1.6993006993006994,2.9545454545454546,random,20Q_depth_Tokyo_large_None_4_1.5_no.7
tokyo,1.6166134185303513,1.6551020408163266,sabre,20Q_gate_Tokyo_large_1_25_1.5_no.1
sycamore,2.0502958579881656,6.989761092150171,identity,53Q_depth_Sycamore_small_None_3_2.55_no.7
tokyo,2.488888888888889,2.513157894736842,random,20Q_gate_Tokyo_large_1_20_1.5_no.5
rochester,5.129032258064516,12.486486486486486,identity,53Q_depth_Rochester_small_None_1_2.55_no.2
sycamore,1.9411764705882353,5.077464788732394,sabre,53Q_gate_Sycamore_large_1_2_1.5_no.6
rochester,5.632478632478633,8.414285714285715,random,53Q_gate_Rochester_small_1_20_1.5_no.8
sycamore,4.815789473684211,5.576271186440678,sa,53Q_depth_Sycamore_small_None_3_1.5_no.8
rochester,6.973333333333334,9.19434628975265,random,53Q_depth_Rochester_small_None_5_1.5_no.8
sycamore,2.9545454545454546,3.9423076923076925,sabre,53Q_gate_Sycamore_large_1_3_1.5_no.3
rochester,3.210526315789474,14.9,identity,53Q_gate_Rochester_small_1_0_1.5_no.3
sycamore,3.7111111111111112,4.165680473372781,sa,53Q_gate_Sycamore_large_2_25_1.5_no.6
sycamore,4.368852459016393,6.723463687150838,identity,53Q_depth_Sycamore_small_None_4_1.5_no.2
rochester,4.296296296296297,5.554655870445344,sa,53Q_gate_Rochester_large_2_10_1.5_no.7
rochester,6.666666666666667,13.863013698630137,identity,53Q_gate_Rochester_small_2_0_1.5_no.5
rochester,4.876923076923077,8.552238805970148,sabre,53Q_depth_Rochester_large_None_3_1.5_no.3
sycamore,3.802197802197802,3.5888324873096447,sabre,53Q_gate_Sycamore_small_1_15_1.5_no.9
tokyo,1.7912087912087913,2.2857142857142856,sa,20Q_depth_Tokyo_large_None_2_1.5_no.8
sycamore,6.061068702290076,6.905569007263923,identity,53Q_depth_Sycamore_large_None_5_2.55_no.4
rochester,6.518518518518518,13.592592592592593,random,53Q_gate_Rochester_small_1_1_1.5_no.2
sycamore,2.513368983957219,3.7337662337662336,sabre,53Q_gate_Sycamore_small_2_25_1.5_no.1
sycamore,2.509186351706037,5.479892761394102,identity,53Q_depth_Sycamore_small_None_10_1.5_no.8
rochester,7.972972972972973,11.535433070866143,random,53Q_depth_Rochester_small_None_1_1.5_no.7
sycamore,4.95,6.247648902821316,random,53Q_depth_Sycamore_large_None_3_2.55_no.7
rochester,4.693069306930693,9.945205479452055,identity,53Q_depth_Rochester_small_None_10_2.55_no.0
sycamore,5.204081632653061,6.3,random,53Q_depth_Sycamore_large_None_1_1.5_no.8
sycamore,3.7611940298507465,6.618497109826589,identity,53Q_depth_Sycamore_large_None_1_1.5_no.7
tokyo,1.4764150943396226,1.601542416452442,sa,20Q_gate_Tokyo_large_2_25_1.5_no.7
rochester,5.470588235294118,8.370689655172415,identity,53Q_gate_Rochester_small_1_10_1.5_no.6
rochester,3.9215686274509802,10.722222222222221,identity,53Q_depth_Rochester_small_None_4_2.55_no.9
sycamore,6.061538461538461,5.538961038961039,identity,53Q_gate_Sycamore_small_1_10_1.5_no.9
rochester,6.455882352941177,5.571052631578947,sa,53Q_gate_Rochester_small_1_20_1.5_no.3
rochester,9.327868852459016,11.74757281553398,identity,53Q_depth_Rochester_large_None_3_2.55_no.6
rochester,7.1063829787234045,10.553072625698324,identity,53Q_depth_Rochester_large_None_2_2.55_no.1
sycamore,2.963302752293578,5.911032028469751,sa,53Q_depth_Sycamore_large_None_2_1.5_no.5
tokyo,2.318840579710145,3.0142857142857142,identity,20Q_depth_Tokyo_large_None_2_1.5_no.4
rochester,7.918918918918919,10.7734375,random,53Q_gate_Rochester_large_1_4_1.5_no.9
rochester,7.329113924050633,7.6797583081570995,identity,53Q_gate_Rochester_large_2_20_1.5_no.0
rochester,4.387096774193548,7.494845360824742,sa,53Q_gate_Rochester_small_2_4_1.5_no.5
sycamore,4.0,6.325581395348837,identity,53Q_gate_Sycamore_small_1_1_1.5_no.9
rochester,4.019047619047619,8.172268907563025,sa,53Q_depth_Rochester_small_None_4_2.55_no.2
tokyo,1.440251572327044,2.4805194805194803,sa,20Q_depth_Tokyo_large_None_3_1.5_no.4
rochester,3.16260162601626,7.988636363636363,sabre,53Q_depth_Rochester_small_None_5_1.5_no.3
rochester,5.959183673469388,8.273170731707317,identity,53Q_gate_Rochester_large_1_5_1.5_no.5
rochester,5.596774193548387,6.555133079847908,sa,53Q_depth_Rochester_large_None_10_2.55_no.8
sycamore,4.369047619047619,7.522321428571429,identity,53Q_depth_Sycamore_large_None_2_1.5_no.2
rochester,5.745454545454545,8.014925373134329,identity,53Q_depth_Rochester_large_None_3_2.55_no.3
rochester,6.869565217391305,10.305732484076433,identity,53Q_depth_Rochester_large_None_2_2.55_no.4
rochester,5.274193548387097,6.44488188976378,sa,53Q_depth_Rochester_large_None_4_2.55_no.7
rochester,3.8152173913043477,8.05439330543933,sa,53Q_depth_Rochester_small_None_5_1.5_no.6
sycamore,4.651515151515151,5.054347826086956,sabre,53Q_gate_Sycamore_large_2_10_1.5_no.0
sycamore,3.5283018867924527,6.081632653061225,identity,53Q_gate_Sycamore_small_1_5_1.5_no.6
rochester,6.9375,8.507537688442211,identity,53Q_gate_Rochester_large_2_5_1.5_no.3
rochester,5.914285714285715,7.51063829787234,sabre,53Q_depth_Rochester_small_None_5_2.55_no.2
tokyo,2.1913875598086126,2.8,identity,20Q_gate_Tokyo_large_2_25_1.5_no.3
sycamore,3.9745762711864407,3.5555555555555554,sabre,53Q_gate_Sycamore_large_1_20_1.5_no.8
rochester,7.527027027027027,7.43342776203966,identity,53Q_gate_Rochester_large_1_10_1.5_no.8
sycamore,3.353159851301115,5.549800796812749,random,53Q_depth_Sycamore_small_None_10_1.5_no.0
rochester,6.288343558282208,8.174442190669371,identity,53Q_depth_Rochester_small_None_10_2.55_no.5
rochester,7.484848484848484,13.534653465346535,random,53Q_gate_Rochester_small_2_3_1.5_no.7
rochester,5.0394736842105265,4.5786802030456855,sa,53Q_gate_Rochester_large_2_20_1.5_no.8
tokyo,1.9323843416370108,3.16,random,20Q_depth_Tokyo_large_None_5_2.55_no.7
tokyo,2.8620689655172415,2.4634146341463414,random,20Q_gate_Tokyo_large_2_1_1.5_no.0
tokyo,1.3181818181818181,2.277027027027027,sa,20Q_depth_Tokyo_large_None_2_2.55_no.1
sycamore,3.881188118811881,4.932307692307693,sa,53Q_gate_Sycamore_small_2_20_1.5_no.6
tokyo,2.0112359550561796,2.925373134328358,identity,20Q_depth_Tokyo_large_None_2_1.5_no.5
rochester,6.636363636363637,10.120967741935484,identity,53Q_gate_Rochester_small_1_3_1.5_no.6
sycamore,6.04,6.581081081081081,identity,53Q_gate_Sycamore_large_1_4_1.5_no.5
tokyo,1.6551724137931034,2.7010309278350517,identity,20Q_gate_Tokyo_large_2_4_1.5_no.6
sycamore,4.416666666666667,6.142857142857143,sabre,53Q_gate_Sycamore_small_1_0_1.5_no.1
rochester,9.122448979591837,8.590909090909092,random,53Q_depth_Rochester_large_None_4_1.5_no.3
tokyo,2.5254237288135593,2.781954887218045,identity,20Q_gate_Tokyo_large_2_5_1.5_no.3
sycamore,3.59375,5.216216216216216,sabre,53Q_gate_Sycamore_small_1_1_1.5_no.4
sycamore,2.8268156424581004,5.595959595959596,sa,53Q_depth_Sycamore_small_None_3_2.55_no.3
rochester,4.2227722772277225,10.157534246575343,random,53Q_depth_Rochester_small_None_10_2.55_no.0
sycamore,3.8493150684931505,4.940476190476191,sa,53Q_depth_Sycamore_large_None_5_1.5_no.7
tokyo,1.7395833333333333,2.9473684210526314,random,20Q_gate_Tokyo_large_2_5_1.5_no.8
tokyo,2.036231884057971,2.5953389830508473,sabre,20Q_depth_Tokyo_large_None_10_1.5_no.3
tokyo,1.6574074074074074,2.566666666666667,random,20Q_depth_Tokyo_large_None_1_2.55_no.5
tokyo,1.6455696202531647,2.0441176470588234,sa,20Q_depth_Tokyo_large_None_4_2.55_no.2
rochester,6.5,10.096774193548388,random,53Q_gate_Rochester_small_1_4_1.5_no.0
rochester,6.457142857142857,9.324324324324325,identity,53Q_gate_Rochester_small_2_3_1.5_no.0
rochester,7.177777777777778,11.127388535031848,random,53Q_depth_Rochester_small_None_2_1.5_no.1
rochester,5.54,12.103092783505154,identity,53Q_depth_Rochester_small_None_1_2.55_no.7
rochester,4.909090909090909,9.797297297297296,identity,53Q_gate_Rochester_small_1_5_1.5_no.6
rochester,2.3793103448275863,7.55,sa,53Q_gate_Rochester_small_1_0_1.5_no.7
sycamore,6.181818181818182,6.180327868852459,identity,53Q_depth_Sycamore_small_None_1_1.5_no.7
tokyo,1.3080357142857142,1.6385542168674698,sa,20Q_depth_Tokyo_large_None_5_2.55_no.5
tokyo,1.845679012345679,2.4805194805194803,sabre,20Q_gate_Tokyo_large_2_15_1.5_no.1
rochester,4.84375,6.410714285714286,sa,53Q_gate_Rochester_large_2_2_1.5_no.7
sycamore,4.857142857142857,3.9571428571428573,sabre,53Q_gate_Sycamore_large_1_10_1.5_no.5
sycamore,5.961538461538462,5.859857482185273,random,53Q_gate_Sycamore_large_2_20_1.5_no.1
sycamore,4.59349593495935,5.089715536105033,identity,53Q_gate_Sycamore_large_2_20_1.5_no.9
sycamore,5.1875,8.145454545454545,identity,53Q_gate_Sycamore_small_2_0_1.5_no.6
sycamore,2.360248447204969,3.74364896073903,sa,53Q_gate_Sycamore_large_1_15_1.5_no.6
tokyo,2.134426229508197,2.6463414634146343,identity,20Q_gate_Tokyo_large_1_25_1.5_no.6
rochester,2.96,5.932203389830509,sabre,53Q_depth_Rochester_large_None_3_1.5_no.7
rochester,3.7241379310344827,4.970588235294118,sabre,53Q_gate_Rochester_small_1_10_1.5_no.7
sycamore,3.5497630331753554,5.029761904761905,sabre,53Q_depth_Sycamore_large_None_5_2.55_no.5
rochester,5.529411764705882,10.457142857142857,random,53Q_gate_Rochester_small_1_1_1.5_no.6
rochester,4.115384615384615,6.776595744680851,sabre,53Q_gate_Rochester_small_2_0_1.5_no.4
sycamore,3.6923076923076925,4.549295774647887,sabre,53Q_gate_Sycamore_large_2_2_1.5_no.0
sycamore,3.0849056603773586,7.053254437869822,identity,53Q_gate_Sycamore_small_2_4_1.5_no.9
sycamore,4.138613861386139,4.2979452054794525,sabre,53Q_depth_Sycamore_small_None_3_2.55_no.4
sycamore,4.162162162162162,7.5049504950495045,random,53Q_gate_Sycamore_small_1_0_1.5_no.4
rochester,6.2105263157894735,8.885714285714286,identity,53Q_gate_Rochester_small_2_5_1.5_no.0
sycamore,4.216216216216216,5.119718309859155,sabre,53Q_gate_Sycamore_large_2_3_1.5_no.5
tokyo,1.3301435406698565,1.4477611940298507,sa,20Q_gate_Tokyo_large_2_25_1.5_no.3
tokyo,2.1547619047619047,2.937007874015748,random,20Q_gate_Tokyo_large_1_5_1.5_no.2
rochester,4.254716981132075,3.9619289340101522,sabre,53Q_gate_Rochester_large_2_20_1.5_no.5
tokyo,1.5204678362573099,2.3541666666666665,sa,20Q_depth_Tokyo_large_None_3_2.55_no.6
rochester,5.970588235294118,10.564516129032258,identity,53Q_depth_Rochester_small_None_3_1.5_no.1
rochester,6.741935483870968,9.137795275590552,identity,53Q_depth_Rochester_large_None_4_2.55_no.7
sycamore,3.3444444444444446,6.505988023952096,random,53Q_depth_Sycamore_large_None_3_2.55_no.3
rochester,7.41,10.874635568513119,identity,53Q_depth_Rochester_large_None_5_2.55_no.0
rochester,4.75531914893617,7.332214765100671,identity,53Q_gate_Rochester_small_1_15_1.5_no.3
rochester,4.065789473684211,6.075892857142857,sabre,53Q_gate_Rochester_small_1_10_1.5_no.9
rochester,7.0256410256410255,9.574074074074074,identity,53Q_gate_Rochester_large_1_3_1.5_no.5
tokyo,1.9230769230769231,2.601503759398496,sabre,20Q_depth_Tokyo_large_None_2_1.5_no.8
tokyo,1.382608695652174,2.3734939759036147,sabre,20Q_depth_Tokyo_large_None_1_2.55_no.9
sycamore,4.905263157894737,6.392961876832844,identity,53Q_depth_Sycamore_large_None_4_1.5_no.2
sycamore,4.0504731861198735,5.2518796992481205,identity,53Q_depth_Sycamore_large_None_10_2.55_no.4
rochester,9.693877551020408,7.338983050847458,random,53Q_gate_Rochester_large_2_25_1.5_no.8
sycamore,6.654545454545454,7.045454545454546,identity,53Q_depth_Sycamore_large_None_1_2.55_no.6
rochester,2.2025316455696204,5.418181818181818,sabre,53Q_gate_Rochester_small_1_4_1.5_no.4
sycamore,4.537037037037037,6.426229508196721,random,53Q_gate_Sycamore_small_2_4_1.5_no.4
rochester,6.774193548387097,10.578947368421053,identity,53Q_gate_Rochester_large_2_3_1.5_no.3
sycamore,2.2588235294117647,5.01010101010101,sabre,53Q_depth_Sycamore_small_None_3_1.5_no.5
sycamore,6.097560975609756,7.3311688311688314,random,53Q_gate_Sycamore_large_1_2_1.5_no.2
rochester,2.436619718309859,7.633333333333334,sabre,53Q_gate_Rochester_large_2_2_1.5_no.2
rochester,4.5327102803738315,11.73076923076923,identity,53Q_depth_Rochester_small_None_3_2.55_no.8
tokyo,1.9294871794871795,2.8868778280542986,random,20Q_depth_Tokyo_large_None_4_1.5_no.1
sycamore,6.763888888888889,5.724025974025974,random,53Q_gate_Sycamore_small_1_10_1.5_no.3
sycamore,6.352941176470588,7.266666666666667,identity,53Q_gate_Sycamore_large_2_1_1.5_no.5
sycamore,1.7755102040816326,5.578947368421052,sabre,53Q_gate_Sycamore_large_1_2_1.5_no.5
sycamore,3.2317880794701987,4.265116279069767,sabre,53Q_depth_Sycamore_small_None_5_1.5_no.9
sycamore,4.02970297029703,4.976027397260274,sa,53Q_depth_Sycamore_small_None_3_2.55_no.4
tokyo,1.09375,1.6578947368421053,sa,20Q_gate_Tokyo_large_2_5_1.5_no.8
sycamore,2.591666666666667,5.493150684931507,sabre,53Q_depth_Sycamore_small_None_2_2.55_no.5
rochester,4.381578947368421,6.388,sabre,53Q_depth_Rochester_small_None_4_1.5_no.7
rochester,4.243243243243243,6.79,sabre,53Q_gate_Rochester_small_1_2_1.5_no.8
sycamore,3.2950819672131146,4.531914893617022,sabre,53Q_gate_Sycamore_large_1_3_1.5_no.0
tokyo,1.5608108108108107,2.108695652173913,sabre,20Q_depth_Tokyo_large_None_10_1.5_no.4
sycamore,4.26984126984127,5.331923890063425,sa,53Q_depth_Sycamore_large_None_5_1.5_no.0
sycamore,4.013333333333334,7.249169435215947,random,53Q_depth_Sycamore_large_None_4_2.55_no.0
sycamore,2.9382716049382718,8.324324324324325,random,53Q_gate_Sycamore_small_2_2_1.5_no.8
rochester,7.6440677966101696,7.980769230769231,random,53Q_gate_Rochester_small_2_15_1.5_no.0
sycamore,2.7011494252873565,4.868194842406877,sabre,53Q_depth_Sycamore_large_None_4_2.55_no.4
tokyo,2.6470588235294117,2.4854368932038833,random,20Q_depth_Tokyo_large_None_1_2.55_no.4
sycamore,3.081081081081081,3.7052401746724892,sabre,53Q_gate_Sycamore_small_2_25_1.5_no.2
rochester,3.689655172413793,12.011363636363637,random,53Q_gate_Rochester_small_2_2_1.5_no.3
sycamore,2.90625,7.8538461538461535,identity,53Q_gate_Sycamore_large_2_2_1.5_no.2
sycamore,4.935483870967742,7.314285714285714,random,53Q_gate_Sycamore_large_2_0_1.5_no.0
sycamore,3.1880341880341883,5.768421052631579,random,53Q_depth_Sycamore_large_None_5_2.55_no.9
rochester,3.4444444444444446,5.813953488372093,sabre,53Q_gate_Rochester_large_1_0_1.5_no.0
tokyo,1.6888888888888889,1.8450704225352113,sa,20Q_gate_Tokyo_large_2_1_1.5_no.9
rochester,3.230769230769231,8.207317073170731,sa,53Q_depth_Rochester_small_None_5_1.5_no.7
sycamore,4.349593495934959,3.792307692307692,sa,53Q_gate_Sycamore_large_2_25_1.5_no.9
sycamore,6.166666666666667,7.405405405405405,identity,53Q_gate_Sycamore_small_2_3_1.5_no.1
tokyo,1.9038461538461537,3.135593220338983,random,20Q_depth_Tokyo_large_None_5_2.55_no.6
rochester,6.216494845360825,7.705357142857143,random,53Q_gate_Rochester_large_1_10_1.5_no.4
sycamore,4.5,4.602649006622516,sa,53Q_gate_Sycamore_small_2_25_1.5_no.5
sycamore,3.122448979591837,4.633333333333334,sa,53Q_depth_Sycamore_large_None_1_1.5_no.8
tokyo,1.6666666666666667,3.2363636363636363,random,20Q_gate_Tokyo_large_2_1_1.5_no.7
rochester,3.1333333333333333,5.431192660550459,sa,53Q_gate_Rochester_small_2_4_1.5_no.2
rochester,3.7448979591836733,8.455882352941176,sa,53Q_depth_Rochester_small_None_4_2.55_no.3
rochester,2.65625,5.673684210526316,sabre,53Q_gate_Rochester_small_1_2_1.5_no.6
sycamore,2.5789473684210527,7.699029126213592,random,53Q_gate_Sycamore_small_2_2_1.5_no.6
sycamore,2.761467889908257,6.057591623036649,random,53Q_gate_Sycamore_large_1_4_1.5_no.0
sycamore,3.2028985507246377,4.108108108108108,sabre,53Q_depth_Sycamore_small_None_5_1.5_no.7
tokyo,1.9213483146067416,2.2761194029850746,sa,20Q_depth_Tokyo_large_None_2_1.5_no.5
rochester,5.214285714285714,6.472972972972973,sabre,53Q_gate_Rochester_large_2_4_1.5_no.0
rochester,5.617647058823529,6.151670951156812,identity,53Q_gate_Rochester_small_1_20_1.5_no.2
rochester,5.234375,5.585365853658536,sa,53Q_depth_Rochester_large_None_4_2.55_no.6
rochester,4.95945945945946,6.854932301740813,sa,53Q_depth_Rochester_large_None_10_2.55_no.9
rochester,8.404761904761905,8.005,random,53Q_gate_Rochester_small_1_5_1.5_no.4
rochester,4.805555555555555,10.333333333333334,identity,53Q_depth_Rochester_small_None_4_1.5_no.9
rochester,5.125,6.028985507246377,sabre,53Q_gate_Rochester_small_2_15_1.5_no.4
sycamore,3.7943262411347516,3.425431711145997,sabre,53Q_gate_Sycamore_small_1_25_1.5_no.7
rochester,5.993670886075949,5.920341394025605,identity,53Q_gate_Rochester_large_1_25_1.5_no.9
rochester,5.588235294117647,4.536741214057508,sabre,53Q_gate_Rochester_large_1_25_1.5_no.8
rochester,4.962025316455696,4.516358463726885,sa,53Q_gate_Rochester_large_1_25_1.5_no.9
tokyo,2.1043478260869564,2.9808612440191387,random,20Q_depth_Tokyo_large_None_4_1.5_no.0
rochester,9.6,7.864406779661017,random,53Q_gate_Rochester_large_1_15_1.5_no.2
tokyo,1.1494845360824741,1.6107142857142858,sa,20Q_gate_Tokyo_large_2_20_1.5_no.6
rochester,3.4044117647058822,11.23076923076923,random,53Q_depth_Rochester_small_None_5_1.5_no.9
rochester,4.72,6.299401197604791,sabre,53Q_depth_Rochester_large_None_2_1.5_no.3
tokyo,2.165562913907285,3.2019704433497536,identity,20Q_depth_Tokyo_large_None_4_1.5_no.9
sycamore,2.9183673469387754,4.711724137931035,sa,53Q_depth_Sycamore_large_None_10_2.55_no.8
sycamore,6.087248322147651,4.943213296398892,random,53Q_gate_Sycamore_large_1_25_1.5_no.2
rochester,1.9135802469135803,5.6824324324324325,sa,53Q_gate_Rochester_small_1_4_1.5_no.8
rochester,6.102564102564102,11.24390243902439,random,53Q_depth_Rochester_small_None_1_1.5_no.6
rochester,8.16,13.0,random,53Q_gate_Rochester_small_1_0_1.5_no.2
sycamore,2.291891891891892,7.7105263157894735,random,53Q_depth_Sycamore_small_None_1_2.55_no.5
rochester,6.453125,7.9918367346938775,identity,53Q_gate_Rochester_large_2_15_1.5_no.1
tokyo,1.8181818181818181,2.8636363636363638,identity,20Q_depth_Tokyo_large_None_4_1.5_no.7
rochester,6.142857142857143,10.11111111111111,identity,53Q_depth_Rochester_large_None_1_1.5_no.8
rochester,3.9705882352941178,7.182608695652174,sabre,53Q_depth_Rochester_small_None_1_1.5_no.1
rochester,8.142857142857142,10.591549295774648,identity,53Q_depth_Rochester_small_None_2_1.5_no.3
rochester,3.149532710280374,8.961538461538462,sabre,53Q_depth_Rochester_small_None_3_2.55_no.8
rochester,6.345454545454546,8.185185185185185,random,53Q_gate_Rochester_small_2_10_1.5_no.6
sycamore,3.7547169811320753,4.754010695187166,sabre,53Q_depth_Sycamore_large_None_1_1.5_no.0
sycamore,4.851485148514851,5.895184135977337,random,53Q_gate_Sycamore_small_2_15_1.5_no.0
tokyo,2.2739726027397262,2.857142857142857,random,20Q_gate_Tokyo_large_1_5_1.5_no.5
rochester,4.7368421052631575,3.9905362776025237,sabre,53Q_gate_Rochester_large_1_25_1.5_no.6
tokyo,2.402439024390244,2.92,identity,20Q_gate_Tokyo_large_1_4_1.5_no.3
rochester,2.827956989247312,6.631901840490798,sabre,53Q_depth_Rochester_small_None_2_2.55_no.1
rochester,3.5416666666666665,6.848101265822785,sa,53Q_gate_Rochester_small_1_0_1.5_no.0
sycamore,2.888888888888889,4.063157894736842,sabre,53Q_gate_Sycamore_small_2_0_1.5_no.4
rochester,3.9705882352941178,6.291338582677166,sa,53Q_gate_Rochester_large_2_2_1.5_no.0
sycamore,5.82051282051282,5.574344023323615,identity,53Q_gate_Sycamore_small_1_10_1.5_no.8
tokyo,2.4430379746835444,2.875,identity,20Q_gate_Tokyo_large_1_5_1.5_no.6
sycamore,4.707692307692308,4.5941558441558445,sa,53Q_gate_Sycamore_small_1_10_1.5_no.9
tokyo,1.7142857142857142,2.4347826086956523,sabre,20Q_gate_Tokyo_large_2_10_1.5_no.2
rochester,6.333333333333333,11.38655462184874,identity,53Q_gate_Rochester_large_1_1_1.5_no.8
sycamore,2.392857142857143,5.327868852459017,sabre,53Q_gate_Sycamore_small_2_1_1.5_no.1
rochester,8.652173913043478,9.1,random,53Q_gate_Rochester_large_1_5_1.5_no.9
sycamore,5.246753246753247,4.617142857142857,sa,53Q_gate_Sycamore_large_1_10_1.5_no.5
sycamore,6.9879518072289155,5.958549222797927,identity,53Q_gate_Sycamore_large_2_15_1.5_no.6
sycamore,4.550724637681159,5.27810650887574,identity,53Q_gate_Sycamore_large_2_25_1.5_no.4
rochester,7.320754716981132,8.386454183266933,random,53Q_gate_Rochester_large_2_10_1.5_no.2
tokyo,2.2554112554112553,2.736842105263158,identity,20Q_gate_Tokyo_large_1_20_1.5_no.3
tokyo,2.101123595505618,2.5734265734265733,random,20Q_gate_Tokyo_large_1_4_1.5_no.4
sycamore,3.9069767441860463,3.8544776119402986,sabre,53Q_gate_Sycamore_large_2_25_1.5_no.8
rochester,3.3257575757575757,4.4642166344294,sa,53Q_gate_Rochester_large_1_20_1.5_no.0
rochester,6.578125,9.853658536585366,identity,53Q_depth_Rochester_large_None_4_1.5_no.5
rochester,6.523809523809524,8.633587786259541,identity,53Q_gate_Rochester_small_2_25_1.5_no.3
sycamore,3.664285714285714,5.8877284595300265,identity,53Q_gate_Sycamore_small_2_20_1.5_no.0
sycamore,6.735849056603773,5.981132075471698,identity,53Q_gate_Sycamore_small_2_10_1.5_no.2
rochester,2.8380952380952382,12.333333333333334,random,53Q_depth_Rochester_small_None_1_2.55_no.9
rochester,4.4714285714285715,5.035483870967742,sabre,53Q_gate_Rochester_large_2_10_1.5_no.6
sycamore,3.2155172413793105,3.9324324324324325,sabre,53Q_gate_Sycamore_large_1_15_1.5_no.0
tokyo,2.419642857142857,2.8074534161490683,random,20Q_gate_Tokyo_large_2_10_1.5_no.2
tokyo,2.2110091743119265,2.820689655172414,random,20Q_depth_Tokyo_large_None_4_1.5_no.3
sycamore,4.975,7.72093023255814,identity,53Q_gate_Sycamore_small_2_1_1.5_no.4
sycamore,6.6767676767676765,5.433962264150943,random,53Q_gate_Sycamore_small_1_20_1.5_no.0
rochester,2.6507936507936507,8.590909090909092,sa,53Q_gate_Rochester_small_1_1_1.5_no.1
rochester,4.864864864864865,6.456375838926174,sa,53Q_gate_Rochester_large_2_3_1.5_no.1
rochester,7.542857142857143,8.907514450867051,random,53Q_gate_Rochester_large_1_3_1.5_no.3
sycamore,3.5309734513274336,3.7777777777777777,sabre,53Q_depth_Sycamore_large_None_5_1.5_no.3
sycamore,4.3076923076923075,7.127659574468085,identity,53Q_gate_Sycamore_large_2_0_1.5_no.7
rochester,8.557377049180328,7.900958466453674,random,53Q_gate_Rochester_small_1_15_1.5_no.6
sycamore,3.689655172413793,5.393548387096774,sa,53Q_gate_Sycamore_small_1_4_1.5_no.9
sycamore,5.0,5.7898305084745765,random,53Q_gate_Sycamore_large_2_10_1.5_no.2
rochester,6.4186046511627906,5.81858407079646,sa,53Q_gate_Rochester_small_2_10_1.5_no.4
rochester,8.378378378378379,12.553719008264462,identity,53Q_depth_Rochester_small_None_1_1.5_no.4
rochester,3.6933333333333334,12.338582677165354,identity,53Q_gate_Rochester_small_2_5_1.5_no.8
sycamore,3.560747663551402,6.422459893048129,random,53Q_depth_Sycamore_small_None_4_2.55_no.3
sycamore,3.1272727272727274,5.388059701492537,sa,53Q_gate_Sycamore_small_2_4_1.5_no.8
rochester,2.7288135593220337,5.570469798657718,sa,53Q_gate_Rochester_small_1_5_1.5_no.9
tokyo,1.352112676056338,1.9692307692307693,sa,20Q_gate_Tokyo_large_2_2_1.5_no.4
rochester,4.5,5.5910931174089065,sabre,53Q_depth_Rochester_large_None_4_1.5_no.9
tokyo,1.0526315789473684,1.15,sa,20Q_gate_Tokyo_large_1_2_1.5_no.7
sycamore,6.357142857142857,6.612903225806452,identity,53Q_gate_Sycamore_large_2_4_1.5_no.8
sycamore,2.708133971291866,6.692105263157894,random,53Q_depth_Sycamore_small_None_5_1.5_no.0
rochester,6.160714285714286,9.095343680709535,identity,53Q_depth_Rochester_large_None_10_2.55_no.2
tokyo,1.5527950310559007,2.0654205607476634,sabre,20Q_gate_Tokyo_large_1_10_1.5_no.8
sycamore,6.22,5.2368421052631575,sa,53Q_gate_Sycamore_small_2_10_1.5_no.3
rochester,5.333333333333333,8.328125,random,53Q_gate_Rochester_large_2_4_1.5_no.4
rochester,6.357142857142857,5.617647058823529,sabre,53Q_gate_Rochester_large_2_10_1.5_no.8
rochester,3.8904109589041096,4.589285714285714,sabre,53Q_gate_Rochester_small_1_20_1.5_no.4
rochester,5.739495798319328,5.966850828729282,sabre,53Q_depth_Rochester_small_None_10_1.5_no.8
rochester,6.029411764705882,7.636734693877551,identity,53Q_depth_Rochester_small_None_10_1.5_no.6
rochester,8.245283018867925,7.861818181818182,random,53Q_gate_Rochester_small_1_10_1.5_no.0
tokyo,2.6333333333333333,3.2131147540983607,random,20Q_gate_Tokyo_large_2_0_1.5_no.6
rochester,5.825,12.076923076923077,identity,53Q_gate_Rochester_small_2_3_1.5_no.8
rochester,5.946428571428571,5.372469635627531,sa,53Q_gate_Rochester_small_1_15_1.5_no.2
sycamore,4.678571428571429,6.981012658227848,identity,53Q_gate_Sycamore_small_1_4_1.5_no.4
tokyo,1.865979381443299,2.414285714285714,identity,20Q_gate_Tokyo_large_2_20_1.5_no.6
tokyo,3.207547169811321,2.8118811881188117,random,20Q_depth_Tokyo_large_None_1_2.55_no.7
rochester,2.4444444444444446,5.758620689655173,sabre,53Q_gate_Rochester_small_2_2_1.5_no.5
sycamore,2.195876288659794,7.638888888888889,random,53Q_gate_Sycamore_small_1_2_1.5_no.5
sycamore,5.295454545454546,6.423076923076923,random,53Q_gate_Sycamore_large_2_4_1.5_no.3
rochester,4.069767441860465,5.067796610169491,sabre,53Q_gate_Rochester_large_1_4_1.5_no.3
sycamore,4.157303370786517,3.8717339667458432,sabre,53Q_gate_Sycamore_large_2_15_1.5_no.5
rochester,3.6136363636363638,6.631578947368421,sa,53Q_gate_Rochester_small_2_5_1.5_no.3
rochester,3.9210526315789473,4.792857142857143,sabre,53Q_depth_Rochester_large_None_2_2.55_no.2
rochester,6.852941176470588,10.806722689075631,random,53Q_gate_Rochester_large_2_1_1.5_no.2
tokyo,1.8531746031746033,3.28,identity,20Q_depth_Tokyo_large_None_5_2.55_no.2
tokyo,3.303030303030303,3.073529411764706,identity,20Q_gate_Tokyo_large_2_1_1.5_no.3
rochester,9.674418604651162,10.916256157635468,random,53Q_depth_Rochester_small_None_3_1.5_no.3
sycamore,4.178947368421053,6.639484978540772,random,53Q_depth_Sycamore_large_None_3_1.5_no.4
sycamore,3.6666666666666665,5.245614035087719,sabre,53Q_gate_Sycamore_small_1_5_1.5_no.4
tokyo,2.813953488372093,2.485981308411215,sa,20Q_depth_Tokyo_large_None_1_1.5_no.6
rochester,5.802631578947368,6.795918367346939,sa,53Q_depth_Rochester_large_None_4_2.55_no.5
tokyo,2.7333333333333334,3.0163934426229506,identity,20Q_gate_Tokyo_large_2_0_1.5_no.6
sycamore,4.654929577464789,3.8034188034188032,sa,53Q_gate_Sycamore_large_1_25_1.5_no.3
rochester,6.241379310344827,7.081081081081081,random,53Q_gate_Rochester_large_2_15_1.5_no.4
sycamore,2.268292682926829,4.7384615384615385,sabre,53Q_gate_Sycamore_small_1_4_1.5_no.1
sycamore,4.916666666666667,6.741007194244604,identity,53Q_gate_Sycamore_large_1_1_1.5_no.8
tokyo,1.9156626506024097,3.4246575342465753,identity,20Q_gate_Tokyo_large_2_3_1.5_no.9
rochester,4.931034482758621,4.371848739495798,sa,53Q_gate_Rochester_large_2_25_1.5_no.6
rochester,6.26984126984127,6.918644067796611,identity,53Q_gate_Rochester_large_1_10_1.5_no.0
tokyo,1.4586776859504131,1.625668449197861,sabre,20Q_gate_Tokyo_large_2_25_1.5_no.4
rochester,5.080459770114943,7.952029520295203,sa,53Q_depth_Rochester_small_None_4_2.55_no.0
sycamore,2.948717948717949,4.6676829268292686,sa,53Q_depth_Sycamore_large_None_4_1.5_no.1
sycamore,7.036363636363636,7.136363636363637,random,53Q_depth_Sycamore_large_None_1_2.55_no.6
rochester,9.25,9.7,random,53Q_depth_Rochester_large_None_5_1.5_no.1
tokyo,1.8928571428571428,2.076923076923077,sa,20Q_gate_Tokyo_large_2_10_1.5_no.1
sycamore,5.845070422535211,8.010695187165775,identity,53Q_depth_Sycamore_small_None_1_2.55_no.7
sycamore,2.697674418604651,4.717131474103586,sa,53Q_depth_Sycamore_small_None_2_2.55_no.6
rochester,7.526315789473684,7.464467005076142,identity,53Q_gate_Rochester_large_2_20_1.5_no.8
tokyo,2.263392857142857,3.2048192771084336,random,20Q_depth_Tokyo_large_None_5_2.55_no.5
rochester,6.853658536585366,8.948051948051948,random,53Q_gate_Rochester_small_2_4_1.5_no.9
tokyo,1.7897435897435898,2.4066985645933014,sabre,20Q_depth_Tokyo_large_None_4_2.55_no.8
sycamore,1.8849557522123894,5.403846153846154,sa,53Q_depth_Sycamore_small_None_1_1.5_no.4
rochester,3.875,6.955555555555556,sa,53Q_depth_Rochester_small_None_5_1.5_no.4
sycamore,5.573770491803279,6.4125,identity,53Q_gate_Sycamore_large_1_5_1.5_no.7
sycamore,5.6571428571428575,7.828571428571428,random,53Q_gate_Sycamore_large_1_0_1.5_no.3
sycamore,2.0530973451327434,5.6923076923076925,sabre,53Q_depth_Sycamore_small_None_1_1.5_no.4
rochester,4.464285714285714,6.556818181818182,sabre,53Q_gate_Rochester_large_2_0_1.5_no.3
tokyo,1.9295774647887325,2.327433628318584,random,20Q_gate_Tokyo_large_1_15_1.5_no.4
tokyo,1.0,1.4591836734693877,sa,20Q_gate_Tokyo_large_2_3_1.5_no.0
tokyo,1.9056603773584906,2.14,sabre,20Q_gate_Tokyo_large_1_3_1.5_no.9
sycamore,2.6047430830039526,3.9490291262135924,sabre,53Q_depth_Sycamore_small_None_10_1.5_no.6
tokyo,1.9479166666666667,2.401098901098901,sabre,20Q_depth_Tokyo_large_None_3_1.5_no.9
rochester,6.735294117647059,13.068965517241379,identity,53Q_gate_Rochester_large_1_1_1.5_no.0
sycamore,4.858208955223881,5.464208242950108,random,53Q_gate_Sycamore_small_2_25_1.5_no.3
rochester,8.054054054054054,11.064516129032258,random,53Q_depth_Rochester_large_None_2_1.5_no.9
tokyo,1.3205128205128205,1.9473684210526316,sa,20Q_gate_Tokyo_large_1_3_1.5_no.3
sycamore,3.3564356435643563,4.356940509915014,sa,53Q_gate_Sycamore_small_2_15_1.5_no.0
tokyo,1.994871794871795,2.904494382022472,identity,20Q_depth_Tokyo_large_None_4_2.55_no.3
sycamore,3.8868501529051986,6.2220795892169445,random,53Q_depth_Sycamore_small_None_10_2.55_no.1
sycamore,2.6823529411764704,3.8443396226415096,sabre,53Q_gate_Sycamore_small_1_20_1.5_no.2
tokyo,1.6986301369863013,2.651685393258427,sabre,20Q_gate_Tokyo_large_2_3_1.5_no.8
rochester,5.37037037037037,5.448275862068965,sabre,53Q_gate_Rochester_small_1_0_1.5_no.9
rochester,8.35820895522388,10.222972972972974,identity,53Q_depth_Rochester_large_None_5_1.5_no.7
sycamore,4.5588235294117645,8.4375,random,53Q_gate_Sycamore_small_2_0_1.5_no.9
rochester,1.4246575342465753,6.538461538461538,sabre,53Q_gate_Rochester_small_2_4_1.5_no.7
sycamore,5.63265306122449,6.544943820224719,random,53Q_gate_Sycamore_small_1_4_1.5_no.7
rochester,3.2823529411764705,6.288659793814433,sa,53Q_gate_Rochester_small_2_10_1.5_no.3
sycamore,4.0,6.446808510638298,random,53Q_gate_Sycamore_large_2_2_1.5_no.1
rochester,3.6,6.647058823529412,sabre,53Q_gate_Rochester_large_1_2_1.5_no.1
rochester,5.574712643678161,5.423423423423423,sabre,53Q_gate_Rochester_small_2_25_1.5_no.9
rochester,8.733333333333333,12.60377358490566,random,53Q_gate_Rochester_large_1_2_1.5_no.7
rochester,5.632911392405063,4.820754716981132,sabre,53Q_gate_Rochester_large_1_15_1.5_no.5
rochester,4.739130434782608,13.586206896551724,identity,53Q_gate_Rochester_large_2_1_1.5_no.6
rochester,8.479166666666666,7.312267657992565,random,53Q_gate_Rochester_large_1_20_1.5_no.8
rochester,5.45945945945946,6.784,sabre,53Q_depth_Rochester_large_None_4_2.55_no.8
tokyo,1.9176470588235295,2.410596026490066,random,20Q_gate_Tokyo_large_2_10_1.5_no.5
sycamore,5.875,4.97737556561086,sa,53Q_gate_Sycamore_large_1_5_1.5_no.9
rochester,3.8048780487804876,5.1103896103896105,sabre,53Q_gate_Rochester_small_2_4_1.5_no.9
sycamore,4.482758620689655,6.554838709677419,random,53Q_gate_Sycamore_small_1_4_1.5_no.9
tokyo,1.822857142857143,3.101449275362319,random,20Q_depth_Tokyo_large_None_4_1.5_no.2
sycamore,5.139784946236559,7.178217821782178,identity,53Q_depth_Sycamore_small_None_3_1.5_no.2
tokyo,1.892156862745098,2.685258964143426,sa,20Q_depth_Tokyo_large_None_10_1.5_no.1
sycamore,4.913043478260869,5.397905759162303,sa,53Q_gate_Sycamore_large_2_5_1.5_no.8
rochester,4.647058823529412,6.828571428571428,sa,53Q_gate_Rochester_small_1_1_1.5_no.6
rochester,8.963636363636363,7.355263157894737,identity,53Q_gate_Rochester_large_2_15_1.5_no.9
tokyo,1.6143790849673203,2.396103896103896,sa,20Q_depth_Tokyo_large_None_10_2.55_no.8
rochester,4.0989010989010985,4.996978851963746,sabre,53Q_gate_Rochester_small_2_25_1.5_no.7
rochester,3.918918918918919,6.851239669421488,sa,53Q_gate_Rochester_large_2_3_1.5_no.6
rochester,7.069767441860465,11.924137931034483,random,53Q_depth_Rochester_large_None_1_2.55_no.8
sycamore,5.418181818181818,5.560301507537688,random,53Q_depth_Sycamore_large_None_10_2.55_no.5
rochester,8.241071428571429,6.222748815165877,identity,53Q_gate_Rochester_large_1_25_1.5_no.1
sycamore,1.8661417322834646,4.575067024128686,sabre,53Q_depth_Sycamore_small_None_10_1.5_no.8
tokyo,2.290909090909091,3.0,identity,20Q_gate_Tokyo_large_1_2_1.5_no.9
tokyo,2.3902439024390243,2.5942857142857143,random,20Q_gate_Tokyo_large_1_4_1.5_no.3
sycamore,5.641791044776119,5.524590163934426,identity,53Q_gate_Sycamore_large_1_10_1.5_no.1
rochester,6.215686274509804,4.5675675675675675,sa,53Q_gate_Rochester_large_1_20_1.5_no.7
sycamore,5.443298969072165,6.055837563451776,random,53Q_depth_Sycamore_small_None_4_1.5_no.4
sycamore,4.970149253731344,4.744113029827315,identity,53Q_gate_Sycamore_large_1_20_1.5_no.3
sycamore,5.076576576576577,6.294117647058823,random,53Q_depth_Sycamore_large_None_10_1.5_no.3
sycamore,5.686274509803922,5.785,random,53Q_gate_Sycamore_large_1_15_1.5_no.1
tokyo,1.6153846153846154,2.8,identity,20Q_gate_Tokyo_large_1_1_1.5_no.6
rochester,6.224137931034483,20.25,sabre,53Q_gate_Rochester_small_1_0_1.5_no.7
rochester,6.105263157894737,8.84472049689441,random,53Q_gate_Rochester_large_2_5_1.5_no.0
sycamore,1.9176470588235295,8.517241379310345,random,53Q_gate_Sycamore_small_2_0_1.5_no.7
rochester,3.7767857142857144,6.4965753424657535,sabre,53Q_depth_Rochester_large_None_5_2.55_no.1
sycamore,4.25,5.013513513513513,sabre,53Q_gate_Sycamore_small_2_5_1.5_no.1
tokyo,1.3859649122807018,2.8666666666666667,identity,20Q_gate_Tokyo_large_1_0_1.5_no.3
sycamore,5.74468085106383,4.970172684458399,identity,53Q_gate_Sycamore_small_1_25_1.5_no.7
sycamore,6.405940594059406,6.112469437652812,identity,53Q_gate_Sycamore_small_1_15_1.5_no.5
sycamore,3.3703703703703702,4.049180327868853,sabre,53Q_gate_Sycamore_small_2_4_1.5_no.4
tokyo,2.317073170731707,2.720754716981132,random,20Q_depth_Tokyo_large_None_5_2.55_no.4
sycamore,6.318181818181818,6.4,identity,53Q_gate_Sycamore_large_2_3_1.5_no.0
sycamore,2.135294117647059,6.188775510204081,sa,53Q_depth_Sycamore_small_None_2_2.55_no.1
sycamore,3.207547169811321,5.097560975609756,sa,53Q_depth_Sycamore_small_None_1_1.5_no.3
sycamore,3.212962962962963,6.541766109785203,identity,53Q_depth_Sycamore_small_None_5_1.5_no.2
rochester,2.5,13.923076923076923,identity,53Q_gate_Rochester_small_1_1_1.5_no.3
tokyo,1.976878612716763,2.7204301075268815,random,20Q_gate_Tokyo_large_1_15_1.5_no.3
rochester,4.371794871794871,6.032894736842105,sa,53Q_depth_Rochester_small_None_5_1.5_no.5
sycamore,4.7,6.473684210526316,random,53Q_depth_Sycamore_small_None_3_2.55_no.0
rochester,3.5714285714285716,6.317164179104478,sa,53Q_depth_Rochester_large_None_4_2.55_no.4
sycamore,2.86,8.026315789473685,random,53Q_depth_Sycamore_small_None_1_1.5_no.2
rochester,7.5625,9.663101604278076,identity,53Q_gate_Rochester_small_2_10_1.5_no.2
sycamore,3.8255813953488373,5.357142857142857,sa,53Q_depth_Sycamore_large_None_2_2.55_no.9
sycamore,5.112903225806452,4.158415841584159,sa,53Q_gate_Sycamore_large_1_20_1.5_no.0
rochester,3.7857142857142856,15.304347826086957,identity,53Q_gate_Rochester_small_2_1_1.5_no.5
sycamore,3.3141025641025643,7.439330543933054,random,53Q_depth_Sycamore_small_None_2_2.55_no.9
sycamore,3.5753424657534247,5.226415094339623,sabre,53Q_depth_Sycamore_small_None_1_2.55_no.8
rochester,4.691489361702128,4.427672955974843,sa,53Q_gate_Rochester_large_2_25_1.5_no.1
rochester,2.7076023391812867,7.723320158102767,sa,53Q_depth_Rochester_small_None_4_2.55_no.1
sycamore,4.4,3.9282296650717705,sabre,53Q_gate_Sycamore_small_2_20_1.5_no.7
sycamore,3.768421052631579,4.814814814814815,sa,53Q_depth_Sycamore_large_None_4_1.5_no.6
tokyo,1.204968944099379,1.4485981308411215,sa,20Q_gate_Tokyo_large_1_10_1.5_no.8
tokyo,2.2941176470588234,3.1982758620689653,random,20Q_gate_Tokyo_large_2_4_1.5_no.9
rochester,5.466666666666667,15.442857142857143,random,53Q_gate_Rochester_large_2_0_1.5_no.6
tokyo,1.76536312849162,1.9622641509433962,sabre,20Q_gate_Tokyo_large_2_20_1.5_no.7
tokyo,1.868421052631579,2.9415730337078654,identity,20Q_depth_Tokyo_large_None_10_2.55_no.9
sycamore,3.1416666666666666,5.092105263157895,sabre,53Q_depth_Sycamore_large_None_3_1.5_no.1
sycamore,4.106796116504855,6.889344262295082,random,53Q_depth_Sycamore_large_None_2_1.5_no.0
tokyo,1.4225352112676057,1.5454545454545454,sa,20Q_gate_Tokyo_large_2_15_1.5_no.4
tokyo,1.7080291970802919,3.111111111111111,random,20Q_depth_Tokyo_large_None_1_2.55_no.6
tokyo,1.9361702127659575,2.7333333333333334,sabre,20Q_gate_Tokyo_large_2_0_1.5_no.9
rochester,3.9166666666666665,6.967914438502674,sabre,53Q_depth_Rochester_small_None_3_1.5_no.9
rochester,3.925,7.110294117647059,sa,53Q_gate_Rochester_small_2_5_1.5_no.4
tokyo,1.9616519174041298,2.9246575342465753,identity,20Q_depth_Tokyo_large_None_10_2.55_no.7
sycamore,3.8970588235294117,5.907514450867052,sabre,53Q_depth_Sycamore_small_None_1_2.55_no.6
tokyo,1.5,2.3043478260869565,sabre,20Q_gate_Tokyo_large_1_0_1.5_no.8
tokyo,1.5660377358490567,3.066666666666667,random,20Q_gate_Tokyo_large_2_0_1.5_no.1
sycamore,2.5813953488372094,7.554621848739496,identity,53Q_gate_Sycamore_small_2_2_1.5_no.3
rochester,3.611940298507463,4.0,sa,53Q_gate_Rochester_small_1_15_1.5_no.5
sycamore,3.6666666666666665,4.770491803278689,sa,53Q_gate_Sycamore_small_2_4_1.5_no.4
sycamore,5.565656565656566,5.168564920273348,random,53Q_gate_Sycamore_large_1_15_1.5_no.3
sycamore,3.6693548387096775,3.472972972972973,sabre,53Q_gate_Sycamore_small_2_25_1.5_no.4
tokyo,1.3333333333333333,1.5847457627118644,sa,20Q_depth_Tokyo_large_None_10_1.5_no.3
sycamore,2.1944444444444446,4.590163934426229,sa,53Q_gate_Sycamore_small_1_4_1.5_no.5
rochester,5.337349397590361,5.048387096774194,sa,53Q_gate_Rochester_small_1_20_1.5_no.5
rochester,4.115384615384615,6.671232876712328,sabre,53Q_gate_Rochester_small_1_0_1.5_no.5
sycamore,4.96875,5.338289962825279,sa,53Q_depth_Sycamore_large_None_2_1.5_no.3
sycamore,3.975,7.638297872340425,random,53Q_gate_Sycamore_small_2_0_1.5_no.5
rochester,6.027027027027027,6.867256637168142,identity,53Q_gate_Rochester_large_2_15_1.5_no.3
sycamore,3.5813953488372094,3.3675675675675674,sabre,53Q_gate_Sycamore_large_1_2_1.5_no.3
sycamore,5.0256410256410255,6.7637795275590555,identity,53Q_gate_Sycamore_large_2_1_1.5_no.3
sycamore,4.0,4.474264705882353,sa,53Q_gate_Sycamore_large_2_10_1.5_no.3
sycamore,4.657894736842105,7.0508474576271185,identity,53Q_depth_Sycamore_small_None_3_1.5_no.8
rochester,4.673913043478261,6.468181818181818,sa,53Q_gate_Rochester_large_1_5_1.5_no.9
tokyo,1.853658536585366,2.045714285714286,sabre,20Q_gate_Tokyo_large_1_4_1.5_no.3
sycamore,4.0,4.6923076923076925,sabre,53Q_gate_Sycamore_large_1_3_1.5_no.6
rochester,6.486111111111111,5.196531791907514,sabre,53Q_gate_Rochester_small_2_25_1.5_no.5
tokyo,1.3208955223880596,1.7588235294117647,sa,20Q_gate_Tokyo_large_2_10_1.5_no.9
tokyo,1.9047619047619047,2.3436293436293436,sabre,20Q_gate_Tokyo_large_1_10_1.5_no.4
sycamore,4.027777777777778,4.939130434782609,sabre,53Q_gate_Sycamore_large_1_0_1.5_no.9
rochester,4.974025974025974,5.731843575418995,sabre,53Q_depth_Rochester_large_None_10_2.55_no.3
rochester,8.172413793103448,13.174418604651162,random,53Q_gate_Rochester_small_2_1_1.5_no.7
tokyo,1.3333333333333333,2.315068493150685,sabre,20Q_gate_Tokyo_large_2_4_1.5_no.2
rochester,4.646341463414634,4.2420537897310515,sabre,53Q_gate_Rochester_large_1_15_1.5_no.9
sycamore,4.466666666666667,6.762589928057554,random,53Q_gate_Sycamore_large_2_2_1.5_no.3
tokyo,1.9047619047619047,2.045774647887324,sa,20Q_gate_Tokyo_large_1_15_1.5_no.5
sycamore,4.4,8.2,identity,53Q_gate_Sycamore_small_2_0_1.5_no.0
rochester,3.810810810810811,5.355769230769231,sabre,53Q_gate_Rochester_large_1_2_1.5_no.3
rochester,6.096774193548387,7.061855670103093,sabre,53Q_gate_Rochester_small_2_4_1.5_no.5
sycamore,3.1296296296296298,6.295081967213115,random,53Q_gate_Sycamore_small_1_4_1.5_no.5
rochester,5.864864864864865,3.977329974811083,sabre,53Q_gate_Rochester_large_1_15_1.5_no.7
rochester,4.8604651162790695,4.2372093023255815,sa,53Q_gate_Rochester_large_2_10_1.5_no.1
sycamore,5.458333333333333,6.2556390977443606,identity,53Q_gate_Sycamore_small_2_15_1.5_no.9
sycamore,3.1016042780748663,5.038961038961039,random,53Q_gate_Sycamore_small_2_25_1.5_no.1
sycamore,4.013698630136986,6.3125,random,53Q_depth_Sycamore_small_None_5_1.5_no.8
tokyo,1.7946428571428572,3.2536585365853656,identity,20Q_depth_Tokyo_large_None_4_2.55_no.1
rochester,2.3423423423423424,4.884462151394422,sabre,53Q_depth_Rochester_large_None_4_1.5_no.1
sycamore,2.9130434782608696,5.338874680306906,sabre,53Q_depth_Sycamore_small_None_10_1.5_no.4
sycamore,3.97737556561086,7.171428571428572,random,53Q_depth_Sycamore_small_None_5_2.55_no.2
sycamore,4.325581395348837,4.389189189189189,sa,53Q_gate_Sycamore_large_1_2_1.5_no.3
sycamore,3.641025641025641,5.946808510638298,sa,53Q_gate_Sycamore_large_2_0_1.5_no.7
rochester,4.617647058823529,6.664,sa,53Q_gate_Rochester_small_2_3_1.5_no.1
rochester,4.280575539568345,6.59375,sabre,53Q_depth_Rochester_small_None_10_1.5_no.0
tokyo,2.238095238095238,2.4569377990430623,random,20Q_gate_Tokyo_large_1_20_1.5_no.3
rochester,4.114942528735632,6.671875,sabre,53Q_depth_Rochester_small_None_10_2.55_no.7
sycamore,2.0208333333333335,5.315384615384615,sa,53Q_gate_Sycamore_large_2_2_1.5_no.2
sycamore,3.5625,5.252427184466019,sa,53Q_gate_Sycamore_large_1_0_1.5_no.6
rochester,3.107142857142857,4.484848484848484,sa,53Q_gate_Rochester_large_1_1_1.5_no.1
tokyo,2.0441176470588234,3.208791208791209,random,20Q_depth_Tokyo_large_None_1_1.5_no.4
sycamore,3.453416149068323,4.202312138728324,sa,53Q_gate_Sycamore_small_1_25_1.5_no.3
tokyo,1.669811320754717,2.209230769230769,sabre,20Q_gate_Tokyo_large_2_25_1.5_no.8
rochester,3.276595744680851,8.071428571428571,sa,53Q_depth_Rochester_small_None_1_2.55_no.6
rochester,4.109090909090909,5.358208955223881,sabre,53Q_depth_Rochester_large_None_3_2.55_no.3
rochester,7.09375,10.451219512195122,random,53Q_depth_Rochester_large_None_4_1.5_no.5
sycamore,2.331818181818182,4.778846153846154,sa,53Q_depth_Sycamore_large_None_4_2.55_no.6
rochester,6.8108108108108105,4.785894206549118,sa,53Q_gate_Rochester_large_1_15_1.5_no.7
rochester,5.139784946236559,8.300380228136882,random,53Q_gate_Rochester_small_1_10_1.5_no.8
rochester,4.578947368421052,6.352,sa,53Q_depth_Rochester_large_None_1_2.55_no.3
rochester,4.383333333333334,7.072115384615385,sa,53Q_depth_Rochester_large_None_3_1.5_no.4
sycamore,5.363636363636363,5.8,identity,53Q_gate_Sycamore_large_1_4_1.5_no.3
rochester,4.827586206896552,6.5210084033613445,sabre,53Q_depth_Rochester_large_None_1_1.5_no.7
rochester,3.2289156626506026,11.897435897435898,random,53Q_depth_Rochester_small_None_2_1.5_no.7
sycamore,4.1568627450980395,4.962566844919786,sa,53Q_gate_Sycamore_large_1_3_1.5_no.7
sycamore,4.82051282051282,5.606299212598425,sa,53Q_gate_Sycamore_large_2_1_1.5_no.3
tokyo,2.2882096069868996,2.9641943734015346,random,20Q_gate_Tokyo_large_2_25_1.5_no.5
sycamore,4.406015037593985,4.436842105263158,sabre,53Q_gate_Sycamore_small_1_25_1.5_no.1
sycamore,3.9365079365079363,4.075812274368231,sabre,53Q_depth_Sycamore_large_None_3_1.5_no.3
rochester,8.272727272727273,11.185483870967742,random,53Q_gate_Rochester_small_1_3_1.5_no.6
sycamore,3.625,4.595890410958904,sa,53Q_gate_Sycamore_large_2_3_1.5_no.6
rochester,5.39751552795031,8.847107438016529,random,53Q_depth_Rochester_small_None_10_2.55_no.6
sycamore,3.1904761904761907,5.4491525423728815,sa,53Q_gate_Sycamore_large_1_1_1.5_no.2
sycamore,1.975609756097561,4.884393063583815,sabre,53Q_depth_Sycamore_small_None_1_2.55_no.4
sycamore,3.5277777777777777,4.315789473684211,sabre,53Q_gate_Sycamore_small_2_15_1.5_no.9
tokyo,1.7456140350877194,2.5724137931034483,sabre,20Q_depth_Tokyo_large_None_2_2.55_no.0
rochester,4.8533333333333335,11.694915254237289,identity,53Q_depth_Rochester_large_None_3_1.5_no.7
tokyo,1.9158878504672898,3.091314031180401,identity,20Q_depth_Tokyo_large_None_10_2.55_no.5
tokyo,1.826086956521739,3.009433962264151,identity,20Q_gate_Tokyo_large_1_4_1.5_no.5
sycamore,3.4411764705882355,4.051282051282051,sabre,53Q_gate_Sycamore_small_2_0_1.5_no.2
rochester,5.051282051282051,7.190751445086705,sabre,53Q_depth_Rochester_small_None_2_1.5_no.5
rochester,5.168141592920354,7.588039867109635,sa,53Q_depth_Rochester_small_None_5_2.55_no.4
rochester,2.8253968253968256,4.984732824427481,sa,53Q_gate_Rochester_small_2_25_1.5_no.3
sycamore,4.239130434782608,4.758426966292135,sa,53Q_gate_Sycamore_small_2_5_1.5_no.0
tokyo,2.688888888888889,3.0816326530612246,random,20Q_gate_Tokyo_large_1_2_1.5_no.6
tokyo,2.6857142857142855,3.196078431372549,identity,20Q_gate_Tokyo_large_1_5_1.5_no.0
sycamore,3.7222222222222223,4.411290322580645,sabre,53Q_gate_Sycamore_small_2_1_1.5_no.7
tokyo,2.1578947368421053,3.0597014925373136,random,20Q_depth_Tokyo_large_None_2_1.5_no.9
sycamore,1.8024691358024691,4.054054054054054,sabre,53Q_gate_Sycamore_small_2_2_1.5_no.8
sycamore,4.961538461538462,5.247524752475248,sa,53Q_gate_Sycamore_small_1_5_1.5_no.1
rochester,4.053571428571429,6.907534246575342,sa,53Q_depth_Rochester_large_None_5_2.55_no.1
rochester,6.452830188679245,8.677966101694915,identity,53Q_gate_Rochester_small_2_10_1.5_no.8
tokyo,1.9333333333333333,2.1956521739130435,sabre,20Q_gate_Tokyo_large_1_5_1.5_no.7
rochester,6.32258064516129,10.028301886792454,identity,53Q_gate_Rochester_small_1_1_1.5_no.9
sycamore,4.4520547945205475,6.270833333333333,identity,53Q_depth_Sycamore_small_None_5_1.5_no.8
rochester,7.311688311688312,6.50507614213198,identity,53Q_gate_Rochester_small_1_20_1.5_no.0
tokyo,1.4558823529411764,1.956043956043956,sabre,20Q_depth_Tokyo_large_None_1_1.5_no.4
tokyo,2.2739726027397262,2.3384615384615386,sabre,20Q_gate_Tokyo_large_2_5_1.5_no.6
tokyo,1.8035714285714286,2.9609756097560975,random,20Q_depth_Tokyo_large_None_4_2.55_no.1
rochester,5.166666666666667,6.291457286432161,sa,53Q_gate_Rochester_large_2_5_1.5_no.3
sycamore,4.017241379310345,6.329192546583851,identity,53Q_gate_Sycamore_small_1_5_1.5_no.0
rochester,6.131578947368421,13.11214953271028,random,53Q_gate_Rochester_small_2_4_1.5_no.1
sycamore,2.684684684684685,3.5210084033613445,sabre,53Q_gate_Sycamore_large_2_10_1.5_no.6
sycamore,3.4504504504504503,5.610429447852761,sa,53Q_depth_Sycamore_small_None_3_1.5_no.9
rochester,8.64102564102564,7.541984732824427,random,53Q_gate_Rochester_small_2_25_1.5_no.4
sycamore,2.585858585858586,5.203592814371257,sa,53Q_gate_Sycamore_large_2_5_1.5_no.4
rochester,2.9204545454545454,3.403973509933775,sabre,53Q_gate_Rochester_small_1_20_1.5_no.6
tokyo,2.0087336244541483,2.3657289002557547,identity,20Q_gate_Tokyo_large_2_25_1.5_no.5
rochester,3.0789473684210527,5.852941176470588,sa,53Q_gate_Rochester_small_2_3_1.5_no.6
sycamore,4.066666666666666,6.821428571428571,identity,53Q_depth_Sycamore_small_None_1_1.5_no.5
rochester,3.903225806451613,7.290322580645161,sa,53Q_gate_Rochester_large_1_1_1.5_no.6
sycamore,2.9908045977011493,6.332428765264586,random,53Q_depth_Sycamore_small_None_10_2.55_no.9
rochester,9.166666666666666,10.105,identity,53Q_gate_Rochester_small_1_5_1.5_no.4
tokyo,1.8432835820895523,2.601078167115903,random,20Q_gate_Tokyo_large_1_20_1.5_no.4
sycamore,4.079365079365079,5.207792207792208,sa,53Q_gate_Sycamore_large_1_5_1.5_no.5
sycamore,2.7471264367816093,7.225563909774436,identity,53Q_gate_Sycamore_small_1_2_1.5_no.8
rochester,8.25,9.627218934911243,identity,53Q_gate_Rochester_small_2_5_1.5_no.2
sycamore,5.909090909090909,5.836956521739131,random,53Q_gate_Sycamore_large_2_10_1.5_no.0
sycamore,5.437908496732026,5.111587982832618,identity,53Q_gate_Sycamore_large_1_25_1.5_no.8
sycamore,3.089108910891089,3.9625935162094765,sabre,53Q_depth_Sycamore_large_None_5_1.5_no.1
rochester,7.451612903225806,12.387096774193548,random,53Q_gate_Rochester_small_2_0_1.5_no.3
rochester,3.6857142857142855,4.464516129032258,sa,53Q_gate_Rochester_large_2_10_1.5_no.6
sycamore,4.863636363636363,4.355795148247979,sa,53Q_gate_Sycamore_large_2_15_1.5_no.0
sycamore,3.764705882352941,5.860849056603773,random,53Q_gate_Sycamore_small_1_20_1.5_no.2
sycamore,4.39568345323741,6.490084985835694,identity,53Q_depth_Sycamore_large_None_4_1.5_no.0
rochester,3.912280701754386,5.316742081447964,sabre,53Q_depth_Rochester_large_None_4_2.55_no.0
sycamore,5.3610108303249095,6.660633484162896,identity,53Q_depth_Sycamore_large_None_10_2.55_no.6
rochester,8.6,9.815384615384616,identity,53Q_gate_Rochester_large_1_3_1.5_no.7
rochester,6.21969696969697,6.924564796905223,random,53Q_gate_Rochester_large_1_20_1.5_no.0
tokyo,1.105263157894737,2.5217391304347827,sabre,20Q_gate_Tokyo_large_2_3_1.5_no.4
tokyo,1.5510204081632653,2.4754098360655736,sabre,20Q_gate_Tokyo_large_1_1_1.5_no.0
rochester,7.935064935064935,7.211864406779661,identity,53Q_gate_Rochester_small_1_15_1.5_no.1
tokyo,1.8693467336683418,2.232142857142857,sabre,20Q_gate_Tokyo_large_1_15_1.5_no.7
tokyo,1.5194805194805194,2.2110091743119265,sabre,20Q_gate_Tokyo_large_1_3_1.5_no.5
tokyo,2.3043478260869565,2.652173913043478,sabre,20Q_gate_Tokyo_large_2_1_1.5_no.1
tokyo,1.4972972972972973,2.246376811594203,sa,20Q_gate_Tokyo_large_1_10_1.5_no.0
sycamore,4.277777777777778,5.016129032258065,sa,53Q_gate_Sycamore_small_2_1_1.5_no.7
sycamore,3.111111111111111,4.969924812030075,sa,53Q_gate_Sycamore_small_1_3_1.5_no.3
rochester,5.931034482758621,6.792792792792793,identity,53Q_gate_Rochester_small_2_25_1.5_no.9
rochester,8.058823529411764,12.372727272727273,random,53Q_depth_Rochester_small_None_1_1.5_no.0
sycamore,1.712962962962963,4.247058823529412,sabre,53Q_gate_Sycamore_small_1_3_1.5_no.8
rochester,6.271186440677966,6.465346534653466,sabre,53Q_depth_Rochester_large_None_5_1.5_no.5
sycamore,3.878787878787879,5.418181818181818,sa,53Q_gate_Sycamore_small_1_1_1.5_no.6
tokyo,1.6595744680851063,2.317073170731707,identity,20Q_gate_Tokyo_large_2_4_1.5_no.0
rochester,4.647058823529412,5.272493573264781,sa,53Q_gate_Rochester_small_1_20_1.5_no.2
sycamore,3.4523809523809526,5.35,sa,53Q_gate_Sycamore_small_2_3_1.5_no.2
rochester,8.162162162162161,10.36241610738255,identity,53Q_gate_Rochester_large_2_3_1.5_no.1
rochester,3.197530864197531,4.569767441860465,sabre,53Q_gate_Rochester_large_2_10_1.5_no.4
rochester,7.451327433628318,8.368821292775666,identity,53Q_depth_Rochester_large_None_10_1.5_no.7
sycamore,3.5217391304347827,6.866666666666666,sabre,53Q_gate_Sycamore_small_1_0_1.5_no.7
tokyo,2.2388059701492535,2.7857142857142856,identity,20Q_gate_Tokyo_large_2_5_1.5_no.5
rochester,6.059523809523809,6.348684210526316,sabre,53Q_depth_Rochester_large_None_5_2.55_no.9
rochester,3.4358974358974357,4.788571428571428,sabre,53Q_gate_Rochester_small_1_20_1.5_no.8
rochester,7.133333333333334,8.088235294117647,random,53Q_gate_Rochester_large_2_5_1.5_no.8
sycamore,4.176470588235294,6.5369127516778525,identity,53Q_depth_Sycamore_large_None_1_2.55_no.4
sycamore,3.2641509433962264,4.743119266055046,sabre,53Q_gate_Sycamore_small_1_1_1.5_no.2
sycamore,4.320754716981132,5.308370044052864,sa,53Q_depth_Sycamore_large_None_2_1.5_no.4
rochester,8.833333333333334,6.787066246056782,random,53Q_gate_Rochester_large_1_25_1.5_no.6
tokyo,1.3506493506493507,2.2567567567567566,sabre,20Q_gate_Tokyo_large_2_2_1.5_no.0
tokyo,2.3142857142857145,2.68,sabre,20Q_gate_Tokyo_large_1_0_1.5_no.4
sycamore,4.3428571428571425,4.870967741935484,sabre,53Q_gate_Sycamore_large_2_1_1.5_no.9
sycamore,4.038834951456311,6.754098360655738,identity,53Q_depth_Sycamore_large_None_2_1.5_no.0
rochester,7.75,8.865019011406844,identity,53Q_depth_Rochester_large_None_10_2.55_no.8
rochester,8.416666666666666,9.186915887850468,identity,53Q_gate_Rochester_large_1_5_1.5_no.7
sycamore,2.4311926605504586,7.5675675675675675,identity,53Q_gate_Sycamore_small_2_3_1.5_no.7
sycamore,3.165644171779141,6.823529411764706,random,53Q_depth_Sycamore_small_None_3_2.55_no.8
sycamore,2.75,3.376923076923077,sabre,53Q_gate_Sycamore_large_2_2_1.5_no.6
tokyo,2.492063492063492,2.8214285714285716,random,20Q_depth_Tokyo_large_None_4_2.55_no.0
sycamore,2.75,4.361702127659575,sabre,53Q_depth_Sycamore_small_None_1_1.5_no.6
sycamore,4.4411764705882355,8.181818181818182,random,53Q_gate_Sycamore_large_1_0_1.5_no.1
tokyo,2.13953488372093,2.4594594594594597,sabre,20Q_gate_Tokyo_large_1_2_1.5_no.1
tokyo,1.8214285714285714,2.171875,sabre,20Q_gate_Tokyo_large_2_0_1.5_no.5
tokyo,1.0735294117647058,1.3626373626373627,sa,20Q_depth_Tokyo_large_None_1_1.5_no.4
tokyo,1.2933333333333332,2.6987951807228914,sabre,20Q_depth_Tokyo_large_None_1_1.5_no.3
rochester,4.03125,7.608108108108108,sabre,53Q_gate_Rochester_large_2_0_1.5_no.1
rochester,8.901408450704226,6.992753623188406,identity,53Q_gate_Rochester_large_2_20_1.5_no.2
sycamore,4.818181818181818,4.0,sabre,53Q_gate_Sycamore_large_2_3_1.5_no.3
rochester,4.904761904761905,5.94,sa,53Q_gate_Rochester_large_2_5_1.5_no.4
sycamore,2.5294117647058822,7.688775510204081,random,53Q_depth_Sycamore_small_None_2_2.55_no.1
rochester,2.283582089552239,5.8375,sabre,53Q_gate_Rochester_small_2_2_1.5_no.9
rochester,4.301724137931035,7.297794117647059,sa,53Q_depth_Rochester_small_None_5_2.55_no.5
sycamore,2.648936170212766,7.543307086614173,random,53Q_gate_Sycamore_small_1_2_1.5_no.9
sycamore,3.323529411764706,5.326923076923077,sa,53Q_gate_Sycamore_small_2_0_1.5_no.3
sycamore,3.2244897959183674,5.5703125,sa,53Q_gate_Sycamore_small_1_2_1.5_no.7
tokyo,2.0440251572327046,2.9205607476635516,identity,20Q_gate_Tokyo_large_2_15_1.5_no.8
tokyo,3.186046511627907,3.5135135135135136,random,20Q_gate_Tokyo_large_1_2_1.5_no.1
sycamore,2.452991452991453,4.53125,sabre,53Q_gate_Sycamore_large_1_10_1.5_no.3
rochester,6.076923076923077,4.900763358778626,sa,53Q_gate_Rochester_small_2_25_1.5_no.4
rochester,4.67,7.139941690962099,sa,53Q_depth_Rochester_large_None_5_2.55_no.0
rochester,8.26530612244898,9.406091370558375,identity,53Q_gate_Rochester_large_2_5_1.5_no.1
rochester,6.222222222222222,10.808695652173913,random,53Q_gate_Rochester_small_1_2_1.5_no.2
sycamore,3.4324324324324325,5.2,sa,53Q_gate_Sycamore_small_1_0_1.5_no.2
sycamore,1.6736842105263159,5.631067961165049,sa,53Q_gate_Sycamore_small_2_2_1.5_no.6
tokyo,2.032967032967033,2.8947368421052633,random,20Q_depth_Tokyo_large_None_2_1.5_no.8
rochester,8.526315789473685,11.092715231788079,identity,53Q_depth_Rochester_large_None_2_1.5_no.5
tokyo,1.8231511254019293,2.4847870182555782,identity,20Q_gate_Tokyo_large_1_25_1.5_no.0
tokyo,2.52803738317757,2.6893203883495147,random,20Q_gate_Tokyo_large_2_25_1.5_no.2
rochester,4.897058823529412,7.612903225806452,sabre,53Q_depth_Rochester_small_None_3_1.5_no.1
sycamore,5.361702127659575,6.494186046511628,random,53Q_gate_Sycamore_large_2_4_1.5_no.1
sycamore,4.413793103448276,5.431192660550459,sa,53Q_gate_Sycamore_large_2_4_1.5_no.0
rochester,3.7555555555555555,5.4,sabre,53Q_gate_Rochester_large_1_4_1.5_no.1
rochester,4.724137931034483,7.202247191011236,sabre,53Q_gate_Rochester_small_2_2_1.5_no.7
rochester,9.273972602739725,7.6502890173410405,random,53Q_gate_Rochester_small_2_20_1.5_no.2
sycamore,3.4574468085106385,7.8307692307692305,random,53Q_depth_Sycamore_large_None_2_1.5_no.8
sycamore,4.918367346938775,6.8125,random,53Q_gate_Sycamore_small_1_2_1.5_no.7
sycamore,2.8974358974358974,5.098795180722892,sa,53Q_depth_Sycamore_small_None_4_2.55_no.9
tokyo,1.6666666666666667,2.511627906976744,sabre,20Q_depth_Tokyo_large_None_2_2.55_no.7
tokyo,1.5538461538461539,3.116182572614108,identity,20Q_depth_Tokyo_large_None_5_2.55_no.0
sycamore,4.62,5.010526315789473,sa,53Q_gate_Sycamore_large_1_4_1.5_no.1
tokyo,1.356164383561644,2.044943820224719,sa,20Q_gate_Tokyo_large_2_3_1.5_no.8
rochester,3.5970149253731343,12.894117647058824,identity,53Q_gate_Rochester_small_1_3_1.5_no.4
sycamore,5.1313131313131315,4.484276729559748,sa,53Q_gate_Sycamore_small_1_20_1.5_no.0
rochester,5.108108108108108,12.03125,identity,53Q_gate_Rochester_small_2_3_1.5_no.2
rochester,6.533783783783784,8.938104448742747,random,53Q_depth_Rochester_large_None_10_2.55_no.9
tokyo,2.590909090909091,2.7142857142857144,random,20Q_depth_Tokyo_large_None_1_1.5_no.5
sycamore,3.739130434782609,7.145161290322581,identity,53Q_gate_Sycamore_large_2_2_1.5_no.4
rochester,4.716666666666667,5.6544850498338874,sa,53Q_gate_Rochester_large_1_15_1.5_no.0
rochester,3.48,8.54639175257732,sa,53Q_depth_Rochester_small_None_1_2.55_no.7
sycamore,4.661290322580645,4.911214953271028,sa,53Q_depth_Sycamore_large_None_4_2.55_no.1
rochester,5.589743589743589,9.321167883211679,random,53Q_gate_Rochester_small_2_5_1.5_no.5
rochester,4.262295081967213,6.374331550802139,sa,53Q_depth_Rochester_large_None_3_1.5_no.5
rochester,2.1333333333333333,6.428571428571429,sabre,53Q_depth_Rochester_small_None_1_2.55_no.5
sycamore,2.2875,4.182926829268292,sabre,53Q_depth_Sycamore_small_None_1_1.5_no.8
rochester,1.2765957446808511,7.030927835051546,sa,53Q_depth_Rochester_large_None_1_2.55_no.2
sycamore,1.9876543209876543,3.9743040685224837,sabre,53Q_depth_Sycamore_small_None_5_1.5_no.5
sycamore,5.6,6.4454976303317535,random,53Q_gate_Sycamore_large_1_4_1.5_no.2
rochester,4.82051282051282,7.814285714285714,identity,53Q_gate_Rochester_small_1_20_1.5_no.8
sycamore,3.870967741935484,5.07051282051282,sa,53Q_depth_Sycamore_large_None_5_2.55_no.3
rochester,5.638888888888889,6.197183098591549,sabre,53Q_gate_Rochester_large_2_4_1.5_no.2
sycamore,2.4935897435897436,4.7280334728033475,sabre,53Q_depth_Sycamore_small_None_2_2.55_no.9
rochester,5.819277108433735,7.7992277992278,sa,53Q_depth_Rochester_large_None_5_2.55_no.3
rochester,3.4603174603174605,14.636363636363637,identity,53Q_gate_Rochester_small_1_1_1.5_no.1
rochester,3.6666666666666665,5.1454545454545455,sabre,53Q_gate_Rochester_small_1_2_1.5_no.4
sycamore,4.231578947368421,6.217008797653959,random,53Q_depth_Sycamore_large_None_4_1.5_no.2
sycamore,2.5632183908045976,7.314285714285714,random,53Q_gate_Sycamore_small_2_2_1.5_no.4
sycamore,2.4545454545454546,6.668421052631579,identity,53Q_depth_Sycamore_small_None_5_1.5_no.0
rochester,3.306122448979592,7.8088235294117645,sabre,53Q_depth_Rochester_small_None_4_2.55_no.3
tokyo,1.0505836575875487,1.2588832487309645,sa,20Q_gate_Tokyo_large_1_20_1.5_no.7
sycamore,4.415254237288136,3.986754966887417,sabre,53Q_depth_Sycamore_large_None_4_2.55_no.8
rochester,7.591836734693878,12.04,random,53Q_depth_Rochester_small_None_3_1.5_no.5
rochester,7.666666666666667,6.716707021791768,random,53Q_gate_Rochester_large_2_20_1.5_no.6
rochester,8.742857142857142,11.911111111111111,random,53Q_depth_Rochester_large_None_1_1.5_no.8
rochester,3.6462585034013606,8.063157894736841,sa,53Q_depth_Rochester_small_None_5_2.55_no.6
rochester,7.621621621621622,12.818965517241379,identity,53Q_depth_Rochester_large_None_1_1.5_no.2
sycamore,3.0,6.338028169014085,identity,53Q_gate_Sycamore_large_1_5_1.5_no.1
rochester,3.539473684210526,11.028571428571428,identity,53Q_depth_Rochester_small_None_2_1.5_no.9
tokyo,1.9794871794871796,3.157303370786517,random,20Q_depth_Tokyo_large_None_4_2.55_no.3
rochester,8.03448275862069,14.290697674418604,identity,53Q_gate_Rochester_small_2_1_1.5_no.7
sycamore,2.632142857142857,4.510967741935484,sa,53Q_depth_Sycamore_small_None_10_1.5_no.5
rochester,5.361111111111111,9.125,identity,53Q_gate_Rochester_small_2_10_1.5_no.0
sycamore,3.6433566433566433,4.065502183406114,sabre,53Q_gate_Sycamore_small_1_20_1.5_no.4
tokyo,1.1517857142857142,1.825,sa,20Q_depth_Tokyo_large_None_2_1.5_no.7
rochester,8.238805970149254,10.162162162162161,random,53Q_depth_Rochester_large_None_5_1.5_no.7
tokyo,1.94,2.5,sabre,20Q_depth_Tokyo_large_None_3_2.55_no.5
sycamore,3.1942257217847767,6.666219839142091,random,53Q_depth_Sycamore_small_None_10_1.5_no.8
rochester,8.0,13.34020618556701,random,53Q_gate_Rochester_large_1_1_1.5_no.3
sycamore,6.232558139534884,7.086206896551724,identity,53Q_gate_Sycamore_small_1_4_1.5_no.2
rochester,6.017857142857143,6.639484978540772,sa,53Q_depth_Rochester_large_None_3_1.5_no.6
rochester,4.069767441860465,6.934782608695652,sa,53Q_depth_Rochester_large_None_1_2.55_no.1
rochester,3.7666666666666666,6.15,sa,53Q_gate_Rochester_large_2_4_1.5_no.5
rochester,5.366412213740458,7.059602649006623,random,53Q_gate_Rochester_small_1_25_1.5_no.2
rochester,2.9074074074074074,7.633333333333334,sa,53Q_depth_Rochester_small_None_1_2.55_no.4
sycamore,5.361111111111111,8.047169811320755,random,53Q_gate_Sycamore_large_2_0_1.5_no.2
tokyo,2.061224489795918,2.9672131147540983,identity,20Q_gate_Tokyo_large_1_1_1.5_no.0
rochester,4.392857142857143,7.268656716417911,sabre,53Q_gate_Rochester_large_1_0_1.5_no.2
sycamore,3.54,4.885906040268456,sabre,53Q_gate_Sycamore_small_2_5_1.5_no.7
tokyo,3.627906976744186,3.2149532710280373,random,20Q_depth_Tokyo_large_None_1_1.5_no.6
tokyo,2.689655172413793,3.526315789473684,identity,20Q_gate_Tokyo_large_1_0_1.5_no.5
sycamore,4.434782608695652,4.448275862068965,sabre,53Q_gate_Sycamore_small_2_4_1.5_no.2
rochester,6.4868421052631575,10.835443037974683,identity,53Q_depth_Rochester_small_None_4_1.5_no.3
tokyo,1.688715953307393,1.9393939393939394,sabre,20Q_gate_Tokyo_large_1_20_1.5_no.1
sycamore,1.5267857142857142,5.164893617021277,sabre,53Q_depth_Sycamore_small_None_2_2.55_no.7
rochester,4.0,5.266666666666667,sa,53Q_gate_Rochester_large_1_10_1.5_no.9
sycamore,2.7590909090909093,5.564903846153846,sabre,53Q_depth_Sycamore_large_None_4_2.55_no.6
sycamore,3.782258064516129,4.174887892376682,sa,53Q_gate_Sycamore_large_2_20_1.5_no.6
rochester,3.3950617283950617,9.716216216216216,random,53Q_gate_Rochester_small_1_4_1.5_no.8
tokyo,1.6049382716049383,2.6153846153846154,random,20Q_gate_Tokyo_large_1_3_1.5_no.0
rochester,5.757575757575758,6.369565217391305,sabre,53Q_gate_Rochester_small_2_15_1.5_no.8
sycamore,4.615384615384615,4.4480519480519485,sabre,53Q_gate_Sycamore_small_1_10_1.5_no.9
rochester,5.616822429906542,3.8733766233766236,sabre,53Q_gate_Rochester_large_1_25_1.5_no.4
rochester,8.287671232876713,7.883928571428571,random,53Q_gate_Rochester_small_1_20_1.5_no.4
rochester,5.7272727272727275,12.033333333333333,identity,53Q_gate_Rochester_large_1_1_1.5_no.2
sycamore,4.0,3.7995391705069124,sabre,53Q_gate_Sycamore_small_2_20_1.5_no.1
sycamore,4.288888888888889,7.733333333333333,identity,53Q_gate_Sycamore_large_2_0_1.5_no.1
rochester,6.527777777777778,5.55,sabre,53Q_depth_Rochester_large_None_1_2.55_no.6
sycamore,4.549450549450549,6.560344827586207,random,53Q_depth_Sycamore_small_None_2_1.5_no.6
rochester,4.470588235294118,11.452631578947368,identity,53Q_gate_Rochester_large_2_1_1.5_no.4
tokyo,2.0481927710843375,3.0672268907563027,identity,20Q_depth_Tokyo_large_None_4_1.5_no.5
sycamore,4.776470588235294,5.057377049180328,sa,53Q_depth_Sycamore_large_None_3_1.5_no.5
sycamore,3.490566037735849,4.689839572192513,sabre,53Q_gate_Sycamore_large_1_4_1.5_no.9
sycamore,4.555555555555555,5.133333333333334,sa,53Q_depth_Sycamore_large_None_1_2.55_no.7
tokyo,1.041237113402062,1.108695652173913,sa,20Q_gate_Tokyo_large_1_4_1.5_no.7
sycamore,2.456140350877193,3.8421052631578947,sabre,53Q_depth_Sycamore_large_None_1_1.5_no.2
tokyo,1.911764705882353,2.392857142857143,sa,20Q_gate_Tokyo_large_2_4_1.5_no.4
rochester,7.846153846153846,8.867924528301886,random,53Q_gate_Rochester_large_2_3_1.5_no.2
sycamore,5.76056338028169,5.601286173633441,random,53Q_gate_Sycamore_small_2_15_1.5_no.2
rochester,5.724137931034483,8.752808988764045,sa,53Q_gate_Rochester_small_2_2_1.5_no.7
sycamore,6.32,7.662983425414365,random,53Q_depth_Sycamore_large_None_1_1.5_no.4
sycamore,4.126760563380282,5.615384615384615,identity,53Q_gate_Sycamore_small_2_10_1.5_no.4
sycamore,4.910891089108911,6.270769230769231,identity,53Q_gate_Sycamore_small_2_20_1.5_no.6
sycamore,4.371428571428571,6.469387755102041,identity,53Q_depth_Sycamore_small_None_3_1.5_no.0
rochester,4.458333333333333,7.123287671232877,sa,53Q_gate_Rochester_large_1_0_1.5_no.7
sycamore,3.2795698924731185,5.487704918032787,sa,53Q_depth_Sycamore_small_None_2_1.5_no.8
sycamore,4.4,4.211055276381909,sa,53Q_gate_Sycamore_small_1_15_1.5_no.6
rochester,7.056179775280899,7.72972972972973,random,53Q_gate_Rochester_large_2_25_1.5_no.0
sycamore,5.940397350993377,5.0595567867036015,random,53Q_gate_Sycamore_large_1_25_1.5_no.0
tokyo,1.8923076923076922,2.834090909090909,sabre,20Q_depth_Tokyo_large_None_10_2.55_no.4
sycamore,6.253521126760563,4.789244186046512,identity,53Q_gate_Sycamore_large_2_25_1.5_no.2
sycamore,4.9772727272727275,5.010781671159029,identity,53Q_gate_Sycamore_large_2_15_1.5_no.0
rochester,2.877551020408163,5.38655462184874,sabre,53Q_gate_Rochester_small_2_15_1.5_no.6
tokyo,1.3673469387755102,1.6666666666666667,sa,20Q_gate_Tokyo_large_1_0_1.5_no.6
rochester,7.878048780487805,8.672131147540984,random,53Q_gate_Rochester_large_1_4_1.5_no.5
sycamore,6.416666666666667,5.851674641148326,random,53Q_depth_Sycamore_large_None_2_2.55_no.2
sycamore,5.555555555555555,6.556338028169014,identity,53Q_gate_Sycamore_small_2_1_1.5_no.2
rochester,6.846715328467154,7.359621451104101,identity,53Q_gate_Rochester_large_1_25_1.5_no.3
tokyo,1.5357142857142858,1.609375,sa,20Q_gate_Tokyo_large_2_0_1.5_no.5
tokyo,1.7888198757763976,2.228301886792453,sabre,20Q_gate_Tokyo_large_1_25_1.5_no.2
sycamore,3.9918032786885247,4.438356164383562,sa,53Q_gate_Sycamore_small_2_25_1.5_no.9
sycamore,5.762711864406779,5.6092715231788075,random,53Q_depth_Sycamore_large_None_4_2.55_no.8
sycamore,6.276785714285714,6.022132796780684,random,53Q_depth_Sycamore_large_None_5_1.5_no.6
sycamore,3.765957446808511,4.132596685082873,sabre,53Q_gate_Sycamore_large_2_5_1.5_no.9
rochester,5.19672131147541,10.568181818181818,identity,53Q_depth_Rochester_small_None_2_2.55_no.5
rochester,5.01063829787234,12.578947368421053,identity,53Q_depth_Rochester_small_None_3_2.55_no.2
rochester,7.787878787878788,8.26086956521739,random,53Q_gate_Rochester_small_2_15_1.5_no.8
sycamore,3.422222222222222,4.02803738317757,sa,53Q_gate_Sycamore_large_2_25_1.5_no.5
tokyo,1.7228915662650603,2.9245283018867925,random,20Q_gate_Tokyo_large_1_3_1.5_no.7
tokyo,2.2142857142857144,2.40625,sa,20Q_depth_Tokyo_large_None_4_2.55_no.0
tokyo,1.6607142857142858,2.95,identity,20Q_depth_Tokyo_large_None_2_1.5_no.7
rochester,4.975,7.624,sa,53Q_depth_Rochester_large_None_1_2.55_no.0
rochester,5.486725663716814,6.331288343558282,sabre,53Q_depth_Rochester_large_None_10_1.5_no.3
tokyo,2.453333333333333,2.460526315789474,identity,20Q_gate_Tokyo_large_1_20_1.5_no.5
rochester,4.026666666666666,8.610169491525424,sa,53Q_depth_Rochester_large_None_3_1.5_no.7
rochester,5.222222222222222,6.957746478873239,sa,53Q_gate_Rochester_large_2_4_1.5_no.2
sycamore,5.885714285714286,7.127118644067797,identity,53Q_gate_Sycamore_small_2_2_1.5_no.5
sycamore,4.044303797468355,5.74,random,53Q_depth_Sycamore_large_None_5_2.55_no.1
tokyo,1.062111801242236,1.1584905660377358,sa,20Q_gate_Tokyo_large_1_25_1.5_no.2
rochester,1.8555555555555556,6.535714285714286,sa,53Q_depth_Rochester_small_None_1_2.55_no.5
rochester,7.708333333333333,13.534246575342467,random,53Q_gate_Rochester_large_1_0_1.5_no.7
sycamore,2.5962732919254656,4.124711316397229,sabre,53Q_gate_Sycamore_large_1_15_1.5_no.6
tokyo,2.5576923076923075,2.9306930693069306,random,20Q_depth_Tokyo_large_None_1_1.5_no.7
tokyo,2.0657894736842106,2.8358208955223883,identity,20Q_depth_Tokyo_large_None_2_1.5_no.9
rochester,7.456140350877193,7.38,identity,53Q_gate_Rochester_large_1_10_1.5_no.2
tokyo,2.2974683544303796,3.161764705882353,random,20Q_depth_Tokyo_large_None_4_2.55_no.2
sycamore,3.4198895027624308,4.46374829001368,sa,53Q_depth_Sycamore_small_None_10_1.5_no.2
sycamore,4.0,6.794520547945205,identity,53Q_gate_Sycamore_large_2_3_1.5_no.6
tokyo,1.8241758241758241,2.0693069306930694,sa,20Q_depth_Tokyo_large_None_3_1.5_no.6
rochester,8.45945945945946,9.438709677419356,identity,53Q_gate_Rochester_large_2_5_1.5_no.9
tokyo,1.6167664670658684,2.4900662251655628,sabre,20Q_depth_Tokyo_large_None_3_2.55_no.2
tokyo,1.1607142857142858,1.5434782608695652,sa,20Q_depth_Tokyo_large_None_2_2.55_no.3
sycamore,4.1603053435114505,4.951573849878935,sa,53Q_depth_Sycamore_large_None_5_2.55_no.4
sycamore,3.382978723404255,6.861538461538461,identity,53Q_depth_Sycamore_large_None_2_1.5_no.8
rochester,5.415094339622642,7.493421052631579,sa,53Q_depth_Rochester_large_None_5_2.55_no.2
rochester,4.306930693069307,9.50561797752809,identity,53Q_depth_Rochester_small_None_5_1.5_no.1
rochester,3.52212389380531,6.023489932885906,sa,53Q_depth_Rochester_small_None_5_2.55_no.7
rochester,8.13888888888889,11.175,identity,53Q_depth_Rochester_large_None_1_2.55_no.6
sycamore,1.8,6.980263157894737,identity,53Q_depth_Sycamore_small_None_1_2.55_no.5
sycamore,4.931818181818182,6.407407407407407,random,53Q_gate_Sycamore_large_1_2_1.5_no.0
sycamore,2.537037037037037,4.656565656565657,sabre,53Q_depth_Sycamore_small_None_3_1.5_no.7
tokyo,2.056179775280899,2.8523489932885906,identity,20Q_gate_Tokyo_large_2_20_1.5_no.0
rochester,4.4411764705882355,5.299212598425197,sabre,53Q_gate_Rochester_large_2_2_1.5_no.0
rochester,3.3684210526315788,5.171875,sabre,53Q_gate_Rochester_small_1_4_1.5_no.6
rochester,7.361702127659575,8.662049861495845,identity,53Q_gate_Rochester_small_2_25_1.5_no.1
sycamore,4.826086956521739,6.111731843575419,random,53Q_gate_Sycamore_small_2_4_1.5_no.6
tokyo,1.9565217391304348,2.9065420560747666,identity,20Q_gate_Tokyo_large_1_10_1.5_no.8
sycamore,4.425531914893617,3.937869822485207,sabre,53Q_gate_Sycamore_large_2_15_1.5_no.3
tokyo,1.4878048780487805,1.9107142857142858,sa,20Q_gate_Tokyo_large_1_1_1.5_no.2
tokyo,1.8043478260869565,2.217391304347826,sa,20Q_gate_Tokyo_large_2_1_1.5_no.1
sycamore,5.558441558441558,6.26890756302521,random,53Q_gate_Sycamore_small_1_10_1.5_no.1
tokyo,1.3611111111111112,2.5099337748344372,sa,20Q_depth_Tokyo_large_None_3_2.55_no.4
rochester,5.431818181818182,11.213235294117647,identity,53Q_gate_Rochester_large_2_3_1.5_no.9
sycamore,3.8967741935483873,7.367164179104478,identity,53Q_depth_Sycamore_large_None_4_1.5_no.8
sycamore,5.8765432098765435,6.092356687898089,identity,53Q_gate_Sycamore_small_1_15_1.5_no.3
sycamore,5.06015037593985,5.147368421052631,identity,53Q_gate_Sycamore_small_1_25_1.5_no.1
sycamore,5.612903225806452,6.683168316831683,random,53Q_depth_Sycamore_small_None_3_1.5_no.2
sycamore,4.736111111111111,4.477653631284916,sa,53Q_gate_Sycamore_large_1_10_1.5_no.9
rochester,3.973684210526316,6.0,sa,53Q_gate_Rochester_small_2_2_1.5_no.0
rochester,5.2592592592592595,8.813953488372093,sa,53Q_gate_Rochester_large_1_0_1.5_no.0
rochester,5.052631578947368,4.830882352941177,sabre,53Q_gate_Rochester_large_2_20_1.5_no.7
sycamore,2.58974358974359,4.757894736842105,sabre,53Q_depth_Sycamore_large_None_5_2.55_no.9
sycamore,3.72,4.454225352112676,sa,53Q_gate_Sycamore_small_1_10_1.5_no.5
rochester,3.8333333333333335,7.486486486486487,sabre,53Q_gate_Rochester_small_2_0_1.5_no.8
sycamore,2.361963190184049,4.617647058823529,sabre,53Q_depth_Sycamore_small_None_3_2.55_no.8
sycamore,4.137755102040816,5.404040404040404,identity,53Q_gate_Sycamore_large_1_20_1.5_no.5
sycamore,5.694444444444445,5.566765578635015,identity,53Q_gate_Sycamore_large_1_10_1.5_no.7
sycamore,4.102564102564102,7.861702127659575,random,53Q_gate_Sycamore_small_1_0_1.5_no.8
rochester,8.046875,7.953068592057762,identity,53Q_gate_Rochester_small_1_15_1.5_no.9
rochester,3.985294117647059,11.411764705882353,random,53Q_gate_Rochester_large_2_2_1.5_no.6
tokyo,1.6979865771812082,2.7,sabre,20Q_depth_Tokyo_large_None_10_2.55_no.3
rochester,7.2105263157894735,5.6482758620689655,sabre,53Q_gate_Rochester_large_2_20_1.5_no.9
sycamore,6.595238095238095,6.710843373493976,identity,53Q_gate_Sycamore_large_1_2_1.5_no.9
sycamore,5.59433962264151,4.89002557544757,sabre,53Q_depth_Sycamore_large_None_5_2.55_no.7
sycamore,4.711864406779661,6.018518518518518,sa,53Q_depth_Sycamore_large_None_1_2.55_no.0
sycamore,5.802631578947368,5.352380952380952,sa,53Q_depth_Sycamore_large_None_3_1.5_no.2
rochester,5.4,5.1045454545454545,sabre,53Q_gate_Rochester_small_1_10_1.5_no.5
rochester,4.705882352941177,6.164948453608248,sabre,53Q_depth_Rochester_small_None_1_1.5_no.9
rochester,4.805555555555555,10.711864406779661,identity,53Q_depth_Rochester_small_None_5_2.55_no.1
rochester,5.023809523809524,9.511904761904763,identity,53Q_depth_Rochester_small_None_4_2.55_no.6
tokyo,1.7333333333333334,1.6369863013698631,sa,20Q_gate_Tokyo_large_1_5_1.5_no.3
rochester,4.53125,4.455445544554456,sa,53Q_gate_Rochester_large_2_15_1.5_no.8
tokyo,1.7117437722419928,2.488,sa,20Q_depth_Tokyo_large_None_5_2.55_no.7
sycamore,2.6,5.927868852459016,sabre,53Q_depth_Sycamore_small_None_3_2.55_no.6
rochester,7.166666666666667,8.75,sabre,53Q_gate_Rochester_small_2_0_1.5_no.6
tokyo,1.7567567567567568,2.293103448275862,sa,20Q_gate_Tokyo_large_2_5_1.5_no.0
rochester,2.0211267605633805,7.253968253968254,sabre,53Q_depth_Rochester_small_None_3_2.55_no.0
sycamore,6.294117647058823,7.0,random,53Q_gate_Sycamore_small_1_0_1.5_no.6
rochester,2.234567901234568,5.925675675675675,sabre,53Q_gate_Rochester_small_1_4_1.5_no.8
tokyo,3.6363636363636362,3.22972972972973,identity,20Q_gate_Tokyo_large_2_1_1.5_no.5
sycamore,4.2727272727272725,7.08955223880597,random,53Q_gate_Sycamore_small_2_4_1.5_no.8
sycamore,2.6805555555555554,4.357954545454546,sabre,53Q_gate_Sycamore_small_1_5_1.5_no.2
sycamore,3.767123287671233,5.69811320754717,sa,53Q_depth_Sycamore_small_None_1_2.55_no.8
tokyo,1.4,3.0,identity,20Q_gate_Tokyo_large_2_0_1.5_no.0
sycamore,3.315315315315315,4.690184049079755,sabre,53Q_depth_Sycamore_small_None_3_1.5_no.9
rochester,1.7457627118644068,6.04,sabre,53Q_depth_Rochester_small_None_2_2.55_no.9
sycamore,3.693877551020408,4.303370786516854,sabre,53Q_gate_Sycamore_small_1_4_1.5_no.7
sycamore,2.303448275862069,4.704206241519675,sa,53Q_depth_Sycamore_small_None_10_2.55_no.9
rochester,4.219512195121951,9.719780219780219,random,53Q_gate_Rochester_large_1_5_1.5_no.1
rochester,5.604651162790698,10.775119617224881,identity,53Q_depth_Rochester_large_None_3_2.55_no.9
sycamore,6.175257731958763,6.070731707317073,random,53Q_gate_Sycamore_large_2_20_1.5_no.3
rochester,4.78125,5.699300699300699,sa,53Q_gate_Rochester_large_1_4_1.5_no.8
sycamore,2.161290322580645,9.364705882352942,random,53Q_gate_Sycamore_small_1_0_1.5_no.9
rochester,3.4893617021276597,4.795302013422819,sa,53Q_gate_Rochester_small_1_15_1.5_no.3
rochester,1.64,6.6,sabre,53Q_gate_Rochester_small_2_0_1.5_no.9
sycamore,2.409356725146199,3.8922155688622753,sabre,53Q_depth_Sycamore_small_None_3_2.55_no.9
tokyo,1.8759124087591241,2.263157894736842,sabre,20Q_gate_Tokyo_large_2_15_1.5_no.2
sycamore,3.967032967032967,4.213197969543147,sa,53Q_gate_Sycamore_small_1_15_1.5_no.9
sycamore,3.2616822429906542,3.9922279792746114,sabre,53Q_gate_Sycamore_small_2_20_1.5_no.2
sycamore,5.81651376146789,6.426086956521739,random,53Q_depth_Sycamore_large_None_5_1.5_no.2
rochester,2.9930555555555554,6.125423728813559,sa,53Q_depth_Rochester_small_None_5_2.55_no.1
sycamore,4.961165048543689,4.3532934131736525,sa,53Q_gate_Sycamore_large_1_15_1.5_no.5
rochester,6.5,11.241379310344827,random,53Q_depth_Rochester_small_None_3_1.5_no.4
rochester,3.1,11.556603773584905,random,53Q_depth_Rochester_large_None_1_1.5_no.9
tokyo,2.045801526717557,2.2602230483271377,sa,20Q_depth_Tokyo_large_None_5_1.5_no.0
sycamore,5.745901639344262,6.804532577903683,identity,53Q_depth_Sycamore_large_None_3_2.55_no.4
sycamore,3.03125,4.56563245823389,sabre,53Q_depth_Sycamore_large_None_5_2.55_no.8
tokyo,2.7857142857142856,3.0,random,20Q_gate_Tokyo_large_2_0_1.5_no.7
rochester,3.5211267605633805,5.561643835616438,sa,53Q_depth_Rochester_large_None_5_2.55_no.4
rochester,6.714285714285714,6.215496368038741,sabre,53Q_gate_Rochester_large_2_20_1.5_no.6
rochester,3.409090909090909,6.165680473372781,sa,53Q_gate_Rochester_small_2_5_1.5_no.2
sycamore,5.491124260355029,6.266094420600858,identity,53Q_depth_Sycamore_small_None_5_2.55_no.7
sycamore,4.064102564102564,5.864541832669323,random,53Q_gate_Sycamore_small_1_10_1.5_no.0
rochester,4.566371681415929,5.591254752851711,sabre,53Q_depth_Rochester_large_None_10_1.5_no.7
sycamore,4.10752688172043,6.668032786885246,identity,53Q_depth_Sycamore_small_None_2_1.5_no.8
sycamore,5.769230769230769,6.233480176211454,identity,53Q_gate_Sycamore_large_1_5_1.5_no.0
rochester,5.5,6.443298969072165,sabre,53Q_gate_Rochester_large_2_2_1.5_no.1
sycamore,3.4549763033175354,5.982142857142857,random,53Q_depth_Sycamore_large_None_5_2.55_no.5
sycamore,1.8843537414965987,4.451048951048951,sabre,53Q_depth_Sycamore_small_None_3_1.5_no.6
sycamore,5.928571428571429,6.827586206896552,random,53Q_gate_Sycamore_large_1_2_1.5_no.1
sycamore,4.857142857142857,6.042168674698795,random,53Q_gate_Sycamore_small_2_4_1.5_no.7
rochester,6.3,12.219178082191782,random,53Q_gate_Rochester_large_1_0_1.5_no.3
rochester,5.823008849557522,9.720930232558139,identity,53Q_depth_Rochester_small_None_5_2.55_no.4
rochester,5.295918367346939,10.411764705882353,identity,53Q_depth_Rochester_small_None_4_2.55_no.3
rochester,8.032786885245901,9.720430107526882,random,53Q_depth_Rochester_large_None_5_1.5_no.6
tokyo,1.8296703296703296,2.77,random,20Q_depth_Tokyo_large_None_4_2.55_no.4
rochester,1.8888888888888888,5.702702702702703,sabre,53Q_gate_Rochester_small_1_4_1.5_no.7
rochester,6.0246913580246915,5.144549763033176,sa,53Q_gate_Rochester_large_2_25_1.5_no.7
rochester,3.8863636363636362,7.732824427480916,sa,53Q_depth_Rochester_small_None_1_2.55_no.3
tokyo,1.6266666666666667,2.8876404494382024,random,20Q_depth_Tokyo_large_None_1_1.5_no.1
sycamore,4.773584905660377,6.406976744186046,identity,53Q_gate_Sycamore_small_1_4_1.5_no.3
sycamore,5.701754385964913,5.302788844621514,random,53Q_gate_Sycamore_large_2_20_1.5_no.2
sycamore,3.1366906474820144,4.90084985835694,sa,53Q_depth_Sycamore_large_None_4_1.5_no.0
sycamore,2.490566037735849,6.502958579881657,random,53Q_gate_Sycamore_small_2_4_1.5_no.9
rochester,3.4358974358974357,5.055555555555555,sabre,53Q_gate_Rochester_small_1_4_1.5_no.9
rochester,4.583333333333333,5.9,sa,53Q_depth_Rochester_large_None_1_2.55_no.6
rochester,3.6,6.38125,sa,53Q_depth_Rochester_large_None_3_1.5_no.1
tokyo,1.4360655737704917,1.6402439024390243,sa,20Q_gate_Tokyo_large_1_25_1.5_no.6
rochester,7.824324324324325,6.471032745591939,identity,53Q_gate_Rochester_large_1_15_1.5_no.7
rochester,7.797297297297297,7.1784702549575075,random,53Q_gate_Rochester_large_1_10_1.5_no.8
sycamore,3.6842105263157894,5.055084745762712,sabre,53Q_depth_Sycamore_small_None_3_1.5_no.8
tokyo,1.4344262295081966,2.8121827411167515,sabre,20Q_depth_Tokyo_large_None_4_2.55_no.9
sycamore,3.716666666666667,6.125,sa,53Q_depth_Sycamore_small_None_1_1.5_no.5
sycamore,3.152173913043478,7.633333333333334,random,53Q_gate_Sycamore_small_1_0_1.5_no.7
tokyo,2.0952380952380953,2.573943661971831,random,20Q_gate_Tokyo_large_1_15_1.5_no.5
sycamore,1.544378698224852,4.972696245733788,sabre,53Q_depth_Sycamore_small_None_3_2.55_no.7
rochester,2.3448275862068964,5.726027397260274,sabre,53Q_gate_Rochester_small_2_0_1.5_no.7
rochester,3.065934065934066,11.515151515151516,identity,53Q_depth_Rochester_small_None_1_2.55_no.8
sycamore,3.219178082191781,5.088832487309645,sabre,53Q_depth_Sycamore_large_None_5_2.55_no.6
rochester,8.357142857142858,9.535714285714286,random,53Q_gate_Rochester_small_1_5_1.5_no.8
rochester,4.578947368421052,3.969543147208122,sabre,53Q_gate_Rochester_large_2_20_1.5_no.8
rochester,4.672131147540983,5.047794117647059,sabre,53Q_gate_Rochester_small_1_10_1.5_no.4
sycamore,2.1473214285714284,5.452127659574468,sa,53Q_depth_Sycamore_small_None_2_2.55_no.7
rochester,8.131578947368421,12.52,identity,53Q_depth_Rochester_large_None_1_2.55_no.3
sycamore,5.129032258064516,6.9714285714285715,identity,53Q_gate_Sycamore_large_2_0_1.5_no.0
rochester,5.178947368421053,8.100719424460431,identity,53Q_gate_Rochester_small_2_20_1.5_no.4
tokyo,2.1358024691358026,2.9245283018867925,identity,20Q_depth_Tokyo_large_None_2_1.5_no.6
rochester,5.193181818181818,8.922222222222222,identity,53Q_depth_Rochester_small_None_5_1.5_no.4
tokyo,2.2028985507246377,3.009433962264151,random,20Q_gate_Tokyo_large_1_4_1.5_no.5
rochester,6.953488372093023,5.340681362725451,sa,53Q_gate_Rochester_large_1_20_1.5_no.1
sycamore,4.08130081300813,4.275711159737418,sa,53Q_gate_Sycamore_large_2_20_1.5_no.9
rochester,3.0,6.2784810126582276,sa,53Q_gate_Rochester_small_1_1_1.5_no.0
sycamore,2.7891156462585034,6.076923076923077,random,53Q_depth_Sycamore_small_None_3_1.5_no.6
sycamore,4.735849056603773,4.04,sabre,53Q_gate_Sycamore_small_1_20_1.5_no.7
rochester,4.352941176470588,6.520833333333333,sa,53Q_gate_Rochester_large_2_3_1.5_no.0
sycamore,5.153846153846154,7.762711864406779,random,53Q_depth_Sycamore_small_None_1_2.55_no.9
tokyo,1.7352941176470589,2.0636363636363635,sa,20Q_gate_Tokyo_large_2_5_1.5_no.4
tokyo,2.0,2.7430167597765363,random,20Q_gate_Tokyo_large_2_10_1.5_no.3
sycamore,5.376344086021505,4.728365384615385,sa,53Q_gate_Sycamore_small_2_20_1.5_no.5
rochester,3.140845070422535,12.733333333333333,random,53Q_gate_Rochester_large_2_2_1.5_no.2
tokyo,1.2777777777777777,1.6304347826086956,sa,20Q_gate_Tokyo_large_1_5_1.5_no.7
sycamore,5.027397260273973,6.113360323886639,identity,53Q_gate_Sycamore_small_2_10_1.5_no.5
tokyo,1.6615384615384616,2.963636363636364,identity,20Q_gate_Tokyo_large_1_1_1.5_no.3
sycamore,3.8095238095238093,4.298013245033113,sabre,53Q_gate_Sycamore_small_2_5_1.5_no.4
sycamore,4.94,4.760765550239235,identity,53Q_gate_Sycamore_small_2_20_1.5_no.7
tokyo,1.469387755102041,2.933333333333333,identity,20Q_gate_Tokyo_large_1_0_1.5_no.6
sycamore,4.18232044198895,5.6169630642954855,identity,53Q_depth_Sycamore_small_None_10_1.5_no.2
sycamore,3.3877551020408165,4.88125,sabre,53Q_gate_Sycamore_small_2_4_1.5_no.1
tokyo,2.018867924528302,2.65,identity,20Q_gate_Tokyo_large_1_3_1.5_no.9
sycamore,5.333333333333333,5.003521126760563,identity,53Q_gate_Sycamore_large_2_25_1.5_no.3
sycamore,5.738095238095238,5.697604790419161,identity,53Q_gate_Sycamore_large_2_15_1.5_no.1
tokyo,2.1296296296296298,2.1941747572815533,sa,20Q_depth_Tokyo_large_None_1_2.55_no.0
rochester,7.77027027027027,9.7,identity,53Q_depth_Rochester_large_None_4_2.55_no.8
rochester,3.311688311688312,5.7055837563451774,sabre,53Q_depth_Rochester_small_None_3_2.55_no.4
rochester,3.490566037735849,4.9375,sa,53Q_gate_Rochester_small_2_10_1.5_no.5
rochester,5.797101449275362,12.571428571428571,identity,53Q_depth_Rochester_small_None_2_2.55_no.0
rochester,9.587301587301587,11.53,identity,53Q_depth_Rochester_small_None_3_2.55_no.7
sycamore,2.763440860215054,6.822535211267605,identity,53Q_depth_Sycamore_small_None_4_1.5_no.8
rochester,8.0,13.275862068965518,identity,53Q_gate_Rochester_small_1_0_1.5_no.9
sycamore,2.676767676767677,7.447368421052632,identity,53Q_gate_Sycamore_small_2_1_1.5_no.3
rochester,5.326530612244898,7.717073170731707,random,53Q_gate_Rochester_large_1_5_1.5_no.5
tokyo,2.2857142857142856,3.007518796992481,identity,20Q_depth_Tokyo_large_None_2_1.5_no.8
rochester,2.9761904761904763,6.0,sa,53Q_gate_Rochester_small_1_5_1.5_no.8
tokyo,1.4848484848484849,1.0810810810810811,sa,20Q_gate_Tokyo_large_2_1_1.5_no.5
tokyo,1.3846153846153846,1.981818181818182,sa,20Q_gate_Tokyo_large_1_1_1.5_no.6
sycamore,4.87012987012987,5.888743455497382,identity,53Q_depth_Sycamore_small_None_10_2.55_no.3
sycamore,4.045454545454546,4.0889487870619945,sabre,53Q_gate_Sycamore_large_2_15_1.5_no.0
sycamore,2.07,5.381578947368421,sa,53Q_depth_Sycamore_small_None_1_1.5_no.2
sycamore,3.276595744680851,6.653061224489796,random,53Q_gate_Sycamore_small_2_15_1.5_no.3
sycamore,5.294736842105263,6.488888888888889,random,53Q_depth_Sycamore_large_None_4_1.5_no.6
tokyo,1.8578680203045685,2.6812080536912752,random,20Q_gate_Tokyo_large_1_15_1.5_no.2
sycamore,4.75,5.005235602094241,sabre,53Q_depth_Sycamore_large_None_1_1.5_no.3
rochester,3.0632911392405062,9.918181818181818,identity,53Q_gate_Rochester_small_1_4_1.5_no.4
tokyo,2.169491525423729,2.8132911392405062,identity,20Q_gate_Tokyo_large_2_20_1.5_no.3
sycamore,4.091503267973856,3.7124463519313307,sabre,53Q_gate_Sycamore_large_1_25_1.5_no.8
rochester,3.8016528925619837,8.606741573033707,sabre,53Q_depth_Rochester_small_None_4_2.55_no.7
sycamore,4.021978021978022,5.891304347826087,sa,53Q_depth_Sycamore_small_None_2_2.55_no.0
rochester,7.563380281690141,7.384057971014493,random,53Q_gate_Rochester_large_2_20_1.5_no.2
tokyo,2.338129496402878,3.2289719626168223,identity,20Q_depth_Tokyo_large_None_4_1.5_no.4
rochester,6.022471910112359,5.422604422604422,sa,53Q_gate_Rochester_large_2_25_1.5_no.0
rochester,3.0806451612903225,7.675675675675675,sa,53Q_depth_Rochester_small_None_1_2.55_no.2
tokyo,2.0833333333333335,2.664516129032258,random,20Q_gate_Tokyo_large_2_4_1.5_no.8
rochester,6.466666666666667,10.688073394495413,identity,53Q_gate_Rochester_small_2_4_1.5_no.2
sycamore,4.677777777777778,4.959079283887468,sa,53Q_depth_Sycamore_large_None_4_1.5_no.7
rochester,8.56338028169014,8.470394736842104,identity,53Q_gate_Rochester_small_2_15_1.5_no.5
tokyo,2.8666666666666667,3.340659340659341,random,20Q_depth_Tokyo_large_None_1_1.5_no.0
rochester,3.5434782608695654,4.718934911242603,sabre,53Q_gate_Rochester_small_2_15_1.5_no.9
sycamore,5.811111111111111,6.745967741935484,identity,53Q_depth_Sycamore_large_None_2_2.55_no.8
sycamore,2.586206896551724,7.314285714285714,identity,53Q_gate_Sycamore_small_2_2_1.5_no.4
rochester,5.645161290322581,12.488636363636363,random,53Q_gate_Rochester_large_1_1_1.5_no.7
sycamore,4.766666666666667,5.814516129032258,sa,53Q_depth_Sycamore_large_None_2_2.55_no.8
rochester,3.8142857142857145,7.172413793103448,sa,53Q_depth_Rochester_large_None_3_1.5_no.0
rochester,4.614754098360656,4.156118143459915,sabre,53Q_gate_Rochester_large_1_25_1.5_no.5
rochester,2.704081632653061,7.556451612903226,sa,53Q_depth_Rochester_large_None_1_2.55_no.7
rochester,6.282051282051282,7.7226277372262775,sa,53Q_gate_Rochester_small_2_5_1.5_no.5
rochester,7.7,12.20754716981132,identity,53Q_gate_Rochester_large_1_2_1.5_no.7
sycamore,5.0396825396825395,6.556025369978858,identity,53Q_depth_Sycamore_large_None_5_1.5_no.0
tokyo,2.4444444444444446,2.661764705882353,random,20Q_depth_Tokyo_large_None_4_2.55_no.5
rochester,7.10377358490566,6.572301425661914,random,53Q_gate_Rochester_small_1_25_1.5_no.6
rochester,6.431372549019608,6.339449541284404,sabre,53Q_gate_Rochester_small_2_15_1.5_no.7
tokyo,1.2536585365853659,2.21875,sa,20Q_depth_Tokyo_large_None_3_2.55_no.9
sycamore,2.6372549019607843,5.843373493975903,identity,53Q_gate_Sycamore_large_2_3_1.5_no.7
tokyo,2.3333333333333335,2.769230769230769,sabre,20Q_gate_Tokyo_large_2_10_1.5_no.1
rochester,4.8,5.144329896907217,sa,53Q_gate_Rochester_small_1_15_1.5_no.4
rochester,3.895238095238095,6.748175182481752,sa,53Q_depth_Rochester_small_None_5_2.55_no.0
tokyo,2.8222222222222224,3.241758241758242,identity,20Q_gate_Tokyo_large_2_2_1.5_no.9
sycamore,5.513698630136986,4.862068965517241,random,53Q_gate_Sycamore_large_1_25_1.5_no.1
tokyo,1.6142857142857143,3.210526315789474,identity,20Q_gate_Tokyo_large_2_1_1.5_no.6
rochester,5.427083333333333,6.873376623376624,sa,53Q_depth_Rochester_large_None_5_2.55_no.5
sycamore,3.8157894736842106,4.07361963190184,sa,53Q_gate_Sycamore_large_1_10_1.5_no.6
tokyo,1.391025641025641,2.1538461538461537,sa,20Q_depth_Tokyo_large_None_4_1.5_no.1
sycamore,4.076923076923077,4.445544554455446,sabre,53Q_gate_Sycamore_small_1_5_1.5_no.1
tokyo,1.653061224489796,2.8666666666666667,identity,20Q_gate_Tokyo_large_2_0_1.5_no.3
rochester,7.533333333333333,12.164948453608247,identity,53Q_gate_Rochester_large_2_2_1.5_no.1
tokyo,1.1082251082251082,1.222488038277512,sa,20Q_gate_Tokyo_large_1_20_1.5_no.3
sycamore,4.0,3.8860759493670884,sabre,53Q_gate_Sycamore_small_1_4_1.5_no.4
tokyo,1.3818181818181818,3.3333333333333335,random,20Q_gate_Tokyo_large_2_0_1.5_no.0
rochester,3.5454545454545454,10.487804878048781,identity,53Q_gate_Rochester_large_1_4_1.5_no.7
sycamore,3.9263157894736844,6.525735294117647,identity,53Q_depth_Sycamore_large_None_3_1.5_no.0
rochester,7.0181818181818185,9.721238938053098,identity,53Q_depth_Rochester_small_None_4_1.5_no.6
tokyo,1.320754716981132,2.0,sa,20Q_gate_Tokyo_large_2_0_1.5_no.1
tokyo,1.448,2.011627906976744,sabre,20Q_depth_Tokyo_large_None_3_1.5_no.8
tokyo,2.074074074074074,2.078125,sa,20Q_gate_Tokyo_large_1_0_1.5_no.2
rochester,7.2727272727272725,7.0,random,53Q_gate_Rochester_small_1_20_1.5_no.0
sycamore,5.72463768115942,7.366412213740458,random,53Q_depth_Sycamore_small_None_2_1.5_no.2
rochester,2.074468085106383,7.309278350515464,sabre,53Q_depth_Rochester_large_None_1_2.55_no.2
sycamore,4.14935064935065,5.827669902912621,identity,53Q_gate_Sycamore_small_1_15_1.5_no.2
sycamore,4.330097087378641,4.317365269461078,sabre,53Q_gate_Sycamore_large_1_15_1.5_no.5
sycamore,5.078571428571428,5.053356282271945,identity,53Q_gate_Sycamore_small_1_25_1.5_no.0
sycamore,5.186813186813187,5.112068965517241,sabre,53Q_depth_Sycamore_large_None_4_2.55_no.9
rochester,3.577777777777778,4.74,sabre,53Q_gate_Rochester_large_2_4_1.5_no.3
sycamore,2.2554112554112553,6.058295964125561,sabre,53Q_depth_Sycamore_small_None_2_2.55_no.8
sycamore,5.7272727272727275,6.3023255813953485,random,53Q_gate_Sycamore_large_1_4_1.5_no.3
sycamore,3.4,4.336206896551724,sabre,53Q_depth_Sycamore_small_None_5_1.5_no.4
sycamore,4.942857142857143,7.0,random,53Q_gate_Sycamore_small_2_2_1.5_no.5
sycamore,4.711538461538462,4.624808575803981,identity,53Q_gate_Sycamore_large_1_20_1.5_no.4
rochester,7.34375,9.719424460431656,identity,53Q_gate_Rochester_large_2_4_1.5_no.1
rochester,5.083333333333333,5.909090909090909,sa,53Q_gate_Rochester_small_2_10_1.5_no.2
sycamore,5.25,5.47239263803681,identity,53Q_gate_Sycamore_large_1_10_1.5_no.6
rochester,6.675675675675675,11.090909090909092,random,53Q_gate_Rochester_large_2_3_1.5_no.6
rochester,2.9722222222222223,4.138461538461539,sabre,53Q_gate_Rochester_small_1_2_1.5_no.5
tokyo,2.392405063291139,2.51006711409396,identity,20Q_gate_Tokyo_large_1_20_1.5_no.6
sycamore,4.452830188679245,6.903743315508021,random,53Q_depth_Sycamore_large_None_1_1.5_no.0
sycamore,4.6,4.05955334987593,sabre,53Q_depth_Sycamore_large_None_4_2.55_no.7
rochester,5.241379310344827,9.224719101123595,sa,53Q_gate_Rochester_small_1_1_1.5_no.7
rochester,4.611111111111111,7.84,sa,53Q_gate_Rochester_large_2_3_1.5_no.7
sycamore,5.551020408163265,7.529411764705882,identity,53Q_gate_Sycamore_large_1_2_1.5_no.8
rochester,7.482758620689655,11.789915966386555,identity,53Q_depth_Rochester_large_None_1_1.5_no.7
rochester,7.737373737373737,6.459302325581396,random,53Q_gate_Rochester_large_2_25_1.5_no.4
rochester,6.818181818181818,11.663636363636364,identity,53Q_gate_Rochester_small_1_2_1.5_no.4
sycamore,3.907563025210084,4.289699570815451,sa,53Q_gate_Sycamore_small_2_25_1.5_no.6
tokyo,2.238532110091743,2.8545454545454545,random,20Q_gate_Tokyo_large_2_10_1.5_no.4
tokyo,1.553191489361702,2.1707317073170733,sa,20Q_gate_Tokyo_large_2_4_1.5_no.0
sycamore,2.7058823529411766,7.198979591836735,identity,53Q_depth_Sycamore_small_None_2_2.55_no.1
sycamore,2.6686046511627906,4.645418326693227,sabre,53Q_depth_Sycamore_small_None_2_2.55_no.6
tokyo,1.1585365853658536,1.0857142857142856,sa,20Q_gate_Tokyo_large_1_4_1.5_no.3
rochester,3.7666666666666666,4.328767123287672,sabre,53Q_gate_Rochester_large_1_0_1.5_no.3
rochester,7.073394495412844,7.468559837728194,identity,53Q_gate_Rochester_large_1_20_1.5_no.6
sycamore,5.529411764705882,7.818181818181818,random,53Q_gate_Sycamore_large_2_0_1.5_no.3
sycamore,4.058558558558558,7.401985111662531,identity,53Q_depth_Sycamore_large_None_4_2.55_no.2
rochester,9.2,10.141891891891891,identity,53Q_gate_Rochester_small_2_2_1.5_no.2
rochester,5.955555555555556,10.9,random,53Q_gate_Rochester_large_1_4_1.5_no.1
tokyo,1.8644067796610169,2.870967741935484,random,20Q_gate_Tokyo_large_1_4_1.5_no.2
rochester,4.871559633027523,5.52129817444219,sa,53Q_gate_Rochester_large_1_20_1.5_no.6
sycamore,5.5,6.819277108433735,random,53Q_depth_Sycamore_large_None_2_2.55_no.6
sycamore,3.5460992907801416,5.862595419847328,identity,53Q_depth_Sycamore_small_None_4_1.5_no.0
rochester,7.222222222222222,14.71951219512195,identity,53Q_gate_Rochester_small_1_0_1.5_no.1
rochester,8.285714285714286,7.349431818181818,random,53Q_gate_Rochester_small_2_25_1.5_no.0
tokyo,1.1587301587301588,1.2664092664092663,sa,20Q_gate_Tokyo_large_1_10_1.5_no.4
rochester,5.033333333333333,8.251336898395722,sa,53Q_depth_Rochester_small_None_3_1.5_no.9
sycamore,4.543103448275862,7.402298850574713,identity,53Q_depth_Sycamore_small_None_3_2.55_no.5
sycamore,3.528735632183908,7.924812030075188,random,53Q_gate_Sycamore_small_1_2_1.5_no.8
rochester,3.40625,6.708333333333333,sa,53Q_gate_Rochester_small_1_0_1.5_no.6
rochester,5.457142857142857,6.081632653061225,sabre,53Q_gate_Rochester_small_2_2_1.5_no.8
rochester,2.661764705882353,6.949579831932773,sa,53Q_gate_Rochester_large_2_2_1.5_no.6
rochester,3.2962962962962963,6.4,sabre,53Q_gate_Rochester_large_2_0_1.5_no.0
tokyo,1.5483870967741935,1.6371681415929205,sabre,20Q_gate_Tokyo_large_2_5_1.5_no.9
sycamore,5.694444444444445,7.75,random,53Q_gate_Sycamore_large_1_0_1.5_no.0
sycamore,5.681818181818182,4.754098360655738,sabre,53Q_depth_Sycamore_small_None_1_1.5_no.7
sycamore,5.232558139534884,6.531914893617022,identity,53Q_gate_Sycamore_large_2_1_1.5_no.2
tokyo,2.55,2.5,random,20Q_gate_Tokyo_large_1_5_1.5_no.3
sycamore,3.9315068493150687,6.4213197969543145,identity,53Q_depth_Sycamore_large_None_5_2.55_no.6
tokyo,2.0547945205479454,2.2083333333333335,sabre,20Q_gate_Tokyo_large_1_5_1.5_no.8
rochester,7.413793103448276,14.643835616438356,random,53Q_gate_Rochester_small_2_0_1.5_no.7
sycamore,4.856115107913669,4.351063829787234,sabre,53Q_gate_Sycamore_small_1_25_1.5_no.2
rochester,7.793103448275862,14.643835616438356,identity,53Q_gate_Rochester_small_2_0_1.5_no.7
tokyo,1.9078947368421053,2.388059701492537,sabre,20Q_depth_Tokyo_large_None_2_1.5_no.9
tokyo,1.8983050847457628,2.2815533980582523,sabre,20Q_depth_Tokyo_large_None_1_2.55_no.8
sycamore,4.3841059602649,3.7714681440443214,sa,53Q_gate_Sycamore_large_1_25_1.5_no.0
rochester,6.213114754098361,7.6286764705882355,identity,53Q_gate_Rochester_small_1_10_1.5_no.4
rochester,8.925,6.68,random,53Q_gate_Rochester_large_1_20_1.5_no.4
rochester,6.0,12.98404255319149,identity,53Q_depth_Rochester_large_None_2_1.5_no.0
sycamore,4.733333333333333,4.46524064171123,sabre,53Q_depth_Sycamore_small_None_1_1.5_no.9
rochester,6.1688311688311686,7.727611940298507,sabre,53Q_depth_Rochester_large_None_4_2.55_no.4
sycamore,2.0,6.931034482758621,identity,53Q_gate_Sycamore_small_2_0_1.5_no.1
tokyo,2.2641509433962264,2.4961439588688945,sabre,20Q_gate_Tokyo_large_2_25_1.5_no.7
sycamore,4.979166666666667,7.096774193548387,identity,53Q_depth_Sycamore_large_None_1_1.5_no.5
tokyo,2.0495049504950495,2.7950819672131146,identity,20Q_gate_Tokyo_large_1_4_1.5_no.6
sycamore,3.73109243697479,6.18523153942428,random,53Q_depth_Sycamore_large_None_10_2.55_no.9
sycamore,2.2125,5.724137931034483,sabre,53Q_gate_Sycamore_small_2_0_1.5_no.1
sycamore,5.558441558441558,5.675324675324675,identity,53Q_gate_Sycamore_small_2_15_1.5_no.8
tokyo,3.4,3.1575342465753424,identity,20Q_gate_Tokyo_large_1_5_1.5_no.3
sycamore,3.0,4.883720930232558,sabre,53Q_gate_Sycamore_small_2_1_1.5_no.4
sycamore,3.0317460317460316,4.37012987012987,sa,53Q_gate_Sycamore_large_2_3_1.5_no.9
sycamore,2.71505376344086,6.51830985915493,random,53Q_depth_Sycamore_small_None_4_1.5_no.8
tokyo,1.7964601769911503,2.9444444444444446,identity,20Q_depth_Tokyo_large_None_5_2.55_no.1
rochester,6.21875,6.77741935483871,sabre,53Q_depth_Rochester_large_None_5_1.5_no.1
rochester,6.281481481481482,8.422264875239923,identity,53Q_depth_Rochester_small_None_10_1.5_no.9
rochester,4.833333333333333,5.857142857142857,sabre,53Q_gate_Rochester_large_1_4_1.5_no.0
sycamore,1.838095238095238,4.415094339622642,sa,53Q_gate_Sycamore_large_1_3_1.5_no.8
sycamore,4.551724137931035,6.270642201834862,random,53Q_gate_Sycamore_large_2_4_1.5_no.0
sycamore,4.295454545454546,7.02054794520548,random,53Q_gate_Sycamore_small_1_2_1.5_no.6
rochester,2.028985507246377,6.223529411764706,sabre,53Q_gate_Rochester_small_2_2_1.5_no.6
tokyo,1.0943396226415094,1.4906542056074767,sa,20Q_gate_Tokyo_large_2_15_1.5_no.8
rochester,6.987654320987654,6.395734597156398,identity,53Q_gate_Rochester_large_2_25_1.5_no.7
rochester,7.923076923076923,9.082089552238806,random,53Q_depth_Rochester_large_None_4_1.5_no.4
rochester,4.876923076923077,8.970149253731343,sa,53Q_depth_Rochester_large_None_3_1.5_no.3
rochester,5.414634146341464,8.278688524590164,sa,53Q_depth_Rochester_large_None_1_2.55_no.4
rochester,7.925925925925926,5.3632,random,53Q_gate_Rochester_large_1_25_1.5_no.2
rochester,8.580357142857142,8.93421052631579,identity,53Q_depth_Rochester_large_None_10_1.5_no.2
sycamore,5.909090909090909,6.118483412322274,identity,53Q_gate_Sycamore_large_1_4_1.5_no.2
sycamore,6.161290322580645,5.979508196721311,random,53Q_gate_Sycamore_large_2_10_1.5_no.1
tokyo,1.7733333333333334,3.2048192771084336,random,20Q_depth_Tokyo_large_None_1_1.5_no.3
rochester,3.673076923076923,7.516393442622951,sa,53Q_depth_Rochester_small_None_1_2.55_no.1
rochester,5.945945945945946,7.15,sa,53Q_gate_Rochester_small_2_4_1.5_no.4
rochester,6.607142857142857,15.059701492537313,identity,53Q_gate_Rochester_large_1_0_1.5_no.2
sycamore,3.5045045045045047,3.7241379310344827,sabre,53Q_gate_Sycamore_small_2_25_1.5_no.7
sycamore,2.6904761904761907,3.8477801268498943,sabre,53Q_depth_Sycamore_large_None_5_1.5_no.0
rochester,5.7105263157894735,5.675862068965517,sa,53Q_gate_Rochester_large_2_20_1.5_no.9
rochester,3.7130434782608694,5.0611702127659575,sabre,53Q_gate_Rochester_small_1_20_1.5_no.7
sycamore,3.875,7.7534246575342465,random,53Q_depth_Sycamore_small_None_2_2.55_no.5
sycamore,3.6944444444444446,5.48695652173913,sa,53Q_gate_Sycamore_large_1_0_1.5_no.9
tokyo,1.9565217391304348,3.0,random,20Q_gate_Tokyo_large_2_1_1.5_no.1
rochester,7.363636363636363,12.977941176470589,random,53Q_depth_Rochester_small_None_2_1.5_no.6
rochester,6.821428571428571,14.275,identity,53Q_gate_Rochester_large_2_0_1.5_no.4
rochester,4.78125,11.736842105263158,random,53Q_gate_Rochester_small_1_2_1.5_no.6
sycamore,3.4545454545454546,3.574074074074074,sabre,53Q_gate_Sycamore_large_1_2_1.5_no.0
sycamore,5.461538461538462,4.908571428571428,sabre,53Q_gate_Sycamore_large_1_3_1.5_no.5
rochester,6.804597701149425,9.548828125,random,53Q_depth_Rochester_small_None_10_2.55_no.7
sycamore,3.3783783783783785,5.586538461538462,sa,53Q_gate_Sycamore_large_2_0_1.5_no.8
sycamore,5.2835820895522385,6.571428571428571,identity,53Q_depth_Sycamore_small_None_2_1.5_no.0
tokyo,1.3569321533923304,1.86986301369863,sa,20Q_depth_Tokyo_large_None_10_2.55_no.7
rochester,4.035714285714286,3.957345971563981,sabre,53Q_gate_Rochester_large_2_10_1.5_no.5
sycamore,5.211711711711712,5.685474189675871,identity,53Q_depth_Sycamore_large_None_10_1.5_no.3
rochester,3.4081632653061225,5.234285714285714,sabre,53Q_depth_Rochester_small_None_3_1.5_no.5
rochester,5.544554455445544,7.8789808917197455,sa,53Q_depth_Rochester_large_None_5_2.55_no.6
rochester,5.25,5.428893905191874,sabre,53Q_gate_Rochester_small_1_20_1.5_no.9
rochester,7.634146341463414,8.336134453781513,random,53Q_gate_Rochester_small_2_20_1.5_no.6
rochester,3.3636363636363638,6.217391304347826,sa,53Q_depth_Rochester_small_None_5_2.55_no.3
sycamore,2.365217391304348,4.311320754716981,sa,53Q_gate_Sycamore_small_2_10_1.5_no.0
tokyo,2.0954773869346734,3.013888888888889,random,20Q_depth_Tokyo_large_None_4_2.55_no.6
sycamore,3.3859649122807016,5.736263736263736,sa,53Q_depth_Sycamore_small_None_3_2.55_no.2
sycamore,6.269230769230769,5.975247524752476,identity,53Q_gate_Sycamore_small_1_5_1.5_no.1
sycamore,5.450980392156863,5.161520190023753,random,53Q_gate_Sycamore_small_1_20_1.5_no.3
tokyo,2.0226415094339623,2.633257403189066,sabre,20Q_depth_Tokyo_large_None_10_1.5_no.2
tokyo,2.4193548387096775,2.672566371681416,random,20Q_gate_Tokyo_large_2_5_1.5_no.9
sycamore,5.25,5.092555331991952,sa,53Q_depth_Sycamore_large_None_5_1.5_no.6
rochester,3.25,7.491803278688525,sabre,53Q_depth_Rochester_small_None_1_2.55_no.1
rochester,8.419354838709678,10.246268656716419,random,53Q_gate_Rochester_small_2_5_1.5_no.1
sycamore,3.3421052631578947,4.586466165413534,sabre,53Q_gate_Sycamore_large_2_2_1.5_no.5
sycamore,1.962162162162162,5.203947368421052,sabre,53Q_depth_Sycamore_small_None_1_2.55_no.5
tokyo,1.6527472527472526,2.6159090909090907,identity,20Q_depth_Tokyo_large_None_10_2.55_no.4
sycamore,5.045454545454546,4.389189189189189,sabre,53Q_gate_Sycamore_large_2_3_1.5_no.0
rochester,4.990196078431373,8.966153846153846,identity,53Q_depth_Rochester_large_None_5_1.5_no.8
sycamore,2.3617021276595747,8.251968503937007,identity,53Q_gate_Sycamore_small_1_2_1.5_no.9
rochester,4.588235294117647,4.23961661341853,sa,53Q_gate_Rochester_large_1_25_1.5_no.8
sycamore,3.0657894736842106,4.066666666666666,sabre,53Q_depth_Sycamore_large_None_3_1.5_no.2
sycamore,4.313432835820896,3.8540031397174253,sa,53Q_gate_Sycamore_large_1_20_1.5_no.3
sycamore,2.277310924369748,3.8197747183979973,sa,53Q_depth_Sycamore_large_None_10_2.55_no.9
rochester,3.5384615384615383,6.444444444444445,sa,53Q_gate_Rochester_small_1_4_1.5_no.9
sycamore,5.157575757575757,4.226765799256506,identity,53Q_gate_Sycamore_large_1_25_1.5_no.9
tokyo,2.3277591973244145,2.855731225296443,identity,20Q_gate_Tokyo_large_1_25_1.5_no.3
sycamore,4.179245283018868,4.188372093023256,sabre,53Q_gate_Sycamore_large_2_20_1.5_no.8
tokyo,1.5644171779141105,1.6235294117647059,sa,20Q_gate_Tokyo_large_1_15_1.5_no.1
rochester,2.824324324324324,14.139240506329115,random,53Q_gate_Rochester_small_2_1_1.5_no.3
rochester,3.8947368421052633,6.894324853228963,sabre,53Q_depth_Rochester_large_None_10_2.55_no.7
tokyo,1.8786127167630058,2.0133779264214047,sabre,20Q_gate_Tokyo_large_2_20_1.5_no.4
rochester,7.5,7.6,identity,53Q_gate_Rochester_large_2_10_1.5_no.6
sycamore,3.0416666666666665,4.284313725490196,sabre,53Q_gate_Sycamore_large_1_10_1.5_no.0
sycamore,2.7435897435897436,6.435146443514644,identity,53Q_depth_Sycamore_small_None_2_2.55_no.9
rochester,7.525,9.929824561403509,identity,53Q_depth_Rochester_large_None_3_1.5_no.2
tokyo,2.3333333333333335,2.5088757396449703,random,20Q_gate_Tokyo_large_1_5_1.5_no.4
rochester,7.088235294117647,9.63076923076923,identity,53Q_gate_Rochester_large_2_4_1.5_no.9
tokyo,1.3369565217391304,2.5,sa,20Q_depth_Tokyo_large_None_1_1.5_no.9
rochester,7.970588235294118,12.11304347826087,random,53Q_depth_Rochester_small_None_1_1.5_no.1
sycamore,1.9696969696969697,5.959677419354839,sa,53Q_gate_Sycamore_small_2_2_1.5_no.9
sycamore,5.772151898734177,6.341935483870968,random,53Q_depth_Sycamore_small_None_5_2.55_no.6
rochester,5.703125,7.585365853658536,sabre,53Q_depth_Rochester_large_None_4_1.5_no.5
sycamore,5.4935064935064934,6.518032786885246,identity,53Q_depth_Sycamore_large_None_3_1.5_no.8
rochester,4.0852713178294575,6.051383399209486,sabre,53Q_depth_Rochester_small_None_10_1.5_no.4
rochester,3.962962962962963,7.439024390243903,sa,53Q_gate_Rochester_small_1_0_1.5_no.1
rochester,3.3333333333333335,5.608247422680412,sa,53Q_gate_Rochester_large_2_2_1.5_no.1
rochester,6.131578947368421,9.018867924528301,random,53Q_gate_Rochester_large_2_4_1.5_no.8
rochester,4.142857142857143,7.861386138613861,sa,53Q_depth_Rochester_small_None_3_1.5_no.8
rochester,3.792134831460674,7.437086092715232,sabre,53Q_depth_Rochester_small_None_10_2.55_no.3
sycamore,2.7701149425287355,5.601503759398496,sa,53Q_gate_Sycamore_small_1_2_1.5_no.8
rochester,4.75,7.173076923076923,sabre,53Q_depth_Rochester_large_None_3_2.55_no.7
tokyo,1.7688442211055277,2.838709677419355,random,20Q_depth_Tokyo_large_None_4_2.55_no.7
tokyo,2.2183406113537116,2.649616368286445,identity,20Q_gate_Tokyo_large_2_25_1.5_no.6
rochester,7.435897435897436,5.3893129770992365,sabre,53Q_gate_Rochester_small_2_25_1.5_no.4
sycamore,2.5460992907801416,4.663265306122449,sa,53Q_gate_Sycamore_small_2_15_1.5_no.3
tokyo,1.7868852459016393,2.1226415094339623,sabre,20Q_gate_Tokyo_large_1_15_1.5_no.8
sycamore,5.35,6.723926380368098,identity,53Q_gate_Sycamore_small_2_3_1.5_no.6
rochester,6.134831460674158,5.090909090909091,sabre,53Q_gate_Rochester_large_1_15_1.5_no.8
sycamore,3.453333333333333,4.141818181818182,sabre,53Q_gate_Sycamore_large_2_10_1.5_no.5
rochester,8.266666666666667,11.699115044247788,identity,53Q_gate_Rochester_large_2_2_1.5_no.9
sycamore,4.318965517241379,6.057471264367816,sa,53Q_depth_Sycamore_small_None_3_2.55_no.5
sycamore,4.3861386138613865,5.0997506234413965,sa,53Q_depth_Sycamore_large_None_5_1.5_no.1
tokyo,2.153256704980843,2.7472527472527473,sabre,20Q_depth_Tokyo_large_None_10_1.5_no.5
sycamore,3.119047619047619,5.558139534883721,sa,53Q_gate_Sycamore_small_1_1_1.5_no.9
rochester,5.392857142857143,6.426751592356688,sa,53Q_depth_Rochester_large_None_5_2.55_no.7
rochester,3.2058823529411766,7.268656716417911,sabre,53Q_depth_Rochester_large_None_1_1.5_no.3
sycamore,4.583333333333333,7.473684210526316,random,53Q_gate_Sycamore_small_2_0_1.5_no.4
rochester,3.40625,5.425,sabre,53Q_gate_Rochester_small_1_0_1.5_no.4
sycamore,5.508474576271187,6.3061224489795915,identity,53Q_depth_Sycamore_large_None_5_1.5_no.8
sycamore,4.638888888888889,5.608899297423887,random,53Q_gate_Sycamore_large_1_15_1.5_no.2
rochester,4.2,6.221276595744681,sa,53Q_depth_Rochester_small_None_5_2.55_no.2
sycamore,1.8985507246376812,5.5,sa,53Q_gate_Sycamore_small_2_1_1.5_no.8
rochester,3.5510204081632653,11.186813186813186,random,53Q_gate_Rochester_small_1_3_1.5_no.2
rochester,6.0,7.611464968152866,sabre,53Q_depth_Rochester_small_None_2_1.5_no.1
rochester,9.03125,8.92079207920792,random,53Q_gate_Rochester_large_2_15_1.5_no.8
sycamore,5.935064935064935,6.409836065573771,random,53Q_depth_Sycamore_large_None_3_1.5_no.8
tokyo,1.4142857142857144,2.736842105263158,random,20Q_gate_Tokyo_large_2_1_1.5_no.6
sycamore,3.425531914893617,5.231343283582089,sa,53Q_depth_Sycamore_large_None_1_1.5_no.9
tokyo,1.5789473684210527,1.4838709677419355,sa,20Q_gate_Tokyo_large_2_2_1.5_no.8
tokyo,3.1984126984126986,3.1830357142857144,identity,20Q_depth_Tokyo_large_None_4_2.55_no.0
sycamore,4.8861788617886175,5.390909090909091,random,53Q_gate_Sycamore_small_2_25_1.5_no.0
sycamore,3.1964285714285716,5.049032258064516,sabre,53Q_depth_Sycamore_small_None_10_1.5_no.5
sycamore,6.109756097560975,7.3,identity,53Q_depth_Sycamore_large_None_2_2.55_no.0
rochester,5.698630136986301,5.0474860335195535,sabre,53Q_gate_Rochester_large_1_15_1.5_no.6
sycamore,3.677570093457944,7.040106951871658,identity,53Q_depth_Sycamore_small_None_4_2.55_no.3
tokyo,2.3529411764705883,2.764705882352941,identity,20Q_gate_Tokyo_large_2_4_1.5_no.3
rochester,8.983870967741936,8.876425855513308,random,53Q_depth_Rochester_large_None_10_2.55_no.8
sycamore,6.026315789473684,7.496240601503759,identity,53Q_gate_Sycamore_large_2_2_1.5_no.5
sycamore,3.0,4.267326732673268,sabre,53Q_gate_Sycamore_small_1_0_1.5_no.4
tokyo,2.547945205479452,2.6846153846153844,identity,20Q_gate_Tokyo_large_2_5_1.5_no.6
rochester,4.7317073170731705,8.224,sa,53Q_depth_Rochester_large_None_1_2.55_no.5
rochester,5.925,7.315789473684211,sa,53Q_depth_Rochester_large_None_3_1.5_no.2
sycamore,3.8,4.2926829268292686,sabre,53Q_gate_Sycamore_small_1_1_1.5_no.1
rochester,7.202247191011236,6.7438202247191015,identity,53Q_gate_Rochester_small_1_25_1.5_no.5
rochester,2.875,5.990384615384615,sa,53Q_gate_Rochester_small_2_4_1.5_no.3
rochester,5.233333333333333,6.073170731707317,sabre,53Q_gate_Rochester_large_1_2_1.5_no.2
sycamore,2.5416666666666665,6.792307692307692,random,53Q_gate_Sycamore_large_2_2_1.5_no.2
tokyo,2.204081632653061,2.774193548387097,random,20Q_depth_Tokyo_large_None_1_1.5_no.2
rochester,6.645161290322581,12.164948453608247,random,53Q_gate_Rochester_small_2_4_1.5_no.5
sycamore,3.9464285714285716,6.848101265822785,random,53Q_gate_Sycamore_small_1_4_1.5_no.4
rochester,4.54054054054054,6.314285714285714,sabre,53Q_gate_Rochester_small_2_4_1.5_no.4
rochester,4.195121951219512,8.38888888888889,sa,53Q_depth_Rochester_small_None_1_2.55_no.0
tokyo,2.0714285714285716,3.0,identity,20Q_gate_Tokyo_large_1_3_1.5_no.6
tokyo,1.5252747252747252,2.077272727272727,sa,20Q_depth_Tokyo_large_None_10_2.55_no.4
rochester,5.784810126582278,8.816981132075473,identity,53Q_depth_Rochester_large_None_10_1.5_no.4
sycamore,4.5,6.653846153846154,identity,53Q_gate_Sycamore_large_1_3_1.5_no.3
tokyo,1.6557377049180328,2.4625,sabre,20Q_gate_Tokyo_large_1_2_1.5_no.4
tokyo,1.309090909090909,2.4,sabre,20Q_gate_Tokyo_large_2_0_1.5_no.0
tokyo,3.25,3.175,identity,20Q_gate_Tokyo_large_1_2_1.5_no.3
rochester,2.8028169014084505,12.166666666666666,identity,53Q_gate_Rochester_large_2_2_1.5_no.2
tokyo,1.3612903225806452,1.8625,sa,20Q_gate_Tokyo_large_1_10_1.5_no.3
rochester,7.825242718446602,7.0059288537549405,random,53Q_gate_Rochester_large_1_20_1.5_no.3
rochester,4.558139534883721,4.572093023255814,sabre,53Q_gate_Rochester_large_2_10_1.5_no.1
rochester,6.014285714285714,7.484962406015038,sabre,53Q_depth_Rochester_large_None_4_2.55_no.3
rochester,5.447368421052632,11.658536585365853,random,53Q_depth_Rochester_small_None_1_1.5_no.8
tokyo,1.6326530612244898,1.872093023255814,sabre,20Q_gate_Tokyo_large_2_2_1.5_no.5
tokyo,1.2264150943396226,2.0,sabre,20Q_gate_Tokyo_large_1_0_1.5_no.1
rochester,5.770491803278689,10.545454545454545,random,53Q_depth_Rochester_large_None_3_1.5_no.5
rochester,4.390625,5.180505415162455,sa,53Q_gate_Rochester_small_1_15_1.5_no.9
tokyo,2.4,3.0588235294117645,identity,20Q_gate_Tokyo_large_1_0_1.5_no.9
sycamore,2.5434782608695654,4.933333333333334,sa,53Q_gate_Sycamore_small_1_0_1.5_no.7
sycamore,2.058139534883721,5.840336134453781,sa,53Q_gate_Sycamore_small_2_2_1.5_no.3
sycamore,5.632075471698113,5.3,random,53Q_gate_Sycamore_small_1_20_1.5_no.7
rochester,7.5588235294117645,11.307692307692308,identity,53Q_gate_Rochester_large_1_2_1.5_no.4
sycamore,5.787610619469026,6.437908496732026,identity,53Q_depth_Sycamore_large_None_5_1.5_no.3
sycamore,3.681159420289855,5.27027027027027,sa,53Q_depth_Sycamore_small_None_5_1.5_no.7
sycamore,4.0625,6.181818181818182,sa,53Q_gate_Sycamore_small_2_0_1.5_no.6
rochester,4.3760683760683765,10.28048780487805,random,53Q_depth_Rochester_small_None_5_1.5_no.7
sycamore,5.166666666666667,5.735714285714286,sa,53Q_gate_Sycamore_small_1_2_1.5_no.2
rochester,4.213114754098361,5.494623655913978,sabre,53Q_depth_Rochester_large_None_5_1.5_no.6
rochester,5.78125,8.256493506493506,random,53Q_depth_Rochester_large_None_5_2.55_no.5
rochester,2.0933333333333333,6.149606299212598,sa,53Q_gate_Rochester_small_2_5_1.5_no.8
sycamore,4.147679324894515,5.755053507728894,random,53Q_depth_Sycamore_large_None_10_1.5_no.8
rochester,4.029411764705882,6.784172661870503,sa,53Q_depth_Rochester_small_None_2_1.5_no.2
sycamore,4.573426573426573,4.903930131004367,identity,53Q_gate_Sycamore_small_1_20_1.5_no.4
sycamore,2.306451612903226,5.556756756756757,sa,53Q_depth_Sycamore_large_None_2_2.55_no.5
rochester,5.921052631578948,11.738317757009346,identity,53Q_gate_Rochester_small_2_4_1.5_no.1
sycamore,5.8133333333333335,5.909090909090909,random,53Q_gate_Sycamore_large_2_10_1.5_no.5
rochester,4.061224489795919,8.361344537815127,identity,53Q_gate_Rochester_small_2_15_1.5_no.6
sycamore,5.133333333333334,5.494736842105263,identity,53Q_gate_Sycamore_small_1_10_1.5_no.6
sycamore,4.320754716981132,5.026666666666666,sa,53Q_gate_Sycamore_large_1_4_1.5_no.4
sycamore,5.314814814814815,5.668192219679634,random,53Q_gate_Sycamore_small_1_20_1.5_no.9
sycamore,2.3529411764705883,4.39647577092511,sabre,53Q_depth_Sycamore_large_None_5_1.5_no.4
sycamore,5.592592592592593,6.0796252927400465,identity,53Q_gate_Sycamore_large_1_15_1.5_no.2
tokyo,2.0,2.550561797752809,random,20Q_gate_Tokyo_large_2_4_1.5_no.5
sycamore,5.509933774834437,4.972299168975069,identity,53Q_gate_Sycamore_large_1_25_1.5_no.0
rochester,6.604395604395604,7.9879154078549846,random,53Q_gate_Rochester_small_2_25_1.5_no.7
sycamore,4.9,4.805194805194805,sa,53Q_gate_Sycamore_large_2_4_1.5_no.5
sycamore,2.1739130434782608,3.731132075471698,sabre,53Q_gate_Sycamore_small_2_10_1.5_no.0
rochester,5.102564102564102,7.382550335570469,sa,53Q_gate_Rochester_large_1_3_1.5_no.0
sycamore,4.093959731543624,6.407407407407407,identity,53Q_depth_Sycamore_small_None_4_2.55_no.8
sycamore,3.983277591973244,6.002980625931445,identity,53Q_depth_Sycamore_small_None_10_2.55_no.0
rochester,3.1455696202531644,5.3584905660377355,sa,53Q_depth_Rochester_large_None_10_1.5_no.4
sycamore,2.814207650273224,4.321033210332104,sa,53Q_gate_Sycamore_large_1_20_1.5_no.9
rochester,3.9655172413793105,7.821052631578947,sa,53Q_gate_Rochester_small_2_1_1.5_no.0
rochester,3.3870967741935485,15.5,random,53Q_gate_Rochester_small_2_0_1.5_no.0
sycamore,5.918918918918919,6.027586206896552,identity,53Q_gate_Sycamore_small_1_2_1.5_no.0
sycamore,3.7107438016528924,4.2669789227166275,sabre,53Q_gate_Sycamore_small_1_20_1.5_no.8
rochester,4.676470588235294,4.315789473684211,sabre,53Q_gate_Rochester_small_1_20_1.5_no.3
rochester,4.507936507936508,10.162162162162161,identity,53Q_gate_Rochester_small_1_4_1.5_no.7
sycamore,3.119047619047619,4.131506849315069,sa,53Q_gate_Sycamore_small_1_20_1.5_no.5
tokyo,1.7743589743589743,2.668539325842697,sabre,20Q_depth_Tokyo_large_None_4_2.55_no.3
rochester,5.049180327868853,6.761006289308176,sa,53Q_depth_Rochester_small_None_10_1.5_no.1
sycamore,5.82258064516129,5.8014018691588785,identity,53Q_depth_Sycamore_large_None_4_2.55_no.1
rochester,5.190476190476191,10.198347107438016,identity,53Q_gate_Rochester_small_2_2_1.5_no.1
sycamore,4.326923076923077,4.356828193832599,sa,53Q_gate_Sycamore_large_1_5_1.5_no.0
rochester,8.174757281553399,6.5928571428571425,identity,53Q_gate_Rochester_large_1_20_1.5_no.5
rochester,3.0568181818181817,7.229166666666667,sa,53Q_depth_Rochester_small_None_2_2.55_no.3
rochester,6.2153846153846155,7.286219081272085,random,53Q_gate_Rochester_small_2_20_1.5_no.1
sycamore,4.344827586206897,4.7105263157894735,sa,53Q_gate_Sycamore_large_2_5_1.5_no.1
rochester,8.76978417266187,9.865497076023392,random,53Q_depth_Rochester_large_None_10_2.55_no.1
rochester,3.0681818181818183,7.846625766871166,sa,53Q_depth_Rochester_large_None_2_2.55_no.6
rochester,4.186440677966102,7.983333333333333,sabre,53Q_depth_Rochester_small_None_3_1.5_no.2
rochester,2.589041095890411,6.652892561983471,sabre,53Q_gate_Rochester_large_1_4_1.5_no.4
tokyo,1.0,1.0947368421052632,sa,20Q_gate_Tokyo_large_1_3_1.5_no.8
sycamore,5.509803921568627,6.267857142857143,random,53Q_gate_Sycamore_large_2_4_1.5_no.4
rochester,3.74468085106383,8.892857142857142,sabre,53Q_depth_Rochester_small_None_1_2.55_no.6
rochester,4.76056338028169,11.966386554621849,random,53Q_gate_Rochester_small_2_5_1.5_no.6
rochester,8.314285714285715,8.493852459016393,random,53Q_depth_Rochester_large_None_10_1.5_no.5
sycamore,6.388888888888889,6.314285714285714,random,53Q_gate_Sycamore_small_1_2_1.5_no.2
rochester,5.285714285714286,4.527027027027027,sabre,53Q_gate_Rochester_small_2_2_1.5_no.2
rochester,1.8617021276595744,7.73125,sa,53Q_depth_Rochester_large_None_2_1.5_no.8
tokyo,1.9029850746268657,2.7823529411764705,random,20Q_gate_Tokyo_large_2_10_1.5_no.9
tokyo,2.263392857142857,3.1686746987951806,identity,20Q_depth_Tokyo_large_None_5_2.55_no.5
rochester,5.541666666666667,11.666666666666666,identity,53Q_gate_Rochester_small_1_2_1.5_no.7
tokyo,1.695906432748538,3.0833333333333335,random,20Q_depth_Tokyo_large_None_3_2.55_no.6
sycamore,2.4516129032258065,7.698275862068965,identity,53Q_depth_Sycamore_small_None_2_2.55_no.2
rochester,4.323529411764706,11.657342657342657,identity,53Q_depth_Rochester_large_None_2_1.5_no.6
tokyo,1.8518518518518519,2.0384615384615383,sabre,20Q_gate_Tokyo_large_1_3_1.5_no.0
tokyo,1.4814814814814814,2.388888888888889,sabre,20Q_gate_Tokyo_large_2_1_1.5_no.4
tokyo,2.0913705583756346,2.620805369127517,sabre,20Q_gate_Tokyo_large_1_15_1.5_no.2
sycamore,3.763888888888889,4.631578947368421,sa,53Q_gate_Sycamore_small_2_15_1.5_no.9
sycamore,3.7466666666666666,3.9049295774647885,sabre,53Q_gate_Sycamore_small_1_10_1.5_no.5
rochester,7.75,10.316901408450704,identity,53Q_gate_Rochester_large_2_4_1.5_no.2
tokyo,2.25,2.2475247524752477,sabre,20Q_gate_Tokyo_large_2_3_1.5_no.1
tokyo,1.303030303030303,2.596774193548387,sabre,20Q_gate_Tokyo_large_1_1_1.5_no.5
tokyo,3.0384615384615383,3.2131147540983607,random,20Q_gate_Tokyo_large_1_0_1.5_no.7
rochester,7.680327868852459,6.181434599156118,random,53Q_gate_Rochester_large_1_25_1.5_no.5
sycamore,5.213483146067416,4.577197149643705,sa,53Q_gate_Sycamore_large_2_15_1.5_no.5
sycamore,5.826923076923077,4.515418502202643,sabre,53Q_gate_Sycamore_large_1_5_1.5_no.0
rochester,6.9393939393939394,10.333333333333334,random,53Q_gate_Rochester_small_1_2_1.5_no.1
rochester,4.319148936170213,6.2894736842105265,sa,53Q_gate_Rochester_small_1_5_1.5_no.2
rochester,2.7260273972602738,10.570247933884298,identity,53Q_gate_Rochester_large_1_4_1.5_no.4
sycamore,5.253968253968254,5.873646209386282,identity,53Q_depth_Sycamore_large_None_3_1.5_no.3
sycamore,2.0606060606060606,5.833333333333333,sa,53Q_gate_Sycamore_small_1_1_1.5_no.3
sycamore,1.5504587155963303,5.081081081081081,sa,53Q_gate_Sycamore_small_2_3_1.5_no.7
tokyo,2.330275229357798,3.1951219512195124,random,20Q_depth_Tokyo_large_None_3_1.5_no.5
tokyo,1.7889908256880733,2.5365853658536586,sabre,20Q_depth_Tokyo_large_None_3_1.5_no.5
sycamore,4.3,3.9594594594594597,sabre,53Q_gate_Sycamore_large_1_4_1.5_no.5
rochester,4.214285714285714,6.175,sabre,53Q_gate_Rochester_large_2_0_1.5_no.4
sycamore,4.169811320754717,6.378048780487805,sabre,53Q_depth_Sycamore_small_None_1_1.5_no.3
sycamore,6.666666666666667,6.919786096256685,random,53Q_depth_Sycamore_small_None_1_1.5_no.9
sycamore,3.163265306122449,8.033333333333333,random,53Q_gate_Sycamore_large_1_0_1.5_no.4
rochester,5.346666666666667,11.421965317919074,random,53Q_depth_Rochester_large_None_3_2.55_no.5
sycamore,5.694444444444445,5.838028169014085,sa,53Q_gate_Sycamore_small_2_1_1.5_no.2
sycamore,3.3469387755102042,5.019607843137255,sa,53Q_gate_Sycamore_small_1_3_1.5_no.6
sycamore,2.618279569892473,7.478448275862069,random,53Q_depth_Sycamore_small_None_2_2.55_no.2
rochester,4.2,6.6106870229007635,sa,53Q_depth_Rochester_large_None_1_1.5_no.5
tokyo,1.8406593406593406,2.725,identity,20Q_depth_Tokyo_large_None_4_2.55_no.4
rochester,4.695238095238095,5.112704918032787,sa,53Q_depth_Rochester_large_None_10_1.5_no.5
sycamore,4.12751677852349,6.0814814814814815,random,53Q_depth_Sycamore_small_None_4_2.55_no.8
rochester,5.2,5.8307692307692305,sa,53Q_gate_Rochester_large_1_3_1.5_no.7
sycamore,4.709677419354839,5.533783783783784,random,53Q_gate_Sycamore_small_2_25_1.5_no.4
sycamore,5.808080808080808,5.646808510638298,random,53Q_gate_Sycamore_large_1_15_1.5_no.8
rochester,4.413793103448276,7.4186046511627906,sa,53Q_gate_Rochester_small_2_1_1.5_no.7
sycamore,2.81203007518797,5.104194857916103,sabre,53Q_depth_Sycamore_small_None_10_1.5_no.1
rochester,3.258992805755396,6.4609375,sa,53Q_depth_Rochester_small_None_10_1.5_no.0
rochester,7.074074074074074,13.692307692307692,identity,53Q_gate_Rochester_large_1_0_1.5_no.9
tokyo,2.3060109289617485,2.981132075471698,random,20Q_gate_Tokyo_large_1_15_1.5_no.8
tokyo,1.5164835164835164,2.05,sabre,20Q_depth_Tokyo_large_None_4_2.55_no.4
sycamore,5.489795918367347,7.018072289156627,identity,53Q_gate_Sycamore_small_2_4_1.5_no.7
sycamore,2.2375,5.664634146341464,sa,53Q_depth_Sycamore_small_None_1_1.5_no.8
sycamore,3.3247422680412373,3.8006814310051107,sa,53Q_gate_Sycamore_small_1_25_1.5_no.6
rochester,4.535714285714286,5.699115044247788,sabre,53Q_gate_Rochester_large_1_2_1.5_no.6
rochester,3.257142857142857,6.432071269487751,sabre,53Q_depth_Rochester_small_None_10_2.55_no.4
sycamore,5.55,7.230769230769231,random,53Q_gate_Sycamore_large_2_2_1.5_no.6
sycamore,5.866666666666666,5.162679425837321,sa,53Q_depth_Sycamore_large_None_2_2.55_no.2
sycamore,5.082089552238806,5.7700650759219085,identity,53Q_gate_Sycamore_small_2_25_1.5_no.3
rochester,2.946969696969697,5.023913043478261,sabre,53Q_depth_Rochester_small_None_10_1.5_no.3
sycamore,4.634615384615385,7.528169014084507,random,53Q_gate_Sycamore_small_1_4_1.5_no.0
sycamore,5.2727272727272725,4.553398058252427,sa,53Q_gate_Sycamore_large_2_3_1.5_no.3
sycamore,5.484536082474227,5.48404255319149,identity,53Q_gate_Sycamore_small_2_15_1.5_no.1
sycamore,4.0,5.474137931034483,sa,53Q_gate_Sycamore_large_1_1_1.5_no.7
rochester,4.551724137931035,6.5625,sabre,53Q_gate_Rochester_small_2_4_1.5_no.0
tokyo,1.0747126436781609,1.2673267326732673,sa,20Q_gate_Tokyo_large_1_15_1.5_no.6
rochester,4.65,3.956416464891041,sabre,53Q_gate_Rochester_large_1_15_1.5_no.2
sycamore,4.12,6.992718446601942,random,53Q_depth_Sycamore_small_None_5_2.55_no.1
tokyo,1.7976190476190477,3.506849315068493,random,20Q_gate_Tokyo_large_2_4_1.5_no.2
rochester,7.714285714285714,6.7032967032967035,identity,53Q_gate_Rochester_large_1_15_1.5_no.4
rochester,2.881818181818182,7.713656387665198,sabre,53Q_depth_Rochester_large_None_4_1.5_no.2
sycamore,4.970588235294118,8.085106382978724,identity,53Q_gate_Sycamore_small_2_0_1.5_no.8
sycamore,5.52,6.52,identity,53Q_gate_Sycamore_large_2_10_1.5_no.5
sycamore,2.6862745098039214,3.983783783783784,sa,53Q_gate_Sycamore_large_1_3_1.5_no.2
sycamore,3.2222222222222223,5.769230769230769,sa,53Q_gate_Sycamore_large_2_1_1.5_no.6
sycamore,6.9405940594059405,5.656626506024097,identity,53Q_gate_Sycamore_large_2_20_1.5_no.7
sycamore,2.7333333333333334,4.912280701754386,sa,53Q_gate_Sycamore_small_1_5_1.5_no.4
sycamore,4.274261603375527,5.640903686087991,identity,53Q_depth_Sycamore_large_None_10_1.5_no.8
sycamore,2.138755980861244,5.4447368421052635,sa,53Q_depth_Sycamore_small_None_5_1.5_no.0
rochester,3.413793103448276,5.34375,sabre,53Q_gate_Rochester_large_1_2_1.5_no.8
sycamore,5.175,6.833333333333333,random,53Q_gate_Sycamore_large_2_2_1.5_no.8
sycamore,5.22463768115942,6.319727891156463,identity,53Q_depth_Sycamore_small_None_5_2.55_no.4
sycamore,3.5416666666666665,3.5408163265306123,sabre,53Q_gate_Sycamore_large_2_5_1.5_no.5
rochester,5.771428571428571,8.267605633802816,sa,53Q_depth_Rochester_small_None_2_1.5_no.3
sycamore,2.0,4.72,sa,53Q_gate_Sycamore_small_2_5_1.5_no.5
rochester,7.09433962264151,8.5,random,53Q_gate_Rochester_large_2_10_1.5_no.9
rochester,4.064935064935065,3.7698863636363638,sabre,53Q_gate_Rochester_small_2_25_1.5_no.0
sycamore,4.086206896551724,4.39908256880734,sabre,53Q_gate_Sycamore_large_2_4_1.5_no.0
sycamore,3.4472049689440993,4.866050808314088,random,53Q_gate_Sycamore_large_1_15_1.5_no.6
rochester,3.9318181818181817,15.03076923076923,random,53Q_gate_Rochester_small_2_1_1.5_no.4
tokyo,2.389830508474576,2.443609022556391,sabre,20Q_gate_Tokyo_large_2_5_1.5_no.3
rochester,5.395522388059701,6.5847107438016526,sabre,53Q_depth_Rochester_large_None_10_2.55_no.0
sycamore,4.26056338028169,3.4375,sabre,53Q_gate_Sycamore_large_2_25_1.5_no.2
tokyo,2.020746887966805,2.4930232558139536,identity,20Q_gate_Tokyo_large_1_20_1.5_no.9
rochester,7.078947368421052,8.897590361445783,random,53Q_gate_Rochester_large_1_3_1.5_no.8
sycamore,6.34,6.981191222570533,identity,53Q_depth_Sycamore_large_None_3_2.55_no.7
rochester,5.017699115044247,9.322259136212624,random,53Q_depth_Rochester_small_None_5_2.55_no.4
tokyo,2.4642857142857144,2.8653846153846154,identity,20Q_gate_Tokyo_large_2_10_1.5_no.1
sycamore,3.515151515151515,7.2155688622754495,identity,53Q_gate_Sycamore_large_2_5_1.5_no.4
sycamore,3.375,7.663157894736842,random,53Q_gate_Sycamore_small_2_0_1.5_no.0
tokyo,2.25,2.4173228346456694,sabre,20Q_gate_Tokyo_large_1_5_1.5_no.2
rochester,4.791666666666667,5.784810126582278,sabre,53Q_gate_Rochester_small_1_0_1.5_no.0
tokyo,1.5471698113207548,3.103896103896104,random,20Q_depth_Tokyo_large_None_3_1.5_no.4
tokyo,1.7258064516129032,2.2711864406779663,sabre,20Q_depth_Tokyo_large_None_3_1.5_no.2
sycamore,3.4038461538461537,5.457746478873239,sa,53Q_gate_Sycamore_small_1_4_1.5_no.0
rochester,5.25,7.296052631578948,sa,53Q_gate_Rochester_small_1_5_1.5_no.5
sycamore,2.495049504950495,6.3312101910828025,identity,53Q_gate_Sycamore_small_1_5_1.5_no.8
rochester,3.6923076923076925,8.695652173913043,sa,53Q_depth_Rochester_large_None_1_1.5_no.4
rochester,6.0,7.352941176470588,sabre,53Q_depth_Rochester_small_None_2_1.5_no.6
sycamore,2.7755102040816326,4.58125,sa,53Q_gate_Sycamore_small_2_4_1.5_no.1
rochester,8.266666666666667,12.311926605504587,random,53Q_gate_Rochester_small_2_4_1.5_no.2
tokyo,2.2745098039215685,2.329896907216495,sabre,20Q_gate_Tokyo_large_2_4_1.5_no.7
tokyo,2.022222222222222,2.7746478873239435,identity,20Q_gate_Tokyo_large_2_1_1.5_no.9
sycamore,3.5324675324675323,3.675409836065574,sabre,53Q_depth_Sycamore_large_None_3_1.5_no.8
sycamore,3.206766917293233,5.522327469553451,identity,53Q_depth_Sycamore_small_None_10_1.5_no.1
rochester,4.433962264150943,5.8474576271186445,sa,53Q_gate_Rochester_small_2_10_1.5_no.8
sycamore,5.176470588235294,7.364485981308412,identity,53Q_gate_Sycamore_small_1_1_1.5_no.7
tokyo,1.8646616541353382,1.9738805970149254,sabre,20Q_gate_Tokyo_large_1_10_1.5_no.1
tokyo,2.9615384615384617,3.360655737704918,random,20Q_gate_Tokyo_large_1_0_1.5_no.0
tokyo,1.835820895522388,2.95,identity,20Q_gate_Tokyo_large_2_3_1.5_no.3
tokyo,1.6633663366336633,2.401639344262295,sabre,20Q_gate_Tokyo_large_1_4_1.5_no.6
rochester,5.87012987012987,10.380710659898478,random,53Q_depth_Rochester_small_None_3_2.55_no.4
sycamore,3.4144144144144146,4.0,sa,53Q_gate_Sycamore_large_2_10_1.5_no.6
tokyo,1.8333333333333333,2.925373134328358,identity,20Q_gate_Tokyo_large_2_2_1.5_no.6
sycamore,3.816326530612245,7.4,identity,53Q_gate_Sycamore_large_1_0_1.5_no.4
rochester,4.243243243243243,7.406451612903226,sa,53Q_depth_Rochester_large_None_2_1.5_no.9
sycamore,3.0122699386503067,3.1573472041612485,sabre,53Q_gate_Sycamore_large_1_25_1.5_no.7
rochester,8.816666666666666,10.663461538461538,identity,53Q_depth_Rochester_large_None_3_1.5_no.4
sycamore,3.752808988764045,4.463556851311953,sabre,53Q_depth_Sycamore_large_None_3_1.5_no.6
sycamore,2.017857142857143,4.319672131147541,sabre,53Q_depth_Sycamore_small_None_1_2.55_no.1
tokyo,2.238095238095238,2.3783783783783785,identity,20Q_gate_Tokyo_large_1_10_1.5_no.4
tokyo,2.71,2.78125,random,20Q_depth_Tokyo_large_None_3_2.55_no.7
rochester,4.28125,5.942028985507246,sabre,53Q_depth_Rochester_large_None_3_2.55_no.0
tokyo,2.0426136363636362,2.7816593886462884,identity,20Q_depth_Tokyo_large_None_10_2.55_no.0
rochester,3.511111111111111,7.831081081081081,sa,53Q_depth_Rochester_small_None_2_2.55_no.2
tokyo,2.066666666666667,2.5714285714285716,random,20Q_gate_Tokyo_large_1_4_1.5_no.8
sycamore,3.3,4.840909090909091,sa,53Q_gate_Sycamore_large_2_2_1.5_no.7
sycamore,3.4857142857142858,5.171428571428572,sa,53Q_gate_Sycamore_large_1_0_1.5_no.3
rochester,6.449612403100775,9.282608695652174,random,53Q_depth_Rochester_small_None_10_1.5_no.4
rochester,3.764705882352941,5.442622950819672,sabre,53Q_depth_Rochester_large_None_2_2.55_no.9
rochester,6.7105263157894735,12.538461538461538,random,53Q_gate_Rochester_large_2_1_1.5_no.9
rochester,7.617647058823529,10.610169491525424,random,53Q_gate_Rochester_small_1_3_1.5_no.5
sycamore,1.9411764705882353,4.676056338028169,sa,53Q_gate_Sycamore_large_1_2_1.5_no.6
rochester,4.762711864406779,8.222222222222221,sa,53Q_depth_Rochester_large_None_2_2.55_no.7
sycamore,3.638888888888889,5.613207547169812,sa,53Q_gate_Sycamore_large_2_0_1.5_no.2
rochester,6.378048780487805,6.879679144385027,identity,53Q_gate_Rochester_small_2_20_1.5_no.7
rochester,3.6538461538461537,5.982608695652174,sabre,53Q_depth_Rochester_large_None_1_1.5_no.4
rochester,7.414634146341464,11.176,identity,53Q_depth_Rochester_large_None_1_2.55_no.5
rochester,7.323529411764706,10.17175572519084,identity,53Q_depth_Rochester_small_None_5_1.5_no.2
tokyo,2.0714285714285716,2.4651162790697674,sa,20Q_depth_Tokyo_large_None_1_2.55_no.3
rochester,4.555555555555555,6.118367346938776,sa,53Q_gate_Rochester_small_2_15_1.5_no.1
rochester,5.0,7.80672268907563,sa,53Q_depth_Rochester_large_None_1_1.5_no.7
sycamore,3.448717948717949,4.286852589641434,sa,53Q_gate_Sycamore_small_1_10_1.5_no.0
rochester,7.285714285714286,9.272388059701493,random,53Q_depth_Rochester_large_None_4_2.55_no.4
tokyo,1.8974358974358974,2.207547169811321,random,20Q_gate_Tokyo_large_1_5_1.5_no.9
tokyo,2.0491803278688523,3.1349693251533743,random,20Q_depth_Tokyo_large_None_3_1.5_no.7
tokyo,1.394736842105263,1.9402985074626866,sa,20Q_depth_Tokyo_large_None_2_1.5_no.9
tokyo,1.1661341853035143,1.2142857142857142,sa,20Q_gate_Tokyo_large_1_25_1.5_no.1
tokyo,1.9607843137254901,2.710526315789474,random,20Q_gate_Tokyo_large_2_15_1.5_no.7
tokyo,1.7526881720430108,3.0338983050847457,identity,20Q_depth_Tokyo_large_None_2_1.5_no.2
rochester,5.673913043478261,7.898089171974522,sa,53Q_depth_Rochester_large_None_2_2.55_no.4
sycamore,4.445544554455446,4.3023255813953485,sabre,53Q_gate_Sycamore_small_2_25_1.5_no.8
rochester,7.071428571428571,9.260663507109005,identity,53Q_gate_Rochester_large_2_10_1.5_no.5
sycamore,6.214285714285714,6.413043478260869,random,53Q_depth_Sycamore_large_None_5_1.5_no.5
rochester,2.956989247311828,9.061349693251534,sa,53Q_depth_Rochester_small_None_2_2.55_no.1
rochester,3.1772151898734178,7.218181818181818,sa,53Q_gate_Rochester_small_1_4_1.5_no.4
sycamore,3.334384858044164,4.593984962406015,sa,53Q_depth_Sycamore_large_None_10_2.55_no.4
tokyo,1.5765765765765767,2.6987951807228914,sabre,20Q_depth_Tokyo_large_None_1_2.55_no.2
rochester,7.25,8.835526315789474,identity,53Q_depth_Rochester_large_None_5_2.55_no.9
rochester,5.857142857142857,10.549504950495049,identity,53Q_depth_Rochester_small_None_3_1.5_no.8
sycamore,4.325581395348837,3.748031496062992,sabre,53Q_gate_Sycamore_small_1_15_1.5_no.0
tokyo,2.0520833333333335,2.6153846153846154,sabre,20Q_depth_Tokyo_large_None_2_1.5_no.3
rochester,6.628571428571429,9.89795918367347,random,53Q_gate_Rochester_small_2_2_1.5_no.8
rochester,5.655172413793103,13.68918918918919,random,53Q_gate_Rochester_large_1_0_1.5_no.4
rochester,8.040983606557377,4.717299578059071,sa,53Q_gate_Rochester_large_1_25_1.5_no.5
tokyo,2.1666666666666665,2.985294117647059,random,20Q_gate_Tokyo_large_1_1_1.5_no.1
rochester,3.044776119402985,12.625,identity,53Q_gate_Rochester_small_2_2_1.5_no.9
sycamore,6.054945054945055,5.724137931034483,identity,53Q_depth_Sycamore_large_None_4_2.55_no.9
tokyo,1.3518518518518519,3.0463576158940397,random,20Q_depth_Tokyo_large_None_3_2.55_no.4
sycamore,4.219178082191781,5.743243243243243,random,53Q_depth_Sycamore_large_None_5_2.55_no.2
rochester,4.26530612244898,9.86829268292683,identity,53Q_depth_Rochester_small_None_3_2.55_no.1
rochester,8.68421052631579,12.290909090909091,identity,53Q_depth_Rochester_small_None_2_2.55_no.6
rochester,4.76984126984127,5.411449016100179,sabre,53Q_depth_Rochester_large_None_10_1.5_no.0
sycamore,4.354838709677419,4.7924528301886795,sabre,53Q_gate_Sycamore_large_1_0_1.5_no.5
sycamore,4.230769230769231,5.580357142857143,sabre,53Q_gate_Sycamore_large_1_1_1.5_no.0
rochester,2.2794117647058822,5.622222222222222,sabre,53Q_depth_Rochester_small_None_3_2.55_no.3
sycamore,2.907730673316708,5.909438775510204,identity,53Q_depth_Sycamore_small_None_10_2.55_no.8
tokyo,2.732394366197183,3.134228187919463,identity,20Q_gate_Tokyo_large_1_4_1.5_no.9
sycamore,5.950819672131147,6.607407407407408,identity,53Q_depth_Sycamore_small_None_4_2.55_no.0
sycamore,4.03030303030303,4.020304568527918,sa,53Q_gate_Sycamore_large_2_25_1.5_no.0
rochester,8.266666666666667,9.733096085409253,random,53Q_depth_Rochester_small_None_4_1.5_no.5
sycamore,2.471264367816092,5.2,sabre,53Q_gate_Sycamore_small_2_2_1.5_no.4
tokyo,2.5338345864661656,2.8470149253731343,random,20Q_gate_Tokyo_large_1_10_1.5_no.1
sycamore,4.166666666666667,4.608108108108108,sabre,53Q_gate_Sycamore_small_2_3_1.5_no.1
rochester,6.80188679245283,6.224032586558045,identity,53Q_gate_Rochester_small_1_25_1.5_no.6
sycamore,2.232142857142857,4.776923076923077,sa,53Q_depth_Sycamore_small_None_4_1.5_no.1
tokyo,1.9543859649122808,2.56,sabre,20Q_gate_Tokyo_large_1_25_1.5_no.7
sycamore,5.088709677419355,5.378923766816143,random,53Q_gate_Sycamore_large_2_20_1.5_no.6
sycamore,3.589041095890411,4.797297297297297,sabre,53Q_depth_Sycamore_large_None_5_2.55_no.2
tokyo,1.0285714285714285,1.0980392156862746,sa,20Q_gate_Tokyo_large_1_5_1.5_no.0
rochester,9.44186046511628,12.729166666666666,random,53Q_depth_Rochester_large_None_2_1.5_no.7
rochester,3.8181818181818183,6.165217391304348,sa,53Q_depth_Rochester_small_None_10_1.5_no.3
rochester,6.317073170731708,9.922077922077921,identity,53Q_gate_Rochester_small_2_4_1.5_no.9
rochester,5.981132075471698,5.036363636363636,sabre,53Q_gate_Rochester_small_1_10_1.5_no.0
rochester,7.045454545454546,8.5,random,53Q_gate_Rochester_large_1_5_1.5_no.2
tokyo,1.2881355932203389,1.3609022556390977,sa,20Q_gate_Tokyo_large_2_5_1.5_no.3
rochester,3.9714285714285715,10.177966101694915,identity,53Q_depth_Rochester_small_None_4_2.55_no.5
rochester,8.32857142857143,10.038297872340426,identity,53Q_depth_Rochester_small_None_5_2.55_no.2
sycamore,5.214285714285714,6.310344827586207,identity,53Q_gate_Sycamore_large_1_2_1.5_no.1
sycamore,3.52,5.110497237569061,sa,53Q_depth_Sycamore_large_None_1_1.5_no.4
sycamore,3.2032967032967035,7.432098765432099,identity,53Q_depth_Sycamore_large_None_2_2.55_no.3
rochester,5.657894736842105,5.070904645476773,sa,53Q_gate_Rochester_large_2_20_1.5_no.3
sycamore,4.305555555555555,7.048,random,53Q_gate_Sycamore_small_1_0_1.5_no.3
rochester,5.129032258064516,6.354838709677419,sabre,53Q_gate_Rochester_small_2_0_1.5_no.3
sycamore,3.536312849162011,5.616161616161616,sabre,53Q_depth_Sycamore_small_None_3_2.55_no.3
rochester,3.098360655737705,5.421370967741935,sa,53Q_depth_Rochester_large_None_10_1.5_no.6
rochester,7.2317073170731705,7.0440097799511,random,53Q_gate_Rochester_large_1_15_1.5_no.9
sycamore,3.861788617886179,5.078125,sa,53Q_depth_Sycamore_large_None_3_2.55_no.0
rochester,6.915492957746479,5.050724637681159,sabre,53Q_gate_Rochester_large_2_20_1.5_no.2
rochester,5.964285714285714,6.522123893805309,sa,53Q_gate_Rochester_large_1_2_1.5_no.6
sycamore,5.169811320754717,7.316770186335404,identity,53Q_gate_Sycamore_small_1_3_1.5_no.2
sycamore,4.570422535211268,5.388145315487572,identity,53Q_gate_Sycamore_small_1_25_1.5_no.9
rochester,3.2916666666666665,6.125,sa,53Q_gate_Rochester_small_2_0_1.5_no.6
tokyo,2.2213740458015265,2.2491103202846974,sa,20Q_depth_Tokyo_large_None_5_1.5_no.3
tokyo,2.2046332046332044,2.8246013667425967,sabre,20Q_depth_Tokyo_large_None_10_1.5_no.8
tokyo,2.76271186440678,2.917293233082707,random,20Q_gate_Tokyo_large_2_5_1.5_no.3
rochester,8.53125,11.282051282051283,random,53Q_gate_Rochester_large_2_2_1.5_no.5
rochester,5.1875,5.794871794871795,sabre,53Q_gate_Rochester_large_2_2_1.5_no.5
sycamore,2.173469387755102,7.2631578947368425,random,53Q_gate_Sycamore_large_1_2_1.5_no.5
tokyo,1.3333333333333333,2.0588235294117645,sa,20Q_gate_Tokyo_large_1_1_1.5_no.1
sycamore,2.763440860215054,3.5346534653465347,sabre,53Q_depth_Sycamore_small_None_3_1.5_no.2
rochester,6.37037037037037,11.827586206896552,random,53Q_gate_Rochester_small_1_0_1.5_no.9
sycamore,5.785714285714286,6.3090909090909095,random,53Q_gate_Sycamore_small_2_4_1.5_no.3
rochester,5.787878787878788,9.071428571428571,sa,53Q_depth_Rochester_small_None_2_1.5_no.0
tokyo,1.8529411764705883,2.1052631578947367,sa,20Q_gate_Tokyo_large_2_1_1.5_no.2
rochester,3.8095238095238093,5.568627450980392,sabre,53Q_gate_Rochester_small_1_4_1.5_no.3
sycamore,2.6503067484662575,5.047794117647059,sa,53Q_depth_Sycamore_small_None_3_2.55_no.8
sycamore,3.7260273972602738,3.4790996784565915,sabre,53Q_gate_Sycamore_small_2_15_1.5_no.5
tokyo,1.5038461538461538,2.6271186440677967,sabre,20Q_depth_Tokyo_large_None_5_2.55_no.6
rochester,7.326086956521739,11.299363057324841,random,53Q_depth_Rochester_large_None_2_2.55_no.4
rochester,8.666666666666666,10.925,random,53Q_depth_Rochester_large_None_1_2.55_no.6
sycamore,5.849056603773585,5.660465116279069,random,53Q_gate_Sycamore_large_2_20_1.5_no.8
rochester,3.3085106382978724,8.725,sabre,53Q_depth_Rochester_large_None_2_1.5_no.8
sycamore,4.428571428571429,6.372822299651568,random,53Q_depth_Sycamore_small_None_3_1.5_no.1
rochester,4.758620689655173,5.5,sa,53Q_gate_Rochester_small_1_10_1.5_no.7
sycamore,4.8765432098765435,5.66887417218543,random,53Q_gate_Sycamore_small_1_10_1.5_no.4
rochester,6.361111111111111,4.4704,sa,53Q_gate_Rochester_large_1_25_1.5_no.2
tokyo,1.9038461538461537,3.3454545454545452,random,20Q_gate_Tokyo_large_1_1_1.5_no.6
tokyo,1.88,2.8970588235294117,random,20Q_depth_Tokyo_large_None_3_2.55_no.5
rochester,3.1470588235294117,3.6538461538461537,sabre,53Q_gate_Rochester_large_2_4_1.5_no.9
sycamore,1.8602150537634408,5.525862068965517,sabre,53Q_depth_Sycamore_small_None_2_2.55_no.2
sycamore,6.3584905660377355,6.983957219251337,random,53Q_gate_Sycamore_large_1_4_1.5_no.9
rochester,8.814432989690722,7.373493975903615,random,53Q_gate_Rochester_small_1_25_1.5_no.1
tokyo,1.919811320754717,2.163076923076923,sa,20Q_gate_Tokyo_large_2_25_1.5_no.8
sycamore,3.873873873873874,4.44139650872818,sabre,53Q_depth_Sycamore_large_None_4_2.55_no.3
sycamore,5.909090909090909,7.9,identity,53Q_gate_Sycamore_small_1_0_1.5_no.5
rochester,6.890625,11.189655172413794,identity,53Q_depth_Rochester_small_None_4_1.5_no.0
rochester,6.0,8.294117647058824,identity,53Q_gate_Rochester_small_1_10_1.5_no.7
sycamore,3.6818181818181817,5.0534351145038165,sabre,53Q_gate_Sycamore_small_1_2_1.5_no.1
rochester,3.92,5.9602272727272725,sa,53Q_depth_Rochester_large_None_2_2.55_no.5
sycamore,3.4705882352941178,4.58235294117647,sabre,53Q_gate_Sycamore_small_1_3_1.5_no.4
tokyo,2.1761006289308176,2.676470588235294,random,20Q_gate_Tokyo_large_2_15_1.5_no.0
rochester,3.5,6.465753424657534,sabre,53Q_gate_Rochester_large_1_0_1.5_no.7
rochester,3.927536231884058,7.571428571428571,sa,53Q_depth_Rochester_small_None_2_2.55_no.0
sycamore,4.102564102564102,7.51063829787234,random,53Q_gate_Sycamore_large_2_0_1.5_no.7
sycamore,5.9298245614035086,6.757575757575758,identity,53Q_depth_Sycamore_large_None_1_1.5_no.6
tokyo,2.3043478260869565,2.65,sabre,20Q_depth_Tokyo_large_None_2_1.5_no.4
tokyo,1.6296296296296295,2.2,sabre,20Q_depth_Tokyo_large_None_1_2.55_no.5
tokyo,3.032258064516129,2.8849557522123894,identity,20Q_gate_Tokyo_large_2_5_1.5_no.9
rochester,4.190476190476191,6.137254901960785,sa,53Q_gate_Rochester_small_1_4_1.5_no.3
sycamore,3.3447098976109215,4.5398550724637685,sa,53Q_depth_Sycamore_large_None_10_2.55_no.3
rochester,3.295918367346939,5.8655462184873945,sa,53Q_gate_Rochester_small_2_15_1.5_no.6
rochester,3.918918918918919,8.1875,sa,53Q_depth_Rochester_large_None_1_1.5_no.6
rochester,6.584905660377358,6.901015228426396,random,53Q_gate_Rochester_large_2_20_1.5_no.5
tokyo,2.128834355828221,2.9647058823529413,identity,20Q_gate_Tokyo_large_1_15_1.5_no.1
sycamore,4.4454976303317535,6.565476190476191,identity,53Q_depth_Sycamore_large_None_5_2.55_no.5
sycamore,4.098765432098766,4.630573248407643,sa,53Q_gate_Sycamore_small_1_15_1.5_no.3
tokyo,1.628930817610063,2.0934579439252334,sabre,20Q_gate_Tokyo_large_2_15_1.5_no.8
rochester,5.068965517241379,7.265682656826568,sabre,53Q_depth_Rochester_small_None_4_2.55_no.0
sycamore,3.627450980392157,5.87843137254902,identity,53Q_depth_Sycamore_small_None_10_1.5_no.9
tokyo,3.120879120879121,3.0643564356435644,random,20Q_depth_Tokyo_large_None_3_1.5_no.6
sycamore,4.452991452991453,6.314024390243903,random,53Q_depth_Sycamore_large_None_4_1.5_no.1
rochester,7.3076923076923075,12.48936170212766,identity,53Q_gate_Rochester_small_2_0_1.5_no.4
sycamore,4.108333333333333,3.0723684210526314,sabre,53Q_gate_Sycamore_large_1_20_1.5_no.2
tokyo,2.514018691588785,2.8030690537084397,identity,20Q_gate_Tokyo_large_2_25_1.5_no.9
sycamore,6.854166666666667,6.294117647058823,identity,53Q_gate_Sycamore_large_1_5_1.5_no.9
rochester,2.888888888888889,4.329670329670329,sabre,53Q_gate_Rochester_large_1_0_1.5_no.9
tokyo,1.424,2.116279069767442,sa,20Q_depth_Tokyo_large_None_3_1.5_no.8
rochester,6.5476190476190474,11.835820895522389,identity,53Q_depth_Rochester_large_None_1_1.5_no.1
sycamore,4.542857142857143,7.346153846153846,random,53Q_gate_Sycamore_large_2_0_1.5_no.9
rochester,4.8933333333333335,5.770318021201414,sabre,53Q_depth_Rochester_small_None_5_1.5_no.8
rochester,5.617647058823529,12.89655172413793,random,53Q_gate_Rochester_large_1_1_1.5_no.0
rochester,3.909090909090909,4.745098039215686,sabre,53Q_gate_Rochester_large_2_4_1.5_no.7
sycamore,1.9090909090909092,4.252631578947368,sabre,53Q_depth_Sycamore_small_None_5_1.5_no.0
sycamore,6.280701754385965,5.936254980079681,random,53Q_gate_Sycamore_large_1_4_1.5_no.7
tokyo,1.1567164179104477,1.509433962264151,sa,20Q_gate_Tokyo_large_1_20_1.5_no.4
sycamore,4.568181818181818,6.957446808510638,random,53Q_gate_Sycamore_small_2_2_1.5_no.1
sycamore,2.308108108108108,5.983221476510067,identity,53Q_depth_Sycamore_small_None_4_1.5_no.3
rochester,4.424242424242424,6.523809523809524,sabre,53Q_gate_Rochester_small_1_2_1.5_no.1
rochester,6.973684210526316,12.11304347826087,random,53Q_depth_Rochester_large_None_1_1.5_no.0
rochester,9.36,15.28,identity,53Q_gate_Rochester_small_1_0_1.5_no.2
rochester,3.4571428571428573,11.207627118644067,random,53Q_depth_Rochester_small_None_4_2.55_no.5
sycamore,3.0619047619047617,7.5704918032786885,identity,53Q_depth_Sycamore_small_None_3_2.55_no.6
rochester,3.645669291338583,7.010380622837371,sabre,53Q_depth_Rochester_small_None_5_2.55_no.9
sycamore,6.65625,7.65,identity,53Q_gate_Sycamore_large_1_1_1.5_no.6
rochester,4.622222222222222,6.694267515923567,sa,53Q_depth_Rochester_small_None_2_1.5_no.1
tokyo,1.6206896551724137,1.7894736842105263,sa,20Q_gate_Tokyo_large_1_0_1.5_no.5
tokyo,2.1911764705882355,2.963636363636364,random,20Q_gate_Tokyo_large_2_5_1.5_no.4
rochester,9.313253012048193,7.753112033195021,random,53Q_gate_Rochester_large_2_25_1.5_no.3
rochester,5.574074074074074,5.717948717948718,sabre,53Q_gate_Rochester_small_2_15_1.5_no.3
tokyo,2.2333333333333334,2.180327868852459,sa,20Q_gate_Tokyo_large_2_0_1.5_no.6
tokyo,1.2256637168141593,1.8888888888888888,sabre,20Q_depth_Tokyo_large_None_5_2.55_no.1
sycamore,4.973684210526316,6.858823529411764,random,53Q_depth_Sycamore_large_None_3_2.55_no.8
sycamore,5.2388059701492535,7.815028901734104,random,53Q_depth_Sycamore_large_None_1_1.5_no.7
rochester,5.943396226415095,6.083636363636364,sa,53Q_gate_Rochester_small_1_10_1.5_no.0
sycamore,2.891304347826087,6.82,identity,53Q_gate_Sycamore_small_2_5_1.5_no.5
sycamore,5.2875,6.687258687258687,random,53Q_depth_Sycamore_large_None_2_2.55_no.1
sycamore,5.641791044776119,7.025531914893617,identity,53Q_depth_Sycamore_small_None_2_1.5_no.3
rochester,7.911764705882353,9.341935483870968,random,53Q_gate_Rochester_large_1_4_1.5_no.6
sycamore,4.55,4.601880877742946,sa,53Q_depth_Sycamore_large_None_3_2.55_no.7
sycamore,3.645669291338583,5.444717444717445,identity,53Q_depth_Sycamore_large_None_10_1.5_no.0
sycamore,5.988372093023256,5.765217391304348,identity,53Q_gate_Sycamore_large_2_15_1.5_no.8
sycamore,6.236111111111111,6.481203007518797,random,53Q_gate_Sycamore_small_2_15_1.5_no.9
rochester,6.60655737704918,11.363636363636363,random,53Q_depth_Rochester_small_None_2_2.55_no.5
rochester,6.54,16.15463917525773,random,53Q_depth_Rochester_small_None_1_2.55_no.7
sycamore,2.9148936170212765,5.052238805970149,sabre,53Q_depth_Sycamore_large_None_1_1.5_no.9
rochester,4.2,7.630252100840337,sa,53Q_gate_Rochester_large_1_2_1.5_no.1
rochester,1.35,6.8,sa,53Q_gate_Rochester_small_2_0_1.5_no.1
sycamore,5.703448275862069,5.387622149837133,random,53Q_gate_Sycamore_large_1_25_1.5_no.5
tokyo,1.6,2.463768115942029,sa,20Q_depth_Tokyo_large_None_4_1.5_no.2
rochester,3.701863354037267,6.339743589743589,sa,53Q_depth_Rochester_small_None_10_1.5_no.2
sycamore,4.967741935483871,5.514285714285714,sabre,53Q_gate_Sycamore_large_2_0_1.5_no.0
rochester,4.643478260869565,6.720744680851064,random,53Q_gate_Rochester_small_1_20_1.5_no.7
sycamore,5.372549019607843,6.969230769230769,identity,53Q_gate_Sycamore_large_2_4_1.5_no.6
tokyo,1.1123595505617978,1.2097902097902098,sa,20Q_gate_Tokyo_large_1_4_1.5_no.4
rochester,6.133333333333334,14.098591549295774,identity,53Q_gate_Rochester_large_2_0_1.5_no.7
tokyo,1.9019607843137254,2.268041237113402,sa,20Q_gate_Tokyo_large_2_4_1.5_no.7
sycamore,5.264705882352941,5.4222222222222225,sabre,53Q_gate_Sycamore_large_2_1_1.5_no.5
tokyo,2.4,3.0382775119617227,identity,20Q_depth_Tokyo_large_None_4_1.5_no.0
sycamore,3.6666666666666665,5.0680628272251305,sa,53Q_depth_Sycamore_large_None_1_1.5_no.3
rochester,4.8053097345132745,6.11596958174905,sa,53Q_depth_Rochester_large_None_10_1.5_no.7
tokyo,1.4147465437788018,1.9914163090128756,sa,20Q_depth_Tokyo_large_None_5_2.55_no.9
sycamore,5.684210526315789,5.680851063829787,random,53Q_gate_Sycamore_small_2_15_1.5_no.7
sycamore,2.8507462686567164,4.294797687861272,sabre,53Q_depth_Sycamore_large_None_1_1.5_no.7
rochester,3.0,5.833887043189368,sa,53Q_gate_Rochester_large_2_20_1.5_no.4
rochester,7.864864864864865,11.006711409395972,random,53Q_gate_Rochester_large_2_3_1.5_no.1
rochester,7.545454545454546,6.715116279069767,identity,53Q_gate_Rochester_large_2_25_1.5_no.4
tokyo,1.9788732394366197,2.7355371900826446,identity,20Q_gate_Tokyo_large_2_15_1.5_no.4
sycamore,5.485714285714286,8.26923076923077,identity,53Q_gate_Sycamore_large_2_0_1.5_no.9
rochester,7.044642857142857,4.464454976303317,sabre,53Q_gate_Rochester_large_1_25_1.5_no.1
sycamore,3.9072164948453607,4.102439024390244,sa,53Q_gate_Sycamore_large_2_20_1.5_no.3
rochester,4.317073170731708,5.636363636363637,sa,53Q_gate_Rochester_small_2_4_1.5_no.9
tokyo,1.973856209150327,2.723981900452489,random,20Q_gate_Tokyo_large_1_10_1.5_no.6
tokyo,1.6343283582089552,2.1563342318059298,sabre,20Q_gate_Tokyo_large_1_20_1.5_no.4
sycamore,2.366863905325444,5.373983739837398,sa,53Q_depth_Sycamore_small_None_4_1.5_no.6
sycamore,5.455445544554456,4.090361445783133,sabre,53Q_gate_Sycamore_large_2_20_1.5_no.7
sycamore,6.405405405405405,7.933852140077821,random,53Q_depth_Sycamore_small_None_2_1.5_no.5
rochester,4.0227272727272725,13.442622950819672,identity,53Q_gate_Rochester_large_1_0_1.5_no.1
rochester,3.1707317073170733,4.6,sabre,53Q_depth_Rochester_large_None_1_2.55_no.5
sycamore,3.4545454545454546,4.171428571428572,sabre,53Q_gate_Sycamore_small_2_2_1.5_no.7
sycamore,3.673469387755102,4.533333333333333,sabre,53Q_depth_Sycamore_large_None_1_1.5_no.8
sycamore,3.421875,5.151020408163265,sa,53Q_depth_Sycamore_large_None_2_1.5_no.9
sycamore,6.038961038961039,6.142857142857143,random,53Q_gate_Sycamore_small_2_15_1.5_no.8
tokyo,1.8636363636363635,3.1940298507462686,random,20Q_gate_Tokyo_large_2_2_1.5_no.6
rochester,6.123595505617978,5.51685393258427,random,53Q_gate_Rochester_small_1_25_1.5_no.5
sycamore,4.071428571428571,4.9,sabre,53Q_gate_Sycamore_small_2_3_1.5_no.2
sycamore,6.129032258064516,5.100286532951289,random,53Q_gate_Sycamore_large_1_25_1.5_no.4
tokyo,1.0875912408759123,1.1887640449438202,sa,20Q_gate_Tokyo_large_1_20_1.5_no.0
sycamore,6.166666666666667,6.8,identity,53Q_depth_Sycamore_large_None_1_2.55_no.7
sycamore,2.449275362318841,6.205882352941177,sabre,53Q_gate_Sycamore_small_2_1_1.5_no.8
rochester,6.769230769230769,9.716981132075471,identity,53Q_gate_Rochester_large_2_3_1.5_no.2
sycamore,5.422727272727273,5.635678391959799,identity,53Q_depth_Sycamore_large_None_10_2.55_no.5
sycamore,4.968085106382978,6.154302670623146,identity,53Q_depth_Sycamore_large_None_4_1.5_no.3
rochester,8.81578947368421,11.333333333333334,identity,53Q_gate_Rochester_large_1_3_1.5_no.4
tokyo,2.3947368421052633,3.175438596491228,random,20Q_depth_Tokyo_large_None_3_1.5_no.0
rochester,3.3518518518518516,5.995348837209303,sa,53Q_gate_Rochester_large_1_5_1.5_no.3
rochester,7.368421052631579,10.63265306122449,random,53Q_depth_Rochester_large_None_4_2.55_no.5
rochester,6.303571428571429,7.291497975708502,identity,53Q_gate_Rochester_small_1_15_1.5_no.2
rochester,3.9473684210526314,7.3652173913043475,sa,53Q_depth_Rochester_large_None_1_1.5_no.0
rochester,3.032258064516129,4.140625,sabre,53Q_gate_Rochester_small_2_15_1.5_no.2
rochester,6.6,6.941988950276243,random,53Q_gate_Rochester_large_2_20_1.5_no.1
rochester,5.456140350877193,9.145454545454545,sa,53Q_depth_Rochester_small_None_2_2.55_no.6
rochester,3.0782608695652174,6.586614173228346,sabre,53Q_depth_Rochester_small_None_4_2.55_no.4
rochester,7.354838709677419,9.395522388059701,identity,53Q_gate_Rochester_small_2_5_1.5_no.1
sycamore,4.395522388059701,4.2017353579175705,sa,53Q_gate_Sycamore_small_2_25_1.5_no.3
tokyo,1.1086142322097379,1.1965065502183405,sabre,20Q_gate_Tokyo_large_1_25_1.5_no.8
sycamore,5.947368421052632,6.24113475177305,random,53Q_depth_Sycamore_large_None_4_1.5_no.5
rochester,6.586776859504132,4.109571788413098,sabre,53Q_gate_Rochester_large_1_25_1.5_no.0
rochester,5.777777777777778,7.807017543859649,sa,53Q_depth_Rochester_large_None_2_2.55_no.3
sycamore,4.6923076923076925,4.678260869565217,sabre,53Q_gate_Sycamore_small_2_15_1.5_no.6
rochester,6.95,12.076923076923077,random,53Q_gate_Rochester_small_2_3_1.5_no.8
tokyo,1.995850622406639,2.4790697674418603,random,20Q_gate_Tokyo_large_1_20_1.5_no.9
rochester,6.766666666666667,11.871794871794872,random,53Q_gate_Rochester_large_1_1_1.5_no.4
sycamore,4.7894736842105265,5.5606060606060606,sabre,53Q_depth_Sycamore_large_None_1_1.5_no.6
sycamore,4.2967032967032965,5.391304347826087,random,53Q_gate_Sycamore_small_2_15_1.5_no.6
sycamore,5.6923076923076925,7.914893617021277,identity,53Q_depth_Sycamore_small_None_1_1.5_no.6
rochester,4.246913580246914,9.339622641509434,identity,53Q_gate_Rochester_small_1_5_1.5_no.7
tokyo,2.0148148148148146,2.883720930232558,random,20Q_depth_Tokyo_large_None_3_2.55_no.3
sycamore,2.9307692307692306,5.437699680511182,sa,53Q_depth_Sycamore_small_None_3_1.5_no.4
tokyo,1.955128205128205,2.819004524886878,identity,20Q_depth_Tokyo_large_None_4_1.5_no.1
sycamore,2.5256410256410255,7.551724137931035,random,53Q_gate_Sycamore_large_2_0_1.5_no.6
rochester,6.014084507042254,10.734439834024895,random,53Q_depth_Rochester_small_None_4_1.5_no.4
rochester,5.068965517241379,7.105882352941176,sabre,53Q_gate_Rochester_large_1_0_1.5_no.6
rochester,7.037037037037037,6.374407582938389,random,53Q_gate_Rochester_large_2_25_1.5_no.7
rochester,6.735294117647059,10.768,identity,53Q_gate_Rochester_small_2_3_1.5_no.1
sycamore,5.1875,6.356020942408377,random,53Q_depth_Sycamore_large_None_1_1.5_no.3
sycamore,3.620967741935484,7.5675675675675675,random,53Q_depth_Sycamore_large_None_2_2.55_no.5
sycamore,2.626126126126126,4.357320099255583,sabre,53Q_depth_Sycamore_large_None_4_2.55_no.2
tokyo,2.0,2.2605042016806722,sa,20Q_gate_Tokyo_large_2_4_1.5_no.3
tokyo,1.4578313253012047,1.9557522123893805,sa,20Q_gate_Tokyo_large_1_4_1.5_no.0
rochester,3.926470588235294,10.524475524475525,random,53Q_depth_Rochester_large_None_2_1.5_no.6
rochester,5.83,6.910755148741419,sa,53Q_depth_Rochester_large_None_10_1.5_no.1
rochester,4.75,10.469565217391304,identity,53Q_depth_Rochester_large_None_1_1.5_no.4
rochester,7.770833333333333,10.114754098360656,random,53Q_gate_Rochester_large_1_4_1.5_no.2
rochester,2.389830508474576,9.547945205479452,sa,53Q_gate_Rochester_large_2_1_1.5_no.1
sycamore,4.420634920634921,5.130081300813008,sa,53Q_depth_Sycamore_small_None_4_2.55_no.4
rochester,8.482758620689655,11.285714285714286,identity,53Q_gate_Rochester_small_1_3_1.5_no.7
sycamore,5.482142857142857,7.407608695652174,random,53Q_gate_Sycamore_large_1_4_1.5_no.8
tokyo,1.775,2.6818181818181817,sabre,20Q_depth_Tokyo_large_None_5_1.5_no.6
rochester,3.875968992248062,5.055335968379446,sa,53Q_depth_Rochester_small_None_10_1.5_no.4
rochester,3.3684210526315788,4.264150943396227,sabre,53Q_gate_Rochester_large_2_4_1.5_no.8
sycamore,5.409090909090909,6.87037037037037,identity,53Q_gate_Sycamore_large_1_2_1.5_no.0
sycamore,3.581967213114754,5.527777777777778,sabre,53Q_depth_Sycamore_small_None_2_2.55_no.3
rochester,4.848484848484849,7.230769230769231,sa,53Q_gate_Rochester_small_1_3_1.5_no.1
rochester,9.147058823529411,7.939473684210526,random,53Q_gate_Rochester_small_1_20_1.5_no.3
rochester,5.898550724637682,8.906666666666666,identity,53Q_gate_Rochester_large_1_10_1.5_no.9
sycamore,4.012345679012346,3.856687898089172,sabre,53Q_gate_Sycamore_small_1_15_1.5_no.3
sycamore,5.694915254237288,5.587548638132295,random,53Q_gate_Sycamore_large_1_4_1.5_no.6
sycamore,2.74,4.445544554455446,sabre,53Q_depth_Sycamore_small_None_5_1.5_no.1
rochester,4.103448275862069,6.054054054054054,sa,53Q_gate_Rochester_small_2_25_1.5_no.9
rochester,3.4857142857142858,5.145833333333333,sabre,53Q_gate_Rochester_large_2_4_1.5_no.6
rochester,2.731707317073171,5.316326530612245,sabre,53Q_gate_Rochester_small_1_2_1.5_no.0
sycamore,4.444444444444445,7.541353383458647,identity,53Q_gate_Sycamore_small_1_3_1.5_no.3
sycamore,5.769230769230769,6.8321678321678325,random,53Q_gate_Sycamore_small_2_2_1.5_no.0
sycamore,5.0578512396694215,4.91858407079646,identity,53Q_gate_Sycamore_small_1_25_1.5_no.8
rochester,4.9375,9.594594594594595,identity,53Q_gate_Rochester_large_2_5_1.5_no.2
sycamore,6.609375,6.743494423791821,identity,53Q_depth_Sycamore_large_None_2_1.5_no.3
rochester,7.666666666666667,8.54945054945055,random,53Q_gate_Rochester_large_2_3_1.5_no.5
tokyo,2.0,2.2580645161290325,sa,20Q_gate_Tokyo_large_2_0_1.5_no.2
rochester,4.351351351351352,5.606451612903226,sa,53Q_gate_Rochester_large_2_5_1.5_no.9
sycamore,4.09375,5.456310679611651,sabre,53Q_gate_Sycamore_large_1_0_1.5_no.6
rochester,6.032258064516129,10.19811320754717,random,53Q_gate_Rochester_small_1_1_1.5_no.9
rochester,7.0625,8.636363636363637,identity,53Q_gate_Rochester_large_1_5_1.5_no.4
sycamore,3.1538461538461537,4.354166666666667,sa,53Q_gate_Sycamore_large_1_10_1.5_no.3
sycamore,4.918918918918919,8.759615384615385,random,53Q_gate_Sycamore_large_2_0_1.5_no.8
rochester,10.266666666666667,10.373665480427047,identity,53Q_depth_Rochester_small_None_4_1.5_no.5
rochester,4.411764705882353,6.509615384615385,sabre,53Q_gate_Rochester_large_1_0_1.5_no.8
tokyo,1.1320754716981132,2.066666666666667,sa,20Q_gate_Tokyo_large_1_0_1.5_no.1
sycamore,4.294117647058823,4.591549295774648,sabre,53Q_gate_Sycamore_large_1_1_1.5_no.3
rochester,7.986666666666666,9.502762430939226,identity,53Q_gate_Rochester_large_2_20_1.5_no.1
rochester,2.8125,4.458333333333333,sabre,53Q_depth_Rochester_large_None_3_1.5_no.8
rochester,3.813953488372093,5.304347826086956,sabre,53Q_depth_Rochester_large_None_1_2.55_no.1
sycamore,6.587301587301587,6.94140625,random,53Q_depth_Sycamore_small_None_2_1.5_no.1
rochester,7.16,11.073863636363637,random,53Q_depth_Rochester_large_None_2_2.55_no.5
rochester,1.9397590361445782,5.794871794871795,sa,53Q_depth_Rochester_small_None_2_1.5_no.7
rochester,3.0714285714285716,10.919354838709678,random,53Q_depth_Rochester_large_None_1_2.55_no.7
tokyo,1.7522935779816513,2.1818181818181817,sabre,20Q_gate_Tokyo_large_2_10_1.5_no.4
tokyo,2.0579710144927534,2.2642857142857142,sa,20Q_depth_Tokyo_large_None_2_1.5_no.4
sycamore,3.0208333333333335,3.888198757763975,sabre,53Q_gate_Sycamore_large_1_3_1.5_no.9
rochester,1.7358490566037736,7.7,sabre,53Q_gate_Rochester_small_2_0_1.5_no.2
sycamore,2.6228070175438596,4.153846153846154,sabre,53Q_depth_Sycamore_small_None_3_2.55_no.2
sycamore,4.324324324324325,8.326315789473684,random,53Q_gate_Sycamore_small_1_0_1.5_no.2
sycamore,5.054054054054054,7.534653465346534,identity,53Q_gate_Sycamore_small_1_0_1.5_no.4
tokyo,1.2,1.588679245283019,sa,20Q_depth_Tokyo_large_None_5_2.55_no.4
tokyo,1.8383233532934131,3.3443708609271523,random,20Q_depth_Tokyo_large_None_3_2.55_no.2
sycamore,4.0,5.147435897435898,sabre,53Q_depth_Sycamore_large_None_5_2.55_no.3
rochester,3.1186440677966103,14.653846153846153,identity,53Q_gate_Rochester_large_1_1_1.5_no.9
sycamore,3.102189781021898,5.694444444444445,sa,53Q_depth_Sycamore_small_None_3_1.5_no.3
rochester,5.319148936170213,4.353658536585366,sabre,53Q_gate_Rochester_small_1_10_1.5_no.1
rochester,4.446808510638298,6.805755395683454,sa,53Q_depth_Rochester_small_None_2_2.55_no.7
sycamore,3.592857142857143,4.618798955613577,sa,53Q_gate_Sycamore_small_2_20_1.5_no.0
tokyo,1.6421725239616614,1.7931654676258992,sa,20Q_gate_Tokyo_large_1_25_1.5_no.5
sycamore,4.871287128712871,4.668674698795181,random,53Q_gate_Sycamore_large_2_20_1.5_no.7
rochester,4.7105263157894735,5.992857142857143,sa,53Q_depth_Rochester_large_None_2_2.55_no.2
sycamore,4.609756097560975,5.352297592997812,random,53Q_gate_Sycamore_large_2_20_1.5_no.9
rochester,6.528735632183908,10.907749077490775,identity,53Q_depth_Rochester_small_None_4_2.55_no.0
tokyo,2.3372093023255816,2.8727272727272726,random,20Q_depth_Tokyo_large_None_3_1.5_no.1
rochester,6.106194690265487,10.110738255033556,identity,53Q_depth_Rochester_small_None_5_2.55_no.7
sycamore,3.893617021276596,4.631578947368421,sabre,53Q_gate_Sycamore_large_2_2_1.5_no.9
rochester,8.130434782608695,7.8689024390243905,identity,53Q_gate_Rochester_large_2_15_1.5_no.0
sycamore,5.053333333333334,5.246478873239437,random,53Q_gate_Sycamore_small_1_10_1.5_no.5
rochester,6.270833333333333,6.827751196172249,sa,53Q_gate_Rochester_large_1_5_1.5_no.4
rochester,4.928571428571429,9.082089552238806,sa,53Q_depth_Rochester_large_None_1_1.5_no.1
sycamore,5.732673267326732,6.266832917705735,random,53Q_depth_Sycamore_large_None_5_1.5_no.1
sycamore,2.656934306569343,5.537037037037037,sabre,53Q_depth_Sycamore_small_None_3_1.5_no.3
sycamore,4.934782608695652,6.666666666666667,random,53Q_gate_Sycamore_large_1_2_1.5_no.4
sycamore,3.7941176470588234,5.2272727272727275,sabre,53Q_gate_Sycamore_large_2_0_1.5_no.3
tokyo,1.56,1.6875,sa,20Q_depth_Tokyo_large_None_3_2.55_no.7
rochester,4.214285714285714,5.391752577319588,sabre,53Q_gate_Rochester_large_2_2_1.5_no.4
rochester,4.54424778761062,9.993657505285412,identity,53Q_depth_Rochester_small_None_10_2.55_no.9
rochester,4.4411764705882355,6.1,sabre,53Q_gate_Rochester_small_1_4_1.5_no.2
tokyo,1.1827956989247312,1.3564356435643565,sa,20Q_gate_Tokyo_large_2_20_1.5_no.9
sycamore,4.805555555555555,4.6923076923076925,sabre,53Q_gate_Sycamore_large_2_1_1.5_no.6
sycamore,5.673913043478261,5.879310344827586,random,53Q_gate_Sycamore_small_2_4_1.5_no.2
sycamore,6.5964912280701755,6.072519083969466,identity,53Q_gate_Sycamore_large_1_5_1.5_no.8
rochester,4.2153846153846155,5.683206106870229,sabre,53Q_depth_Rochester_small_None_4_1.5_no.8
tokyo,2.825,3.0232558139534884,random,20Q_gate_Tokyo_large_2_2_1.5_no.1
rochester,5.777777777777778,9.790697674418604,random,53Q_gate_Rochester_large_1_0_1.5_no.0
rochester,7.5,10.447761194029852,random,53Q_depth_Rochester_large_None_1_1.5_no.1
sycamore,4.040816326530612,3.5054945054945055,sabre,53Q_gate_Sycamore_large_2_20_1.5_no.4
sycamore,4.609589041095891,6.878172588832487,random,53Q_depth_Sycamore_large_None_5_2.55_no.6
rochester,2.6837606837606836,4.685714285714286,sa,53Q_gate_Rochester_small_1_20_1.5_no.8
sycamore,3.765957446808511,7.258620689655173,identity,53Q_gate_Sycamore_large_1_1_1.5_no.7
rochester,3.9367088607594938,5.471698113207547,sabre,53Q_depth_Rochester_large_None_10_1.5_no.4
rochester,5.0,10.619565217391305,identity,53Q_depth_Rochester_large_None_2_2.55_no.8
tokyo,2.2026143790849675,2.9473684210526314,identity,20Q_gate_Tokyo_large_2_15_1.5_no.7
rochester,4.678260869565217,11.086614173228346,random,53Q_depth_Rochester_small_None_4_2.55_no.4
rochester,4.578947368421052,3.5232273838630808,sabre,53Q_gate_Rochester_large_2_20_1.5_no.3
rochester,8.22689075630252,6.798722044728435,identity,53Q_gate_Rochester_large_1_25_1.5_no.8
rochester,8.411764705882353,6.794736842105263,identity,53Q_gate_Rochester_small_1_20_1.5_no.3
rochester,7.68,7.913043478260869,random,53Q_gate_Rochester_small_2_10_1.5_no.9
rochester,4.603174603174603,7.495,sabre,53Q_depth_Rochester_small_None_3_2.55_no.7
tokyo,1.1571428571428573,1.894736842105263,sa,20Q_gate_Tokyo_large_2_1_1.5_no.6
tokyo,1.121212121212121,1.4838709677419355,sa,20Q_gate_Tokyo_large_1_1_1.5_no.5
tokyo,1.2826086956521738,2.575,sabre,20Q_depth_Tokyo_large_None_1_1.5_no.9
sycamore,2.896551724137931,3.925675675675676,sa,53Q_gate_Sycamore_large_1_15_1.5_no.0
rochester,7.0,8.852941176470589,sa,53Q_depth_Rochester_small_None_2_1.5_no.6
tokyo,1.8758169934640523,2.3289473684210527,sabre,20Q_gate_Tokyo_large_2_15_1.5_no.7
rochester,5.467532467532467,10.730964467005077,identity,53Q_depth_Rochester_small_None_3_2.55_no.4
rochester,4.193181818181818,12.270833333333334,identity,53Q_depth_Rochester_small_None_2_2.55_no.3
tokyo,1.9724770642201834,2.4451219512195124,sa,20Q_depth_Tokyo_large_None_3_1.5_no.5
sycamore,3.5384615384615383,5.180851063829787,sabre,53Q_gate_Sycamore_small_1_0_1.5_no.8
sycamore,5.656565656565657,5.514634146341463,identity,53Q_gate_Sycamore_large_2_15_1.5_no.9
tokyo,1.7017543859649122,2.3655172413793104,sa,20Q_depth_Tokyo_large_None_2_2.55_no.0
rochester,7.465116279069767,8.45945945945946,random,53Q_gate_Rochester_large_1_5_1.5_no.6
sycamore,5.714285714285714,7.576158940397351,identity,53Q_gate_Sycamore_small_2_5_1.5_no.4
sycamore,3.5,4.664285714285715,sabre,53Q_gate_Sycamore_small_1_2_1.5_no.2
rochester,4.125,11.308270676691729,random,53Q_depth_Rochester_small_None_2_2.55_no.4
sycamore,4.090909090909091,4.052941176470588,sabre,53Q_gate_Sycamore_small_1_3_1.5_no.7
rochester,5.48936170212766,13.785714285714286,random,53Q_depth_Rochester_small_None_1_2.55_no.6
tokyo,1.7164179104477613,2.1904761904761907,sa,20Q_gate_Tokyo_large_2_5_1.5_no.7
rochester,4.404761904761905,5.545617173524151,sa,53Q_depth_Rochester_large_None_10_1.5_no.0
sycamore,4.101449275362318,3.903878583473862,sabre,53Q_gate_Sycamore_large_1_20_1.5_no.1
sycamore,6.026315789473684,6.701986754966887,identity,53Q_gate_Sycamore_large_2_4_1.5_no.7
tokyo,1.0919540229885059,1.1775147928994083,sa,20Q_gate_Tokyo_large_1_5_1.5_no.4
sycamore,2.7803738317757007,5.60427807486631,sa,53Q_depth_Sycamore_small_None_4_2.55_no.3
rochester,3.4722222222222223,5.921212121212121,sa,53Q_depth_Rochester_small_None_10_1.5_no.5
sycamore,3.734375,3.9884615384615385,sabre,53Q_gate_Sycamore_large_2_10_1.5_no.9
tokyo,2.3401015228426396,2.761744966442953,identity,20Q_gate_Tokyo_large_1_15_1.5_no.2
rochester,2.4347826086956523,6.448275862068965,sa,53Q_gate_Rochester_large_2_1_1.5_no.6
rochester,3.5757575757575757,6.25,sa,53Q_gate_Rochester_small_1_3_1.5_no.6
tokyo,2.240566037735849,2.68,random,20Q_gate_Tokyo_large_2_25_1.5_no.8
tokyo,1.7132867132867133,2.589108910891089,sabre,20Q_depth_Tokyo_large_None_5_1.5_no.1
rochester,4.316239316239316,11.060975609756097,identity,53Q_depth_Rochester_small_None_5_1.5_no.7
sycamore,4.756756756756757,7.634615384615385,identity,53Q_gate_Sycamore_large_2_0_1.5_no.8
rochester,6.433333333333334,11.793814432989691,random,53Q_gate_Rochester_large_2_2_1.5_no.1
tokyo,1.4,2.247191011235955,sa,20Q_depth_Tokyo_large_None_4_2.55_no.3
tokyo,1.90625,2.9615384615384617,identity,20Q_depth_Tokyo_large_None_2_1.5_no.3
rochester,7.5,9.928,identity,53Q_depth_Rochester_large_None_1_2.55_no.0
sycamore,3.0352941176470587,6.858585858585859,random,53Q_depth_Sycamore_small_None_3_1.5_no.5
rochester,4.066666666666666,7.422535211267606,sa,53Q_gate_Rochester_large_2_0_1.5_no.7
sycamore,4.882352941176471,6.108108108108108,identity,53Q_gate_Sycamore_large_1_3_1.5_no.2
tokyo,2.3391304347826085,2.722488038277512,sabre,20Q_depth_Tokyo_large_None_4_1.5_no.0
sycamore,3.75,3.9753424657534246,sa,53Q_depth_Sycamore_large_None_10_1.5_no.7
rochester,3.25,6.404761904761905,sa,53Q_gate_Rochester_small_1_2_1.5_no.7
sycamore,4.246913580246914,5.032154340836013,sabre,53Q_depth_Sycamore_large_None_3_1.5_no.9
rochester,5.264705882352941,10.989690721649485,random,53Q_depth_Rochester_small_None_1_1.5_no.9
rochester,7.65,11.629807692307692,random,53Q_depth_Rochester_large_None_3_1.5_no.4
sycamore,2.572649572649573,4.6821052631578945,sa,53Q_depth_Sycamore_large_None_5_2.55_no.9
sycamore,4.208791208791209,4.756521739130434,sa,53Q_gate_Sycamore_small_2_15_1.5_no.6
rochester,9.473684210526315,7.43448275862069,identity,53Q_gate_Rochester_large_2_20_1.5_no.9
sycamore,5.117647058823529,7.641618497109826,identity,53Q_depth_Sycamore_small_None_1_2.55_no.6
rochester,7.78125,9.00361010830325,random,53Q_gate_Rochester_small_1_15_1.5_no.9
rochester,3.910891089108911,8.568493150684931,sabre,53Q_depth_Rochester_small_None_10_2.55_no.0
sycamore,4.72,4.627551020408164,sa,53Q_gate_Sycamore_small_1_3_1.5_no.9
rochester,6.6923076923076925,8.300578034682081,sa,53Q_depth_Rochester_small_None_2_1.5_no.5
rochester,6.17910447761194,7.734265734265734,identity,53Q_gate_Rochester_large_1_10_1.5_no.1
rochester,6.283333333333333,7.830065359477124,sabre,53Q_depth_Rochester_small_None_10_1.5_no.7
rochester,5.780487804878049,4.842245989304812,sa,53Q_gate_Rochester_small_2_20_1.5_no.7
rochester,3.8524590163934427,6.2631578947368425,sabre,53Q_depth_Rochester_large_None_4_1.5_no.6
sycamore,5.817518248175182,6.809290953545232,random,53Q_depth_Sycamore_small_None_5_2.55_no.5
rochester,5.369565217391305,11.393305439330543,random,53Q_depth_Rochester_small_None_5_1.5_no.6
rochester,5.218181818181818,10.95625,identity,53Q_depth_Rochester_large_None_3_1.5_no.1
sycamore,3.15,5.143203883495145,sa,53Q_depth_Sycamore_small_None_5_2.55_no.1
rochester,4.845070422535211,9.455479452054794,random,53Q_depth_Rochester_large_None_5_2.55_no.4
sycamore,2.0416666666666665,5.766129032258065,sa,53Q_gate_Sycamore_small_2_3_1.5_no.8
sycamore,4.912698412698413,5.5698630136986305,identity,53Q_gate_Sycamore_small_1_20_1.5_no.5
sycamore,5.085365853658536,5.950920245398773,identity,53Q_gate_Sycamore_small_1_10_1.5_no.7
sycamore,4.262626262626263,4.191343963553531,identity,53Q_gate_Sycamore_large_1_15_1.5_no.3
sycamore,2.933333333333333,3.9789473684210526,sabre,53Q_gate_Sycamore_small_1_10_1.5_no.6
tokyo,2.35,2.595419847328244,random,20Q_gate_Tokyo_large_2_20_1.5_no.1
sycamore,5.075342465753424,4.802955665024631,identity,53Q_gate_Sycamore_large_1_25_1.5_no.1
tokyo,1.2233502538071066,1.342281879194631,sa,20Q_gate_Tokyo_large_1_15_1.5_no.2
sycamore,4.578125,5.322033898305085,sabre,53Q_depth_Sycamore_small_None_1_2.55_no.0
rochester,5.657894736842105,12.096774193548388,identity,53Q_gate_Rochester_small_2_3_1.5_no.9
sycamore,5.431818181818182,7.297709923664122,identity,53Q_gate_Sycamore_small_1_2_1.5_no.1
rochester,4.536764705882353,6.161224489795918,sa,53Q_depth_Rochester_small_None_10_1.5_no.6
rochester,3.0123456790123457,7.017441860465116,sabre,53Q_depth_Rochester_large_None_10_2.55_no.4
tokyo,1.9090909090909092,3.0603248259860787,identity,20Q_depth_Tokyo_large_None_10_2.55_no.1
rochester,6.344827586206897,12.873684210526315,random,53Q_gate_Rochester_small_2_1_1.5_no.0
rochester,7.758620689655173,6.266881028938907,sa,53Q_gate_Rochester_large_1_10_1.5_no.3
sycamore,4.7272727272727275,4.463636363636364,sabre,53Q_gate_Sycamore_large_1_5_1.5_no.3
sycamore,3.6666666666666665,4.39261744966443,sabre,53Q_depth_Sycamore_large_None_3_1.5_no.7
rochester,4.876106194690266,5.380368098159509,sa,53Q_depth_Rochester_large_None_10_1.5_no.3
rochester,3.9210526315789473,8.634146341463415,sa,53Q_depth_Rochester_small_None_1_1.5_no.8
sycamore,3.440677966101695,3.801556420233463,sabre,53Q_gate_Sycamore_large_1_4_1.5_no.6
tokyo,1.9649122807017543,2.52,random,20Q_gate_Tokyo_large_1_25_1.5_no.7
sycamore,2.8870967741935485,4.797687861271676,sabre,53Q_gate_Sycamore_small_2_5_1.5_no.8
rochester,5.219512195121951,6.426229508196721,sa,53Q_gate_Rochester_large_1_4_1.5_no.5
rochester,6.811764705882353,5.754854368932039,sabre,53Q_gate_Rochester_large_1_15_1.5_no.3
sycamore,3.0778443113772456,4.703399765533412,sa,53Q_depth_Sycamore_small_None_10_2.55_no.4
rochester,4.957446808510638,7.5363128491620115,sa,53Q_depth_Rochester_large_None_2_2.55_no.1
sycamore,5.975,7.090909090909091,random,53Q_gate_Sycamore_large_2_2_1.5_no.7
rochester,6.746268656716418,8.685950413223141,random,53Q_depth_Rochester_large_None_10_2.55_no.0
sycamore,1.5135135135135136,4.7105263157894735,sa,53Q_depth_Sycamore_small_None_1_2.55_no.5
rochester,3.966666666666667,5.132075471698113,sabre,53Q_gate_Rochester_large_1_2_1.5_no.7
tokyo,1.87012987012987,3.0642201834862384,identity,20Q_gate_Tokyo_large_1_3_1.5_no.5
rochester,3.8684210526315788,6.635514018691588,sabre,53Q_gate_Rochester_small_2_4_1.5_no.1
rochester,3.5,8.353383458646617,sa,53Q_depth_Rochester_small_None_2_2.55_no.4
rochester,5.0588235294117645,5.76978417266187,sabre,53Q_depth_Rochester_small_None_2_1.5_no.2
sycamore,2.4796747967479673,6.061538461538461,random,53Q_gate_Sycamore_small_1_4_1.5_no.1
tokyo,2.3260869565217392,2.6774193548387095,identity,20Q_gate_Tokyo_large_1_2_1.5_no.0
rochester,5.177215189873418,8.075471698113208,random,53Q_depth_Rochester_large_None_10_1.5_no.4
rochester,9.225,10.64864864864865,identity,53Q_gate_Rochester_small_2_5_1.5_no.9
rochester,7.757575757575758,11.19083969465649,random,53Q_gate_Rochester_small_2_4_1.5_no.6
tokyo,1.245,1.3129770992366412,sabre,20Q_gate_Tokyo_large_2_20_1.5_no.1
tokyo,1.5121951219512195,2.1194029850746268,sa,20Q_gate_Tokyo_large_1_2_1.5_no.8
rochester,5.552238805970149,4.879310344827586,sa,53Q_gate_Rochester_large_2_15_1.5_no.5
tokyo,1.6756756756756757,2.9344262295081966,random,20Q_depth_Tokyo_large_None_3_2.55_no.1
sycamore,5.043859649122807,5.052980132450331,random,53Q_gate_Sycamore_small_2_25_1.5_no.5
tokyo,2.287671232876712,2.561224489795918,random,20Q_gate_Tokyo_large_2_3_1.5_no.0
tokyo,2.376068376068376,2.7794117647058822,identity,20Q_depth_Tokyo_large_None_4_2.55_no.5
sycamore,6.625,6.485294117647059,random,53Q_depth_Sycamore_large_None_1_2.55_no.9
sycamore,3.2490706319702602,4.960159362549801,sabre,53Q_depth_Sycamore_small_None_10_1.5_no.0
sycamore,5.9523809523809526,5.321931589537224,random,53Q_gate_Sycamore_large_1_15_1.5_no.9
sycamore,4.459677419354839,3.961102106969206,sa,53Q_gate_Sycamore_large_1_20_1.5_no.6
tokyo,1.5762081784386617,2.0304347826086957,sa,20Q_depth_Tokyo_large_None_10_1.5_no.0
sycamore,4.550724637681159,5.316793893129771,sa,53Q_depth_Sycamore_small_None_2_1.5_no.2
rochester,4.074074074074074,6.926829268292683,sabre,53Q_gate_Rochester_small_1_0_1.5_no.1
tokyo,1.4832535885167464,2.1595505617977526,sa,20Q_depth_Tokyo_large_None_10_2.55_no.9
sycamore,2.2625,7.724137931034483,random,53Q_gate_Sycamore_small_2_0_1.5_no.1
sycamore,5.195876288659794,5.331775700934579,random,53Q_gate_Sycamore_large_1_15_1.5_no.7
rochester,7.444444444444445,7.0,sabre,53Q_depth_Rochester_large_None_3_2.55_no.4
sycamore,3.1470588235294117,5.5625,sa,53Q_gate_Sycamore_small_2_0_1.5_no.9
rochester,4.404255319148936,5.080332409972299,sabre,53Q_gate_Rochester_small_2_25_1.5_no.1
rochester,6.225806451612903,6.766590389016018,identity,53Q_gate_Rochester_small_2_25_1.5_no.2
rochester,8.363636363636363,11.846153846153847,random,53Q_gate_Rochester_small_1_3_1.5_no.1
rochester,4.162162162162162,7.956896551724138,sa,53Q_depth_Rochester_large_None_1_1.5_no.2
rochester,5.288659793814433,4.692771084337349,sa,53Q_gate_Rochester_small_1_25_1.5_no.1
sycamore,4.18,3.3552631578947367,sabre,53Q_gate_Sycamore_small_2_10_1.5_no.3
sycamore,3.6153846153846154,6.01063829787234,sa,53Q_gate_Sycamore_small_1_0_1.5_no.8
rochester,4.894736842105263,6.4,sabre,53Q_depth_Rochester_large_None_1_1.5_no.0
sycamore,4.76595744680851,7.315789473684211,random,53Q_gate_Sycamore_large_2_2_1.5_no.9
rochester,4.65625,5.170731707317073,sabre,53Q_gate_Rochester_large_1_2_1.5_no.9
rochester,10.074074074074074,10.685344827586206,random,53Q_depth_Rochester_large_None_3_2.55_no.4
tokyo,2.120967741935484,3.3389830508474576,random,20Q_depth_Tokyo_large_None_3_1.5_no.2
tokyo,2.1707317073170733,2.879245283018868,identity,20Q_depth_Tokyo_large_None_5_2.55_no.4
rochester,4.866666666666666,7.098039215686274,sa,53Q_depth_Rochester_small_None_10_1.5_no.7
rochester,5.348214285714286,6.030075187969925,sa,53Q_depth_Rochester_large_None_10_1.5_no.2
sycamore,7.3,6.441558441558442,random,53Q_gate_Sycamore_large_2_4_1.5_no.5
rochester,4.32258064516129,5.440944881889764,sabre,53Q_depth_Rochester_large_None_4_2.55_no.7
rochester,6.024390243902439,5.836065573770492,sabre,53Q_gate_Rochester_large_1_4_1.5_no.5
rochester,7.911764705882353,6.112877583465819,random,53Q_gate_Rochester_large_1_20_1.5_no.7
sycamore,3.9565217391304346,5.726256983240224,identity,53Q_gate_Sycamore_small_2_4_1.5_no.6
rochester,3.0927835051546393,4.232142857142857,sa,53Q_gate_Rochester_large_1_10_1.5_no.4
rochester,4.088235294117647,6.783505154639175,sa,53Q_depth_Rochester_small_None_1_1.5_no.9
rochester,2.293103448275862,6.045454545454546,sabre,53Q_gate_Rochester_small_2_2_1.5_no.3
sycamore,4.291666666666667,6.403973509933775,random,53Q_gate_Sycamore_small_1_2_1.5_no.3
sycamore,5.0,5.066265060240964,sa,53Q_gate_Sycamore_large_1_2_1.5_no.9
sycamore,5.45945945945946,5.2314410480349345,identity,53Q_gate_Sycamore_small_2_25_1.5_no.2
tokyo,2.3835616438356166,3.142857142857143,identity,20Q_gate_Tokyo_large_2_3_1.5_no.0
sycamore,4.891089108910891,6.5835694050991505,identity,53Q_gate_Sycamore_small_2_15_1.5_no.0
tokyo,2.122448979591837,2.8488372093023258,identity,20Q_gate_Tokyo_large_2_2_1.5_no.5
sycamore,5.25,5.954022988505747,identity,53Q_gate_Sycamore_large_2_10_1.5_no.4
rochester,4.7368421052631575,7.377358490566038,sa,53Q_gate_Rochester_large_2_4_1.5_no.8
sycamore,4.425,5.104166666666667,sa,53Q_gate_Sycamore_large_2_2_1.5_no.8
rochester,6.64,9.676646706586826,identity,53Q_depth_Rochester_large_None_2_1.5_no.3
sycamore,5.588709677419355,6.273542600896861,identity,53Q_gate_Sycamore_large_2_20_1.5_no.6
rochester,5.857142857142857,6.4573378839590445,sabre,53Q_depth_Rochester_large_None_5_1.5_no.2
tokyo,1.9845360824742269,2.992857142857143,random,20Q_gate_Tokyo_large_2_20_1.5_no.6
sycamore,4.729166666666667,4.816666666666666,sabre,53Q_gate_Sycamore_small_1_4_1.5_no.8
rochester,7.657894736842105,12.390243902439025,identity,53Q_depth_Rochester_small_None_1_1.5_no.8
sycamore,4.647058823529412,8.71875,identity,53Q_gate_Sycamore_small_2_0_1.5_no.9
tokyo,1.3494623655913978,2.556390977443609,sabre,20Q_depth_Tokyo_large_None_3_2.55_no.8
sycamore,6.290322580645161,7.90566037735849,random,53Q_gate_Sycamore_large_1_0_1.5_no.5
sycamore,1.88,4.730263157894737,sabre,53Q_depth_Sycamore_small_None_1_1.5_no.2
rochester,4.678571428571429,7.296296296296297,sabre,53Q_gate_Rochester_large_2_0_1.5_no.5
tokyo,2.7478991596638656,2.7804878048780486,identity,20Q_gate_Tokyo_large_1_10_1.5_no.7
rochester,3.558139534883721,8.172727272727272,sa,53Q_depth_Rochester_small_None_2_1.5_no.4
sycamore,2.1916010498687664,4.550938337801608,sa,53Q_depth_Sycamore_small_None_10_1.5_no.8
sycamore,4.580645161290323,4.081661891117479,sabre,53Q_gate_Sycamore_large_1_25_1.5_no.4
rochester,4.736111111111111,5.461254612546125,sa,53Q_gate_Rochester_small_2_20_1.5_no.0
rochester,4.318181818181818,15.584615384615384,identity,53Q_gate_Rochester_small_2_1_1.5_no.4
rochester,5.365079365079365,7.923664122137405,random,53Q_gate_Rochester_small_2_25_1.5_no.3
rochester,4.9411764705882355,10.108247422680412,identity,53Q_gate_Rochester_small_2_10_1.5_no.3
sycamore,4.772151898734177,5.232258064516129,sa,53Q_depth_Sycamore_small_None_5_2.55_no.6
tokyo,1.6730769230769231,1.9504950495049505,sa,20Q_depth_Tokyo_large_None_1_1.5_no.7
rochester,7.703703703703703,12.666666666666666,identity,53Q_gate_Rochester_small_1_1_1.5_no.2
tokyo,1.9577464788732395,2.1073825503355703,sabre,20Q_gate_Tokyo_large_1_4_1.5_no.9
rochester,3.740740740740741,7.08,sa,53Q_gate_Rochester_large_2_0_1.5_no.0
sycamore,4.364238410596027,6.520581113801453,identity,53Q_depth_Sycamore_small_None_5_1.5_no.3
rochester,7.384615384615385,11.72340425531915,random,53Q_gate_Rochester_small_2_0_1.5_no.4
sycamore,3.578125,4.184615384615385,sa,53Q_gate_Sycamore_large_2_10_1.5_no.9
rochester,3.8536585365853657,7.428571428571429,sa,53Q_gate_Rochester_small_1_2_1.5_no.0
rochester,9.241379310344827,11.71875,random,53Q_gate_Rochester_large_1_2_1.5_no.8
sycamore,2.811023622047244,3.9742014742014744,sa,53Q_depth_Sycamore_large_None_10_1.5_no.0
tokyo,2.0,2.696969696969697,sabre,20Q_depth_Tokyo_large_None_4_1.5_no.7
tokyo,1.625,2.1225806451612903,sabre,20Q_gate_Tokyo_large_2_4_1.5_no.8
sycamore,6.625,6.954081632653061,identity,53Q_gate_Sycamore_large_2_5_1.5_no.5
sycamore,4.068493150684931,4.728744939271255,sa,53Q_gate_Sycamore_small_2_10_1.5_no.5
rochester,7.25,10.024291497975709,identity,53Q_depth_Rochester_large_None_4_1.5_no.9
rochester,6.129310344827586,11.389705882352942,random,53Q_depth_Rochester_small_None_5_2.55_no.5
tokyo,1.1512605042016806,1.1341463414634145,sa,20Q_gate_Tokyo_large_1_10_1.5_no.7
sycamore,5.462962962962963,6.176165803108808,identity,53Q_gate_Sycamore_small_1_5_1.5_no.9
rochester,3.2205882352941178,7.08955223880597,sa,53Q_depth_Rochester_large_None_1_1.5_no.3
rochester,5.056603773584905,5.002036659877801,sa,53Q_gate_Rochester_small_1_25_1.5_no.6
rochester,8.653846153846153,8.448863636363637,random,53Q_gate_Rochester_small_2_20_1.5_no.5
sycamore,6.0078740157480315,5.376470588235295,random,53Q_gate_Sycamore_small_1_20_1.5_no.6
tokyo,1.8308823529411764,2.76271186440678,random,20Q_depth_Tokyo_large_None_3_1.5_no.3
rochester,10.694214876033058,6.376574307304786,identity,53Q_gate_Rochester_large_1_25_1.5_no.0
rochester,3.0481927710843375,7.54375,sabre,53Q_depth_Rochester_small_None_3_1.5_no.6
rochester,5.863636363636363,9.325443786982248,random,53Q_gate_Rochester_small_2_5_1.5_no.2
rochester,2.435483870967742,5.972972972972973,sabre,53Q_depth_Rochester_small_None_1_2.55_no.2
tokyo,1.8779904306220097,2.995505617977528,sabre,20Q_depth_Tokyo_large_None_10_2.55_no.9
rochester,8.46875,8.168316831683168,identity,53Q_gate_Rochester_large_2_15_1.5_no.8
sycamore,3.5474452554744524,6.703703703703703,identity,53Q_depth_Sycamore_small_None_3_1.5_no.3
rochester,4.25,5.741463414634146,sabre,53Q_gate_Rochester_large_2_10_1.5_no.0
sycamore,5.848484848484849,7.109090909090909,identity,53Q_gate_Sycamore_small_1_1_1.5_no.6
sycamore,3.554054054054054,5.027237354085603,sa,53Q_depth_Sycamore_small_None_2_1.5_no.5
rochester,4.426966292134831,9.77659574468085,random,53Q_depth_Rochester_small_None_3_2.55_no.5
rochester,3.3529411764705883,4.5244215938303345,sabre,53Q_gate_Rochester_small_1_20_1.5_no.2
tokyo,3.0265486725663715,2.9950738916256157,random,20Q_depth_Tokyo_large_None_3_2.55_no.0
sycamore,2.0,3.9206349206349205,sabre,53Q_gate_Sycamore_large_2_5_1.5_no.6
sycamore,5.129032258064516,6.886792452830188,identity,53Q_gate_Sycamore_large_1_0_1.5_no.5
rochester,8.964285714285714,12.411214953271028,identity,53Q_gate_Rochester_large_2_1_1.5_no.7
rochester,5.917808219178082,6.024793388429752,sa,53Q_gate_Rochester_large_2_15_1.5_no.2
tokyo,2.163551401869159,2.4199029126213594,sabre,20Q_gate_Tokyo_large_2_25_1.5_no.2
sycamore,4.681818181818182,4.4423076923076925,sabre,53Q_gate_Sycamore_large_2_4_1.5_no.3
sycamore,3.556338028169014,4.177820267686425,sa,53Q_gate_Sycamore_small_1_25_1.5_no.9
sycamore,4.181818181818182,5.0131147540983605,sa,53Q_depth_Sycamore_large_None_3_1.5_no.8
tokyo,3.2127659574468086,3.0186915887850465,random,20Q_gate_Tokyo_large_2_3_1.5_no.7
sycamore,4.275862068965517,4.0732899022801305,sa,53Q_gate_Sycamore_large_1_25_1.5_no.5
rochester,7.991071428571429,6.545023696682464,random,53Q_gate_Rochester_large_1_25_1.5_no.1
rochester,6.763888888888889,9.345454545454546,random,53Q_depth_Rochester_small_None_10_1.5_no.5
rochester,2.8076923076923075,7.786585365853658,sa,53Q_depth_Rochester_large_None_2_2.55_no.0
rochester,4.145833333333333,5.475409836065574,sa,53Q_gate_Rochester_large_1_4_1.5_no.2
tokyo,1.8585209003215435,2.4604462474645032,random,20Q_gate_Tokyo_large_1_25_1.5_no.0
sycamore,4.685714285714286,5.42741935483871,sa,53Q_gate_Sycamore_large_2_1_1.5_no.9
sycamore,3.8380952380952382,3.191146881287726,sabre,53Q_gate_Sycamore_large_1_15_1.5_no.9
tokyo,1.7857142857142858,2.732919254658385,identity,20Q_gate_Tokyo_large_2_10_1.5_no.2
rochester,6.821428571428571,13.329268292682928,random,53Q_gate_Rochester_large_2_0_1.5_no.9
sycamore,3.9696969696969697,4.781413612565445,sa,53Q_depth_Sycamore_small_None_10_2.55_no.3
rochester,5.222222222222222,9.4,random,53Q_gate_Rochester_small_1_2_1.5_no.5
rochester,6.892857142857143,11.484848484848484,identity,53Q_gate_Rochester_large_1_1_1.5_no.1
sycamore,2.8369565217391304,5.178571428571429,sa,53Q_depth_Sycamore_small_None_1_2.55_no.2
sycamore,5.138888888888889,6.252873563218391,random,53Q_gate_Sycamore_large_2_10_1.5_no.4
rochester,3.3442622950819674,8.136363636363637,sa,53Q_depth_Rochester_small_None_2_2.55_no.5
sycamore,3.296511627906977,7.131474103585657,random,53Q_depth_Sycamore_small_None_2_2.55_no.6
sycamore,4.603305785123967,5.693208430913349,random,53Q_gate_Sycamore_small_1_20_1.5_no.8
sycamore,4.0,4.3,sabre,53Q_depth_Sycamore_large_None_5_1.5_no.5
rochester,6.93,8.558352402745996,identity,53Q_depth_Rochester_large_None_10_1.5_no.1
sycamore,3.7049180327868854,3.8957528957528957,sabre,53Q_gate_Sycamore_large_2_25_1.5_no.1
sycamore,4.611111111111111,5.597122302158273,sa,53Q_gate_Sycamore_large_1_1_1.5_no.8
tokyo,1.5454545454545454,2.21978021978022,sa,20Q_depth_Tokyo_large_None_1_1.5_no.5
tokyo,2.4180790960451977,2.862453531598513,identity,20Q_depth_Tokyo_large_None_5_2.55_no.8
sycamore,5.26,6.785714285714286,identity,53Q_gate_Sycamore_small_1_3_1.5_no.5
tokyo,1.5675675675675675,2.463768115942029,random,20Q_gate_Tokyo_large_1_10_1.5_no.0
sycamore,4.581818181818182,4.5181818181818185,sa,53Q_gate_Sycamore_large_1_5_1.5_no.3
tokyo,2.0902777777777777,2.986666666666667,random,20Q_depth_Tokyo_large_None_5_1.5_no.8
sycamore,6.563492063492063,7.9105691056910565,random,53Q_depth_Sycamore_small_None_4_2.55_no.4
sycamore,3.078014184397163,5.076335877862595,sa,53Q_depth_Sycamore_small_None_4_1.5_no.0
sycamore,3.7417218543046356,6.072093023255814,identity,53Q_depth_Sycamore_small_None_5_1.5_no.9
rochester,6.415584415584416,7.008474576271187,random,53Q_gate_Rochester_small_1_15_1.5_no.1
sycamore,6.011363636363637,6.1640625,identity,53Q_gate_Sycamore_large_1_10_1.5_no.8
sycamore,6.897435897435898,6.912280701754386,random,53Q_gate_Sycamore_large_2_4_1.5_no.9
rochester,3.891891891891892,4.9140625,sabre,53Q_gate_Rochester_large_1_4_1.5_no.9
rochester,2.7012987012987013,12.152941176470588,identity,53Q_gate_Rochester_small_1_1_1.5_no.8
sycamore,4.361702127659575,4.609375,sa,53Q_gate_Sycamore_large_2_5_1.5_no.2
rochester,8.378378378378379,8.737804878048781,identity,53Q_gate_Rochester_small_1_20_1.5_no.1
rochester,6.953488372093023,11.130434782608695,random,53Q_depth_Rochester_large_None_1_2.55_no.1
rochester,7.962962962962963,12.070175438596491,random,53Q_depth_Rochester_large_None_2_2.55_no.3
sycamore,3.5833333333333335,5.316129032258065,sa,53Q_depth_Sycamore_large_None_1_1.5_no.5
sycamore,4.5,4.841269841269841,sabre,53Q_depth_Sycamore_small_None_1_1.5_no.0
sycamore,5.533333333333333,8.18867924528302,random,53Q_gate_Sycamore_large_1_0_1.5_no.7
rochester,8.394366197183098,5.601449275362318,sa,53Q_gate_Rochester_large_2_20_1.5_no.2
rochester,8.82,9.321739130434782,identity,53Q_gate_Rochester_small_2_10_1.5_no.9
rochester,6.2,9.76,random,53Q_gate_Rochester_large_2_4_1.5_no.3
rochester,4.1063829787234045,6.65945945945946,sabre,53Q_depth_Rochester_small_None_10_2.55_no.8
rochester,4.5,6.112676056338028,sabre,53Q_gate_Rochester_large_2_0_1.5_no.7
sycamore,4.8768115942028984,6.351351351351352,random,53Q_depth_Sycamore_small_None_5_1.5_no.7
tokyo,1.7852760736196318,2.176470588235294,sabre,20Q_gate_Tokyo_large_1_15_1.5_no.1
rochester,5.0,7.622641509433962,sa,53Q_gate_Rochester_large_1_2_1.5_no.7
sycamore,4.416666666666667,7.0,random,53Q_gate_Sycamore_large_1_0_1.5_no.9
rochester,4.535714285714286,7.219512195121951,sabre,53Q_gate_Rochester_large_2_0_1.5_no.9
rochester,5.3125,7.182926829268292,sa,53Q_depth_Rochester_large_None_4_1.5_no.5
sycamore,4.035087719298246,3.5159362549800797,sabre,53Q_gate_Sycamore_large_2_20_1.5_no.2
tokyo,2.0718954248366015,2.494047619047619,identity,20Q_gate_Tokyo_large_1_25_1.5_no.9
tokyo,1.9195402298850575,2.7313084112149535,random,20Q_depth_Tokyo_large_None_10_1.5_no.7
tokyo,1.3733333333333333,2.2,sabre,20Q_gate_Tokyo_large_2_1_1.5_no.7
tokyo,1.4871794871794872,2.3815789473684212,sabre,20Q_gate_Tokyo_large_1_3_1.5_no.3
rochester,3.3793103448275863,6.958904109589041,sa,53Q_gate_Rochester_small_2_0_1.5_no.7
sycamore,5.204819277108434,4.753886010362694,sa,53Q_gate_Sycamore_large_2_15_1.5_no.6
tokyo,1.25,2.3636363636363638,sabre,20Q_gate_Tokyo_large_1_1_1.5_no.6
rochester,5.819672131147541,9.275,random,53Q_depth_Rochester_small_None_4_1.5_no.2
tokyo,1.7346938775510203,2.6666666666666665,sabre,20Q_gate_Tokyo_large_2_3_1.5_no.2
tokyo,1.7592592592592593,2.5974025974025974,identity,20Q_gate_Tokyo_large_2_15_1.5_no.1
rochester,6.910714285714286,9.061611374407583,random,53Q_gate_Rochester_large_2_10_1.5_no.5
sycamore,2.25531914893617,4.4696485623003195,sa,53Q_depth_Sycamore_large_None_3_2.55_no.1
tokyo,1.6939501779359432,2.86,sabre,20Q_depth_Tokyo_large_None_5_2.55_no.7
rochester,4.2745098039215685,17.181818181818183,random,53Q_gate_Rochester_small_2_1_1.5_no.8
sycamore,2.7058823529411766,7.232394366197183,identity,53Q_gate_Sycamore_large_1_2_1.5_no.6
rochester,6.368421052631579,10.904761904761905,random,53Q_gate_Rochester_large_1_3_1.5_no.4
sycamore,1.9680851063829787,5.353383458646617,sa,53Q_gate_Sycamore_small_2_3_1.5_no.4
sycamore,4.052631578947368,5.408695652173913,sa,53Q_gate_Sycamore_small_1_1_1.5_no.0
rochester,4.102941176470588,5.732758620689655,sa,53Q_gate_Rochester_small_1_10_1.5_no.6
tokyo,1.7307692307692308,3.0338983050847457,identity,20Q_depth_Tokyo_large_None_5_2.55_no.6
rochester,5.833333333333333,6.8264462809917354,sabre,53Q_gate_Rochester_small_2_2_1.5_no.1
tokyo,1.858974358974359,2.6363636363636362,random,20Q_gate_Tokyo_large_2_5_1.5_no.2
tokyo,1.9556313993174061,2.976303317535545,sabre,20Q_depth_Tokyo_large_None_10_1.5_no.9
rochester,4.318840579710145,8.930851063829786,random,53Q_depth_Rochester_large_None_2_1.5_no.0
sycamore,3.24,4.688775510204081,sa,53Q_gate_Sycamore_small_1_3_1.5_no.5
sycamore,2.1785714285714284,4.885245901639344,sa,53Q_gate_Sycamore_small_2_1_1.5_no.1
tokyo,1.9565217391304348,1.8709677419354838,sa,20Q_gate_Tokyo_large_1_2_1.5_no.0
sycamore,3.282051282051282,5.1826923076923075,sabre,53Q_gate_Sycamore_large_2_0_1.5_no.5
sycamore,4.340909090909091,6.564885496183206,random,53Q_gate_Sycamore_small_1_2_1.5_no.1
sycamore,6.973684210526316,6.741721854304636,random,53Q_gate_Sycamore_large_2_4_1.5_no.7
tokyo,1.7083333333333333,1.6407766990291262,sa,20Q_gate_Tokyo_large_2_2_1.5_no.3
sycamore,2.5789473684210527,4.844311377245509,sa,53Q_depth_Sycamore_small_None_3_2.55_no.9
rochester,2.4935064935064934,6.804878048780488,sabre,53Q_gate_Rochester_large_1_4_1.5_no.7
sycamore,1.7171717171717171,4.228813559322034,sabre,53Q_gate_Sycamore_large_2_1_1.5_no.0
rochester,3.3849557522123894,7.393234672304439,sa,53Q_depth_Rochester_small_None_10_2.55_no.9
tokyo,1.183673469387755,2.533333333333333,sabre,20Q_gate_Tokyo_large_2_0_1.5_no.3
tokyo,2.192982456140351,2.47,sabre,20Q_gate_Tokyo_large_1_2_1.5_no.7
tokyo,2.5588235294117645,3.043103448275862,identity,20Q_gate_Tokyo_large_2_4_1.5_no.9
rochester,2.492957746478873,8.079365079365079,sa,53Q_depth_Rochester_small_None_3_2.55_no.0
sycamore,3.7777777777777777,4.383458646616542,sabre,53Q_gate_Sycamore_small_1_2_1.5_no.4
tokyo,2.037037037037037,2.03125,sabre,20Q_gate_Tokyo_large_1_0_1.5_no.2
tokyo,1.5909090909090908,2.4776119402985075,sabre,20Q_gate_Tokyo_large_2_2_1.5_no.6
sycamore,3.3767123287671232,4.2976190476190474,sabre,53Q_depth_Sycamore_large_None_5_1.5_no.7
rochester,8.608108108108109,8.097345132743364,random,53Q_gate_Rochester_large_2_15_1.5_no.3
sycamore,1.990990990990991,4.571428571428571,sabre,53Q_gate_Sycamore_small_1_3_1.5_no.1
sycamore,5.222222222222222,6.101083032490974,random,53Q_depth_Sycamore_large_None_3_1.5_no.3
rochester,9.53061224489796,9.511363636363637,identity,53Q_depth_Rochester_large_None_4_1.5_no.3
rochester,4.253333333333333,7.381502890173411,sa,53Q_depth_Rochester_large_None_3_2.55_no.5
sycamore,4.36936936936937,5.109243697478991,random,53Q_gate_Sycamore_large_2_10_1.5_no.6
tokyo,2.4794520547945207,2.6875,random,20Q_gate_Tokyo_large_1_5_1.5_no.8
rochester,4.675324675324675,4.540609137055838,sabre,53Q_gate_Rochester_small_1_20_1.5_no.0
sycamore,5.564102564102564,5.531468531468532,sa,53Q_gate_Sycamore_small_2_2_1.5_no.0
sycamore,3.5405405405405403,5.7227722772277225,sa,53Q_gate_Sycamore_small_1_0_1.5_no.4
rochester,4.033898305084746,5.4653846153846155,sa,53Q_gate_Rochester_small_2_15_1.5_no.0
sycamore,2.130434782608696,7.255813953488372,random,53Q_depth_Sycamore_large_None_1_2.55_no.1
tokyo,1.9607843137254901,3.111111111111111,random,20Q_depth_Tokyo_large_None_2_2.55_no.5
sycamore,3.340909090909091,4.847328244274809,sa,53Q_gate_Sycamore_small_1_2_1.5_no.1
sycamore,2.775,5.787234042553192,sa,53Q_gate_Sycamore_small_2_0_1.5_no.5
sycamore,5.456140350877193,4.968127490039841,sa,53Q_gate_Sycamore_large_1_4_1.5_no.7
tokyo,2.0476190476190474,2.813953488372093,sabre,20Q_depth_Tokyo_large_None_1_2.55_no.3
rochester,3.3137254901960786,5.5,sa,53Q_gate_Rochester_small_1_4_1.5_no.5
sycamore,3.659090909090909,4.621859296482412,sa,53Q_depth_Sycamore_large_None_10_2.55_no.5
tokyo,1.4086021505376345,2.5762711864406778,sabre,20Q_depth_Tokyo_large_None_2_1.5_no.2
rochester,5.377358490566038,5.48207171314741,sabre,53Q_gate_Rochester_large_2_10_1.5_no.2
sycamore,4.666666666666667,6.512269938650307,identity,53Q_depth_Sycamore_small_None_3_1.5_no.9
sycamore,2.9607843137254903,4.1692307692307695,sa,53Q_gate_Sycamore_large_2_4_1.5_no.6
rochester,8.89041095890411,8.239669421487603,identity,53Q_gate_Rochester_large_2_15_1.5_no.2
rochester,9.324324324324325,11.238709677419354,identity,53Q_depth_Rochester_large_None_2_1.5_no.9
rochester,5.448275862068965,8.191176470588236,random,53Q_gate_Rochester_small_1_10_1.5_no.7
tokyo,2.232394366197183,2.722488038277512,random,20Q_gate_Tokyo_large_2_15_1.5_no.6
rochester,3.3225806451612905,12.50909090909091,identity,53Q_depth_Rochester_small_None_1_1.5_no.2
rochester,5.56,7.545454545454546,sabre,53Q_depth_Rochester_large_None_2_2.55_no.5
rochester,6.257142857142857,11.68421052631579,random,53Q_gate_Rochester_large_2_1_1.5_no.5
sycamore,3.7012987012987013,3.8405797101449277,sabre,53Q_gate_Sycamore_large_1_20_1.5_no.7
rochester,4.79835390946502,8.94186046511628,identity,53Q_depth_Rochester_large_None_10_2.55_no.4
rochester,7.17948717948718,11.525862068965518,random,53Q_gate_Rochester_small_1_3_1.5_no.9
rochester,7.414285714285715,8.612781954887218,random,53Q_depth_Rochester_large_None_4_2.55_no.3
sycamore,3.874015748031496,4.294117647058823,sa,53Q_gate_Sycamore_small_1_20_1.5_no.6
rochester,5.338129496402877,9.65625,identity,53Q_depth_Rochester_small_None_10_1.5_no.0
sycamore,4.507936507936508,6.883116883116883,identity,53Q_gate_Sycamore_large_2_3_1.5_no.9
tokyo,1.4777777777777779,1.6157894736842104,sa,20Q_gate_Tokyo_large_2_10_1.5_no.6
sycamore,6.260869565217392,6.042944785276074,random,53Q_gate_Sycamore_large_2_10_1.5_no.8
rochester,5.981308411214953,4.633116883116883,sa,53Q_gate_Rochester_large_1_25_1.5_no.4
tokyo,1.7959183673469388,3.1639344262295084,random,20Q_gate_Tokyo_large_1_1_1.5_no.0
tokyo,1.9530516431924883,2.4867256637168142,identity,20Q_gate_Tokyo_large_1_15_1.5_no.4
rochester,5.571428571428571,6.4222222222222225,sabre,53Q_depth_Rochester_large_None_1_1.5_no.8
sycamore,3.6545454545454548,5.427061310782241,sabre,53Q_depth_Sycamore_large_None_5_1.5_no.9
tokyo,1.7822966507177034,3.1925754060324825,random,20Q_depth_Tokyo_large_None_10_2.55_no.1
sycamore,4.678321678321678,5.4803493449781655,random,53Q_gate_Sycamore_small_1_20_1.5_no.4
sycamore,3.8679245283018866,5.273255813953488,sa,53Q_gate_Sycamore_small_1_4_1.5_no.3
sycamore,4.576666666666667,6.40834386852086,random,53Q_depth_Sycamore_large_None_10_2.55_no.2
tokyo,1.5784615384615384,2.892116182572614,sabre,20Q_depth_Tokyo_large_None_5_2.55_no.0
tokyo,1.715883668903803,3.142857142857143,identity,20Q_depth_Tokyo_large_None_10_2.55_no.3
sycamore,2.8043478260869565,5.328571428571428,sabre,53Q_depth_Sycamore_small_None_1_2.55_no.2
rochester,7.170212765957447,6.2439024390243905,sa,53Q_gate_Rochester_small_1_10_1.5_no.1
tokyo,1.3076923076923077,1.9259259259259258,sa,20Q_gate_Tokyo_large_1_3_1.5_no.4
sycamore,4.76595744680851,5.901162790697675,identity,53Q_gate_Sycamore_large_2_4_1.5_no.1
sycamore,3.764705882352941,4.573770491803279,sabre,53Q_depth_Sycamore_large_None_3_1.5_no.5
rochester,4.975,11.655172413793103,identity,53Q_gate_Rochester_small_2_3_1.5_no.3
tokyo,1.9253731343283582,2.4047619047619047,random,20Q_gate_Tokyo_large_2_5_1.5_no.5
sycamore,4.739130434782608,5.017241379310345,sa,53Q_gate_Sycamore_small_2_4_1.5_no.2
tokyo,2.595744680851064,2.0093457943925235,sa,20Q_gate_Tokyo_large_2_3_1.5_no.7
tokyo,1.6458333333333333,2.878712871287129,random,20Q_depth_Tokyo_large_None_10_1.5_no.6
rochester,7.173076923076923,7.279850746268656,sa,53Q_depth_Rochester_large_None_4_1.5_no.4
sycamore,5.25,5.468085106382978,sabre,53Q_gate_Sycamore_small_2_2_1.5_no.1
rochester,3.1538461538461537,6.705882352941177,sa,53Q_gate_Rochester_large_1_2_1.5_no.0
sycamore,4.9298245614035086,4.336322869955157,sa,53Q_gate_Sycamore_small_2_10_1.5_no.9
tokyo,1.0555555555555556,1.1395348837209303,sabre,20Q_gate_Tokyo_large_1_10_1.5_no.2
tokyo,1.7058823529411764,2.2589285714285716,sabre,20Q_gate_Tokyo_large_2_4_1.5_no.4
rochester,1.5483870967741935,7.85,sa,53Q_gate_Rochester_small_2_0_1.5_no.0
rochester,6.911764705882353,12.23728813559322,identity,53Q_gate_Rochester_small_1_3_1.5_no.5
sycamore,2.148936170212766,4.541353383458647,sabre,53Q_gate_Sycamore_small_2_3_1.5_no.4
rochester,6.242424242424242,9.368421052631579,random,53Q_gate_Rochester_large_2_5_1.5_no.7
rochester,3.8514851485148514,6.006369426751593,sabre,53Q_depth_Rochester_large_None_5_2.55_no.6
sycamore,4.466666666666667,5.036363636363636,sa,53Q_gate_Sycamore_large_2_10_1.5_no.5
sycamore,4.292887029288703,5.703517587939698,random,53Q_depth_Sycamore_large_None_10_1.5_no.4
sycamore,3.0486486486486486,7.493288590604027,random,53Q_depth_Sycamore_small_None_4_1.5_no.3
sycamore,5.53932584269663,5.1531791907514455,sa,53Q_depth_Sycamore_large_None_3_2.55_no.6
tokyo,1.6956521739130435,2.2169811320754715,sabre,20Q_gate_Tokyo_large_1_4_1.5_no.5
tokyo,2.4615384615384617,2.7735849056603774,identity,20Q_gate_Tokyo_large_1_5_1.5_no.9
sycamore,4.105263157894737,5.168421052631579,sa,53Q_depth_Sycamore_large_None_1_1.5_no.2
sycamore,3.495049504950495,4.084985835694051,sabre,53Q_gate_Sycamore_small_2_15_1.5_no.0
rochester,7.473684210526316,9.683229813664596,identity,53Q_gate_Rochester_large_2_5_1.5_no.0
sycamore,3.8426229508196723,6.068376068376068,random,53Q_depth_Sycamore_small_None_10_2.55_no.6
rochester,4.69811320754717,5.180203045685279,sa,53Q_gate_Rochester_large_2_20_1.5_no.5
sycamore,2.3801652892561984,2.92212389380531,sabre,53Q_gate_Sycamore_small_1_25_1.5_no.8
tokyo,2.453781512605042,2.5853658536585367,random,20Q_gate_Tokyo_large_1_10_1.5_no.7
tokyo,2.8142857142857145,2.966887417218543,random,20Q_depth_Tokyo_large_None_5_1.5_no.9
rochester,5.365853658536586,11.722222222222221,random,53Q_depth_Rochester_small_None_1_2.55_no.0
rochester,5.384615384615385,11.558823529411764,random,53Q_gate_Rochester_large_1_2_1.5_no.0
rochester,4.722222222222222,11.60135135135135,random,53Q_depth_Rochester_small_None_2_2.55_no.2
sycamore,2.9767441860465116,5.085470085470085,sa,53Q_depth_Sycamore_small_None_4_1.5_no.7
sycamore,3.5728155339805827,5.846153846153846,identity,53Q_gate_Sycamore_small_2_20_1.5_no.9
sycamore,4.027777777777778,5.78125,sa,53Q_gate_Sycamore_large_1_0_1.5_no.0
rochester,7.973684210526316,7.2420537897310515,identity,53Q_gate_Rochester_large_2_20_1.5_no.3
sycamore,3.0652173913043477,4.653225806451613,sa,53Q_gate_Sycamore_large_2_2_1.5_no.4
sycamore,6.363636363636363,6.048780487804878,identity,53Q_gate_Sycamore_small_2_5_1.5_no.2
sycamore,3.0444444444444443,5.533333333333333,sa,53Q_gate_Sycamore_large_2_0_1.5_no.1
sycamore,1.8673469387755102,6.2105263157894735,sa,53Q_gate_Sycamore_large_1_2_1.5_no.5
rochester,9.069767441860465,9.78918918918919,identity,53Q_gate_Rochester_large_1_5_1.5_no.6
sycamore,4.913043478260869,6.796812749003984,identity,53Q_depth_Sycamore_large_None_2_1.5_no.1
rochester,3.9743589743589745,6.925,sa,53Q_gate_Rochester_small_2_4_1.5_no.8
rochester,9.882352941176471,10.520833333333334,identity,53Q_gate_Rochester_large_2_3_1.5_no.0
sycamore,3.6545454545454548,3.6282527881040894,sa,53Q_gate_Sycamore_large_1_25_1.5_no.9
rochester,3.753968253968254,5.343511450381679,sabre,53Q_gate_Rochester_small_2_25_1.5_no.3
sycamore,6.017543859649122,6.136125654450262,identity,53Q_depth_Sycamore_large_None_1_2.55_no.5
rochester,6.1568627450980395,10.581538461538461,random,53Q_depth_Rochester_large_None_5_1.5_no.8
rochester,8.265625,8.906451612903226,identity,53Q_depth_Rochester_large_None_5_1.5_no.1
tokyo,2.022727272727273,2.88646288209607,random,20Q_depth_Tokyo_large_None_10_2.55_no.0
rochester,3.927007299270073,4.208201892744479,sa,53Q_gate_Rochester_large_1_25_1.5_no.3
tokyo,2.27027027027027,2.72,random,20Q_gate_Tokyo_large_1_1_1.5_no.7
rochester,6.616279069767442,6.251798561151079,identity,53Q_gate_Rochester_small_2_25_1.5_no.8
sycamore,4.475,4.076660988074957,sa,53Q_gate_Sycamore_small_1_25_1.5_no.5
tokyo,1.4679245283018867,1.847380410022779,sa,20Q_depth_Tokyo_large_None_10_1.5_no.2
sycamore,5.826923076923077,6.447698744769874,random,53Q_depth_Sycamore_large_None_2_1.5_no.7
rochester,1.912280701754386,6.5,sabre,53Q_gate_Rochester_small_1_0_1.5_no.3
sycamore,4.435897435897436,5.389705882352941,sa,53Q_gate_Sycamore_large_1_1_1.5_no.4
sycamore,5.0227272727272725,5.248648648648649,sa,53Q_gate_Sycamore_large_2_3_1.5_no.0
rochester,8.360655737704919,6.739938080495356,identity,53Q_gate_Rochester_small_1_15_1.5_no.0
sycamore,5.029411764705882,8.009615384615385,random,53Q_gate_Sycamore_small_2_0_1.5_no.3
rochester,4.819047619047619,10.945378151260504,random,53Q_depth_Rochester_small_None_4_2.55_no.2
tokyo,1.6741573033707866,2.2761194029850746,sabre,20Q_depth_Tokyo_large_None_2_1.5_no.5
sycamore,5.6571428571428575,7.024193548387097,identity,53Q_gate_Sycamore_large_1_1_1.5_no.1
rochester,6.352941176470588,7.576923076923077,sa,53Q_gate_Rochester_small_1_4_1.5_no.2
sycamore,3.3566666666666665,4.595448798988622,sa,53Q_depth_Sycamore_large_None_10_2.55_no.2
tokyo,2.450980392156863,2.5728155339805827,sabre,20Q_depth_Tokyo_large_None_1_2.55_no.4
sycamore,5.680327868852459,5.938356164383562,random,53Q_gate_Sycamore_small_2_25_1.5_no.9
sycamore,4.4411764705882355,5.066666666666666,sa,53Q_gate_Sycamore_large_2_1_1.5_no.5
sycamore,4.6938775510204085,5.078817733990148,sa,53Q_gate_Sycamore_large_1_3_1.5_no.1
tokyo,1.5081967213114753,3.0710659898477157,identity,20Q_depth_Tokyo_large_None_4_2.55_no.9
rochester,7.90625,10.368852459016393,identity,53Q_gate_Rochester_large_1_3_1.5_no.6
rochester,7.379310344827586,10.907563025210084,random,53Q_depth_Rochester_large_None_1_1.5_no.7
sycamore,6.592233009708738,5.682634730538922,random,53Q_gate_Sycamore_large_1_15_1.5_no.5
sycamore,3.994565217391304,6.704433497536946,identity,53Q_depth_Sycamore_large_None_10_2.55_no.7
sycamore,5.0256410256410255,7.0182926829268295,identity,53Q_depth_Sycamore_large_None_4_1.5_no.1
tokyo,1.8024691358024691,2.727272727272727,random,20Q_gate_Tokyo_large_2_15_1.5_no.1
sycamore,2.9444444444444446,4.53125,sabre,53Q_gate_Sycamore_large_1_0_1.5_no.0
sycamore,2.230769230769231,6.5699658703071675,random,53Q_depth_Sycamore_small_None_3_2.55_no.7
sycamore,3.45,4.554913294797688,sa,53Q_gate_Sycamore_small_1_5_1.5_no.7
sycamore,3.8205128205128207,5.052980132450331,sabre,53Q_gate_Sycamore_large_1_1_1.5_no.5
sycamore,4.351351351351352,8.421052631578947,identity,53Q_gate_Sycamore_small_1_0_1.5_no.2
rochester,4.803921568627451,5.376146788990826,sa,53Q_gate_Rochester_small_2_15_1.5_no.7
sycamore,4.425414364640884,5.091655266757866,sabre,53Q_depth_Sycamore_small_None_10_1.5_no.2
tokyo,2.2,3.076923076923077,random,20Q_depth_Tokyo_large_None_2_2.55_no.4
rochester,5.431818181818182,12.31578947368421,identity,53Q_gate_Rochester_small_2_5_1.5_no.3
rochester,7.139240506329114,6.466571834992887,random,53Q_gate_Rochester_large_1_25_1.5_no.9
tokyo,1.4939024390243902,2.2028985507246377,sa,20Q_gate_Tokyo_large_2_15_1.5_no.3
sycamore,5.441441441441442,5.386206896551724,random,53Q_gate_Sycamore_small_2_25_1.5_no.7
tokyo,1.7336683417085428,2.935483870967742,identity,20Q_depth_Tokyo_large_None_4_2.55_no.7
sycamore,4.204081632653061,5.170329670329671,sa,53Q_gate_Sycamore_small_2_5_1.5_no.6
tokyo,1.8918918918918919,2.2413793103448274,sabre,20Q_gate_Tokyo_large_2_5_1.5_no.0
rochester,2.7142857142857144,6.443902439024391,sa,53Q_depth_Rochester_small_None_3_2.55_no.1
rochester,5.21875,12.14864864864865,random,53Q_gate_Rochester_large_2_0_1.5_no.1
rochester,3.8882978723404253,6.27027027027027,sa,53Q_depth_Rochester_small_None_10_2.55_no.8
rochester,6.975,9.980263157894736,identity,53Q_gate_Rochester_small_1_5_1.5_no.5
rochester,5.011111111111111,4.105675146771037,sabre,53Q_gate_Rochester_large_1_15_1.5_no.1
sycamore,2.3451327433628317,7.653846153846154,identity,53Q_depth_Sycamore_small_None_1_1.5_no.4
sycamore,4.237623762376238,3.9926650366748166,sabre,53Q_gate_Sycamore_small_1_15_1.5_no.5
rochester,3.5,6.480769230769231,sabre,53Q_gate_Rochester_small_2_4_1.5_no.3
rochester,6.185185185185185,7.051724137931035,sa,53Q_depth_Rochester_large_None_3_2.55_no.4
tokyo,1.8762886597938144,2.975609756097561,sabre,20Q_gate_Tokyo_large_1_5_1.5_no.1
sycamore,4.377358490566038,6.703488372093023,random,53Q_gate_Sycamore_small_1_4_1.5_no.3
sycamore,5.473684210526316,7.496240601503759,random,53Q_gate_Sycamore_large_2_2_1.5_no.5
sycamore,3.033333333333333,6.392857142857143,random,53Q_depth_Sycamore_small_None_1_1.5_no.5
rochester,3.6774193548387095,5.226277372262774,sabre,53Q_gate_Rochester_large_1_2_1.5_no.5
sycamore,4.8,3.862676056338028,sa,53Q_gate_Sycamore_large_2_25_1.5_no.3
tokyo,2.9473684210526314,2.7787610619469025,identity,20Q_gate_Tokyo_large_2_3_1.5_no.6
rochester,9.398148148148149,6.904,identity,53Q_gate_Rochester_large_1_25_1.5_no.2
tokyo,1.62,2.0294117647058822,sa,20Q_depth_Tokyo_large_None_3_2.55_no.5
tokyo,2.5208333333333335,2.9805825242718447,identity,20Q_gate_Tokyo_large_2_2_1.5_no.3
rochester,4.866666666666666,4.754143646408839,sabre,53Q_gate_Rochester_large_2_20_1.5_no.1
tokyo,1.910179640718563,2.4198019801980197,sabre,20Q_gate_Tokyo_large_1_25_1.5_no.4
tokyo,1.6808510638297873,3.466666666666667,identity,20Q_gate_Tokyo_large_2_0_1.5_no.9
rochester,3.3893129770992365,10.08411214953271,random,53Q_depth_Rochester_large_None_3_2.55_no.2
rochester,3.6666666666666665,11.72972972972973,random,53Q_gate_Rochester_small_1_4_1.5_no.7
sycamore,5.353658536585366,6.088957055214724,random,53Q_gate_Sycamore_small_1_10_1.5_no.7
sycamore,2.3854166666666665,7.290322580645161,identity,53Q_gate_Sycamore_small_2_3_1.5_no.8
tokyo,1.8859060402684564,3.0785714285714287,random,20Q_depth_Tokyo_large_None_10_2.55_no.3
rochester,4.473684210526316,6.685483870967742,sabre,53Q_gate_Rochester_small_1_4_1.5_no.0
sycamore,5.2444444444444445,6.064516129032258,random,53Q_gate_Sycamore_small_2_4_1.5_no.0
tokyo,1.8,1.5294117647058822,sa,20Q_gate_Tokyo_large_1_0_1.5_no.9
sycamore,4.038095238095238,7.010452961672474,identity,53Q_depth_Sycamore_small_None_3_1.5_no.1
sycamore,2.450980392156863,6.746478873239437,random,53Q_gate_Sycamore_large_1_2_1.5_no.6
sycamore,2.5619047619047617,4.637630662020906,sabre,53Q_depth_Sycamore_small_None_3_1.5_no.1
tokyo,2.640449438202247,2.8253968253968256,random,20Q_gate_Tokyo_large_2_10_1.5_no.8
rochester,1.25,4.957983193277311,sabre,53Q_gate_Rochester_large_2_2_1.5_no.6
sycamore,5.288659793814433,6.09433962264151,random,53Q_gate_Sycamore_large_2_20_1.5_no.5
tokyo,1.6938775510204083,3.2666666666666666,random,20Q_gate_Tokyo_large_1_0_1.5_no.6
rochester,5.294117647058823,8.384615384615385,sa,53Q_depth_Rochester_large_None_3_2.55_no.7
rochester,8.009900990099009,10.888535031847134,identity,53Q_depth_Rochester_large_None_5_2.55_no.6
rochester,7.651515151515151,9.377880184331797,identity,53Q_depth_Rochester_large_None_4_2.55_no.1
rochester,7.7105263157894735,6.834482758620689,random,53Q_gate_Rochester_large_2_20_1.5_no.9
rochester,6.5,9.842931937172775,identity,53Q_depth_Rochester_small_None_3_1.5_no.7
sycamore,6.030769230769231,5.733766233766234,random,53Q_gate_Sycamore_small_1_10_1.5_no.9
rochester,7.900662251655629,9.057450628366247,random,53Q_depth_Rochester_large_None_10_2.55_no.6
tokyo,1.2884615384615385,2.0677966101694913,sa,20Q_depth_Tokyo_large_None_5_2.55_no.6
sycamore,5.3061224489795915,6.980392156862745,random,53Q_gate_Sycamore_large_1_2_1.5_no.8
rochester,5.064516129032258,6.151515151515151,sabre,53Q_gate_Rochester_large_2_2_1.5_no.8
rochester,7.885714285714286,12.263157894736842,identity,53Q_gate_Rochester_large_2_1_1.5_no.5
rochester,3.602272727272727,6.677777777777778,sabre,53Q_depth_Rochester_small_None_5_1.5_no.4
rochester,4.372340425531915,7.649122807017544,sa,53Q_depth_Rochester_small_None_3_2.55_no.2
sycamore,3.118181818181818,4.947368421052632,sabre,53Q_depth_Sycamore_small_None_3_2.55_no.0
rochester,2.0806451612903225,6.55,sabre,53Q_gate_Rochester_small_2_0_1.5_no.0
sycamore,4.472222222222222,7.463917525773196,random,53Q_gate_Sycamore_small_1_0_1.5_no.0
tokyo,2.210526315789474,2.6343283582089554,identity,20Q_gate_Tokyo_large_1_10_1.5_no.1
sycamore,3.7096774193548385,6.176630434782608,random,53Q_depth_Sycamore_small_None_10_1.5_no.7
tokyo,2.2072072072072073,3.046511627906977,random,20Q_depth_Tokyo_large_None_2_2.55_no.7
rochester,7.666666666666667,12.164948453608247,identity,53Q_gate_Rochester_large_1_1_1.5_no.3
rochester,6.8,10.297297297297296,random,53Q_gate_Rochester_small_2_3_1.5_no.0
tokyo,1.4266666666666667,1.6666666666666667,sa,20Q_gate_Tokyo_large_1_4_1.5_no.8
sycamore,4.114093959731544,3.455678670360111,sabre,53Q_gate_Sycamore_large_1_25_1.5_no.2
rochester,5.275862068965517,9.194852941176471,sabre,53Q_depth_Rochester_small_None_5_2.55_no.5
tokyo,2.0913978494623655,2.5643564356435644,identity,20Q_gate_Tokyo_large_2_20_1.5_no.9
rochester,6.754716981132075,6.365853658536586,sabre,53Q_gate_Rochester_small_1_10_1.5_no.3
rochester,5.5,6.2875,sa,53Q_gate_Rochester_small_1_5_1.5_no.3
rochester,3.016949152542373,12.808,identity,53Q_depth_Rochester_small_None_2_2.55_no.9
sycamore,2.810126582278481,4.228,sabre,53Q_depth_Sycamore_large_None_5_2.55_no.1
tokyo,1.5157232704402517,2.538961038961039,sabre,20Q_depth_Tokyo_large_None_3_1.5_no.4
rochester,7.410714285714286,9.007518796992482,random,53Q_depth_Rochester_large_None_10_1.5_no.2
sycamore,5.153374233128834,4.655396618985696,identity,53Q_gate_Sycamore_large_1_25_1.5_no.7
sycamore,5.699029126213592,5.473053892215569,identity,53Q_gate_Sycamore_large_1_15_1.5_no.5
rochester,5.582089552238806,6.2875,sa,53Q_gate_Rochester_small_1_15_1.5_no.8
sycamore,4.922077922077922,5.714285714285714,identity,53Q_gate_Sycamore_small_1_10_1.5_no.1
tokyo,1.9056603773584906,2.944,identity,20Q_depth_Tokyo_large_None_2_1.5_no.1
rochester,8.18421052631579,10.664285714285715,identity,53Q_depth_Rochester_large_None_2_2.55_no.2
rochester,5.213333333333333,9.705202312138729,identity,53Q_depth_Rochester_large_None_3_2.55_no.5
sycamore,5.676470588235294,5.510688836104513,identity,53Q_gate_Sycamore_small_1_20_1.5_no.3
tokyo,2.206896551724138,2.912087912087912,random,20Q_depth_Tokyo_large_None_10_1.5_no.5
sycamore,5.459016393442623,6.303116147308782,random,53Q_depth_Sycamore_large_None_3_2.55_no.4
rochester,4.915254237288136,7.0,sa,53Q_depth_Rochester_large_None_4_1.5_no.7
tokyo,1.1487603305785123,1.3128342245989304,sa,20Q_gate_Tokyo_large_2_25_1.5_no.4
tokyo,1.4606741573033708,1.4126984126984128,sabre,20Q_gate_Tokyo_large_2_10_1.5_no.8
sycamore,4.513888888888889,4.516233766233766,sa,53Q_gate_Sycamore_small_1_10_1.5_no.3
rochester,4.725,6.716216216216216,sa,53Q_gate_Rochester_small_2_5_1.5_no.9
tokyo,1.7767857142857142,2.726829268292683,sa,20Q_depth_Tokyo_large_None_4_2.55_no.1
sycamore,4.36734693877551,6.6953125,identity,53Q_gate_Sycamore_small_1_2_1.5_no.7
rochester,5.426966292134831,9.543046357615895,identity,53Q_depth_Rochester_small_None_10_2.55_no.3
sycamore,2.740740740740741,5.595121951219512,sa,53Q_depth_Sycamore_small_None_5_1.5_no.6
tokyo,2.3676470588235294,3.169642857142857,random,20Q_gate_Tokyo_large_2_4_1.5_no.4
rochester,5.777777777777778,9.777777777777779,identity,53Q_gate_Rochester_small_2_10_1.5_no.1
tokyo,1.1967213114754098,1.8466257668711656,sa,20Q_depth_Tokyo_large_None_3_1.5_no.7
rochester,7.206896551724138,13.593023255813954,identity,53Q_gate_Rochester_small_2_1_1.5_no.6
tokyo,2.128440366972477,3.0,identity,20Q_gate_Tokyo_large_2_10_1.5_no.4
rochester,8.325,11.175438596491228,random,53Q_depth_Rochester_large_None_3_1.5_no.2
sycamore,2.496551724137931,5.32618025751073,sa,53Q_depth_Sycamore_large_None_2_2.55_no.4
tokyo,1.316793893129771,1.5174825174825175,sa,20Q_gate_Tokyo_large_1_20_1.5_no.8
sycamore,4.260869565217392,3.4482758620689653,sabre,53Q_gate_Sycamore_large_2_25_1.5_no.7
sycamore,5.867924528301887,6.83248730964467,identity,53Q_gate_Sycamore_large_1_3_1.5_no.4
rochester,7.283018867924528,11.845394736842104,random,53Q_depth_Rochester_large_None_5_2.55_no.2
rochester,6.703703703703703,9.445205479452055,random,53Q_depth_Rochester_small_None_5_1.5_no.0
sycamore,3.204081632653061,4.179347826086956,sabre,53Q_gate_Sycamore_large_2_5_1.5_no.0
rochester,2.9523809523809526,12.818181818181818,random,53Q_gate_Rochester_small_1_1_1.5_no.1
tokyo,1.860759493670886,2.514705882352941,sabre,20Q_depth_Tokyo_large_None_4_2.55_no.2
sycamore,5.06,4.1558441558441555,sabre,53Q_gate_Sycamore_large_2_4_1.5_no.5
rochester,3.823529411764706,6.454545454545454,sa,53Q_gate_Rochester_large_1_3_1.5_no.1
rochester,6.115384615384615,13.147540983606557,identity,53Q_depth_Rochester_small_None_1_2.55_no.1
tokyo,1.3945578231292517,2.076923076923077,sa,20Q_depth_Tokyo_large_None_2_2.55_no.2
sycamore,4.618556701030927,6.817813765182186,random,53Q_depth_Sycamore_small_None_2_1.5_no.9
rochester,7.875,6.309255079006772,identity,53Q_gate_Rochester_small_1_20_1.5_no.9
rochester,3.2698412698412698,6.785714285714286,sabre,53Q_depth_Rochester_large_None_1_2.55_no.9
rochester,3.342857142857143,6.551724137931035,sabre,53Q_depth_Rochester_large_None_3_1.5_no.0
sycamore,2.975,5.975247524752476,identity,53Q_depth_Sycamore_small_None_5_1.5_no.1
rochester,6.647058823529412,13.759493670886076,identity,53Q_gate_Rochester_small_1_1_1.5_no.0
rochester,1.853658536585366,5.734939759036145,sa,53Q_gate_Rochester_small_2_1_1.5_no.1
sycamore,3.7,5.044198895027624,sabre,53Q_depth_Sycamore_large_None_1_1.5_no.4
rochester,8.976744186046512,11.568181818181818,random,53Q_depth_Rochester_small_None_2_1.5_no.8
tokyo,1.4933333333333334,2.7327586206896552,random,20Q_depth_Tokyo_large_None_2_2.55_no.6
sycamore,3.4507042253521125,5.959595959595959,random,53Q_gate_Sycamore_small_2_15_1.5_no.4
sycamore,4.771241830065359,4.721030042918455,random,53Q_gate_Sycamore_large_1_25_1.5_no.8
rochester,8.258620689655173,8.282958199356914,random,53Q_gate_Rochester_large_1_10_1.5_no.3
tokyo,2.311926605504587,3.296551724137931,identity,20Q_depth_Tokyo_large_None_4_1.5_no.3
sycamore,5.6,7.514285714285714,identity,53Q_gate_Sycamore_large_1_0_1.5_no.3
rochester,4.092920353982301,10.120507399577168,random,53Q_depth_Rochester_small_None_10_2.55_no.9
tokyo,1.6838235294117647,2.457627118644068,sabre,20Q_depth_Tokyo_large_None_3_1.5_no.3
rochester,5.9523809523809526,5.905,sa,53Q_gate_Rochester_small_1_5_1.5_no.4
tokyo,1.7358490566037736,3.2,random,20Q_gate_Tokyo_large_1_0_1.5_no.1
rochester,5.278688524590164,7.058252427184466,sa,53Q_depth_Rochester_large_None_3_2.55_no.6
rochester,6.8,10.24375,random,53Q_gate_Rochester_small_1_5_1.5_no.3
rochester,6.2592592592592595,4.2448,sabre,53Q_gate_Rochester_large_1_25_1.5_no.2
rochester,5.7,6.243478260869566,sa,53Q_gate_Rochester_small_2_10_1.5_no.9
rochester,4.426470588235294,7.844444444444444,sa,53Q_depth_Rochester_small_None_3_2.55_no.3
rochester,5.553030303030303,8.656521739130435,random,53Q_depth_Rochester_small_None_10_1.5_no.3
rochester,7.549019607843137,8.321100917431192,random,53Q_gate_Rochester_small_2_15_1.5_no.7
tokyo,2.1092233009708736,3.06875,random,20Q_depth_Tokyo_large_None_10_2.55_no.2
rochester,8.64102564102564,11.023121387283236,identity,53Q_depth_Rochester_small_None_2_1.5_no.5
rochester,6.731343283582089,7.440625,identity,53Q_gate_Rochester_small_1_15_1.5_no.8
rochester,4.921875,7.853448275862069,sabre,53Q_depth_Rochester_small_None_4_1.5_no.0
sycamore,6.0,5.734491315136476,random,53Q_depth_Sycamore_large_None_4_2.55_no.7
sycamore,4.301587301587301,4.584415584415584,sabre,53Q_gate_Sycamore_large_1_5_1.5_no.5
sycamore,5.181818181818182,6.223642172523961,identity,53Q_depth_Sycamore_large_None_4_1.5_no.9
rochester,5.220338983050848,5.061538461538461,sabre,53Q_gate_Rochester_small_2_15_1.5_no.0
sycamore,2.146788990825688,4.5811518324607325,sabre,53Q_gate_Sycamore_large_1_4_1.5_no.0
sycamore,3.6484848484848484,5.782241014799155,random,53Q_depth_Sycamore_large_None_5_1.5_no.9
rochester,4.352941176470588,10.933333333333334,random,53Q_depth_Rochester_small_None_3_2.55_no.3
sycamore,5.503267973856209,4.6121621621621625,random,53Q_gate_Sycamore_large_1_25_1.5_no.6
sycamore,3.9906542056074765,4.2517006802721085,sa,53Q_gate_Sycamore_large_2_20_1.5_no.0
rochester,3.5714285714285716,13.825,random,53Q_gate_Rochester_small_2_2_1.5_no.4
rochester,6.973684210526316,8.78,identity,53Q_gate_Rochester_large_2_3_1.5_no.8
rochester,5.0,11.153846153846153,random,53Q_gate_Rochester_large_1_0_1.5_no.8
sycamore,3.516949152542373,4.612612612612613,sabre,53Q_gate_Sycamore_small_2_20_1.5_no.8
sycamore,5.131578947368421,7.078260869565217,identity,53Q_gate_Sycamore_small_1_1_1.5_no.0
tokyo,1.7743190661478598,2.2411167512690353,sabre,20Q_gate_Tokyo_large_1_20_1.5_no.7
tokyo,2.6619718309859155,2.953020134228188,random,20Q_gate_Tokyo_large_1_4_1.5_no.9
rochester,7.311688311688312,7.5710227272727275,identity,53Q_gate_Rochester_small_2_25_1.5_no.0
sycamore,3.051282051282051,4.059760956175299,sabre,53Q_gate_Sycamore_small_1_10_1.5_no.0
tokyo,1.295,1.3511450381679388,sa,20Q_gate_Tokyo_large_2_20_1.5_no.1
sycamore,2.3536585365853657,7.208092485549133,identity,53Q_depth_Sycamore_small_None_1_2.55_no.4
tokyo,2.27027027027027,2.717741935483871,random,20Q_gate_Tokyo_large_1_15_1.5_no.9
rochester,6.537037037037037,10.61111111111111,random,53Q_gate_Rochester_small_2_10_1.5_no.1
tokyo,2.0,2.426470588235294,sabre,20Q_depth_Tokyo_large_None_4_2.55_no.5
sycamore,5.444444444444445,5.2032085561497325,sa,53Q_depth_Sycamore_small_None_1_1.5_no.9
rochester,4.5,6.434426229508197,sa,53Q_gate_Rochester_large_1_3_1.5_no.6
sycamore,6.28125,7.624489795918367,identity,53Q_depth_Sycamore_large_None_2_1.5_no.9
rochester,4.758620689655173,9.511627906976743,sa,53Q_gate_Rochester_small_2_1_1.5_no.6
rochester,5.051282051282051,6.487804878048781,sabre,53Q_depth_Rochester_small_None_1_1.5_no.6
tokyo,1.5555555555555556,2.018867924528302,sa,20Q_depth_Tokyo_large_None_2_1.5_no.6
rochester,6.445454545454545,10.892976588628763,random,53Q_depth_Rochester_small_None_5_2.55_no.3
tokyo,2.107142857142857,3.142857142857143,identity,20Q_gate_Tokyo_large_1_1_1.5_no.9
tokyo,2.411764705882353,2.7142857142857144,random,20Q_gate_Tokyo_large_2_4_1.5_no.3
rochester,6.7555555555555555,8.132352941176471,identity,53Q_gate_Rochester_large_2_5_1.5_no.8
sycamore,4.3559322033898304,5.8059701492537314,identity,53Q_gate_Sycamore_large_2_5_1.5_no.3
rochester,8.241379310344827,7.501607717041801,identity,53Q_gate_Rochester_large_1_10_1.5_no.3
rochester,3.75,5.434782608695652,sabre,53Q_gate_Rochester_small_1_2_1.5_no.2
tokyo,1.8974358974358974,3.289473684210526,identity,20Q_gate_Tokyo_large_1_3_1.5_no.3
sycamore,2.4450549450549453,5.395061728395062,sa,53Q_depth_Sycamore_large_None_2_2.55_no.3
sycamore,4.066666666666666,7.589285714285714,random,53Q_gate_Sycamore_small_2_2_1.5_no.2
rochester,4.649122807017544,8.254545454545454,sabre,53Q_depth_Rochester_small_None_2_2.55_no.6
sycamore,2.794701986754967,4.668280871670702,sabre,53Q_depth_Sycamore_small_None_5_1.5_no.3
sycamore,6.679245283018868,6.066666666666666,random,53Q_gate_Sycamore_large_1_4_1.5_no.4
tokyo,3.311111111111111,3.357142857142857,identity,20Q_gate_Tokyo_large_1_2_1.5_no.6
rochester,4.854166666666667,5.515625,sabre,53Q_gate_Rochester_large_2_4_1.5_no.4
sycamore,4.255813953488372,4.551181102362205,sa,53Q_gate_Sycamore_small_1_15_1.5_no.0
rochester,9.341772151898734,7.75,random,53Q_gate_Rochester_large_1_15_1.5_no.5
sycamore,2.66,4.558139534883721,sabre,53Q_depth_Sycamore_large_None_4_2.55_no.0
sycamore,5.6,6.161290322580645,identity,53Q_gate_Sycamore_small_2_4_1.5_no.0
sycamore,3.26027397260274,4.109311740890688,sabre,53Q_gate_Sycamore_small_2_10_1.5_no.5
sycamore,1.988235294117647,5.239795918367347,sabre,53Q_depth_Sycamore_small_None_2_2.55_no.1
sycamore,3.04,5.232673267326732,sa,53Q_depth_Sycamore_small_None_5_1.5_no.1
sycamore,2.9239130434782608,7.171428571428572,random,53Q_depth_Sycamore_small_None_1_2.55_no.2
sycamore,6.186915887850467,6.224489795918367,identity,53Q_gate_Sycamore_large_2_20_1.5_no.0
rochester,8.233333333333333,12.787610619469026,random,53Q_gate_Rochester_large_2_2_1.5_no.9
sycamore,4.685714285714286,7.0,random,53Q_gate_Sycamore_large_2_0_1.5_no.4
rochester,4.206896551724138,6.95945945945946,sabre,53Q_gate_Rochester_large_1_0_1.5_no.4
rochester,6.346153846153846,14.438356164383562,random,53Q_gate_Rochester_small_1_0_1.5_no.5
sycamore,4.9397590361445785,5.972881355932204,identity,53Q_gate_Sycamore_large_2_10_1.5_no.2
rochester,5.491803278688525,8.171052631578947,sa,53Q_depth_Rochester_large_None_4_1.5_no.6
tokyo,1.9560810810810811,2.920289855072464,random,20Q_depth_Tokyo_large_None_10_1.5_no.4
sycamore,5.274725274725275,5.6869565217391305,identity,53Q_gate_Sycamore_small_2_15_1.5_no.6
sycamore,4.612903225806452,5.283783783783784,identity,53Q_gate_Sycamore_small_2_25_1.5_no.4
rochester,3.673076923076923,6.016129032258065,sabre,53Q_depth_Rochester_large_None_2_1.5_no.4
sycamore,2.383720930232558,7.277310924369748,random,53Q_gate_Sycamore_small_2_2_1.5_no.3
sycamore,2.3658536585365852,5.491329479768786,sa,53Q_depth_Sycamore_small_None_1_2.55_no.4
rochester,4.918918918918919,6.466666666666667,sabre,53Q_gate_Rochester_small_1_2_1.5_no.3
rochester,3.7333333333333334,4.775,sabre,53Q_gate_Rochester_large_2_4_1.5_no.5
rochester,5.908045977011494,8.6993006993007,random,53Q_gate_Rochester_large_1_10_1.5_no.7
sycamore,6.1,6.27027027027027,random,53Q_gate_Sycamore_large_1_4_1.5_no.5
sycamore,2.5231481481481484,4.601431980906921,sabre,53Q_depth_Sycamore_small_None_5_1.5_no.2
tokyo,1.8983606557377048,2.4146341463414633,random,20Q_gate_Tokyo_large_1_25_1.5_no.6
rochester,3.0,9.28099173553719,sa,53Q_gate_Rochester_large_1_4_1.5_no.4
sycamore,2.0388548057259714,4.26171875,sa,53Q_depth_Sycamore_small_None_10_2.55_no.5
rochester,4.8,14.246153846153845,identity,53Q_gate_Rochester_small_1_0_1.5_no.8
sycamore,4.5,6.099195710455764,identity,53Q_depth_Sycamore_small_None_4_1.5_no.9
sycamore,2.9065420560747666,7.557142857142857,identity,53Q_gate_Sycamore_small_2_3_1.5_no.9
rochester,4.382716049382716,9.339622641509434,random,53Q_gate_Rochester_small_1_5_1.5_no.7
tokyo,2.7291666666666665,2.8118811881188117,random,20Q_gate_Tokyo_large_2_3_1.5_no.1
rochester,6.472727272727273,9.328358208955224,random,53Q_depth_Rochester_large_None_3_2.55_no.3
sycamore,3.8634538152610443,5.691056910569106,identity,53Q_depth_Sycamore_small_None_10_1.5_no.3
tokyo,1.832967032967033,2.922727272727273,random,20Q_depth_Tokyo_large_None_10_2.55_no.4
tokyo,1.2857142857142858,1.9642857142857142,sa,20Q_gate_Tokyo_large_1_1_1.5_no.9
rochester,5.448275862068965,5.885135135135135,sa,53Q_gate_Rochester_large_2_15_1.5_no.4
rochester,4.866028708133971,9.371819960861057,random,53Q_depth_Rochester_large_None_10_2.55_no.7
rochester,7.777777777777778,9.115384615384615,random,53Q_gate_Rochester_small_2_15_1.5_no.3
sycamore,2.6884057971014492,3.2840236686390534,sabre,53Q_gate_Sycamore_large_2_25_1.5_no.4
rochester,2.898876404494382,6.074468085106383,sa,53Q_depth_Rochester_small_None_3_2.55_no.5
sycamore,6.252252252252252,6.206982543640898,random,53Q_depth_Sycamore_large_None_4_2.55_no.3
rochester,3.056338028169014,5.91701244813278,sabre,53Q_depth_Rochester_small_None_4_1.5_no.4
sycamore,4.313432835820896,5.863829787234042,sa,53Q_depth_Sycamore_small_None_2_1.5_no.3
rochester,3.75,7.181818181818182,sabre,53Q_gate_Rochester_large_1_0_1.5_no.5
tokyo,2.142857142857143,2.374384236453202,identity,20Q_gate_Tokyo_large_2_10_1.5_no.7
rochester,4.5625,6.6231884057971016,sa,53Q_depth_Rochester_large_None_3_2.55_no.0
sycamore,5.076923076923077,9.01923076923077,random,53Q_gate_Sycamore_large_2_0_1.5_no.5
sycamore,3.857142857142857,4.391304347826087,sabre,53Q_depth_Sycamore_small_None_2_2.55_no.0
rochester,7.294871794871795,7.4772727272727275,identity,53Q_gate_Rochester_small_2_20_1.5_no.5
sycamore,3.3583333333333334,4.7254901960784315,sa,53Q_gate_Sycamore_large_1_10_1.5_no.0
rochester,6.157894736842105,12.1875,random,53Q_gate_Rochester_small_2_2_1.5_no.0
tokyo,1.8412698412698412,2.1822660098522166,sabre,20Q_gate_Tokyo_large_2_10_1.5_no.7
sycamore,3.76271186440678,4.3283582089552235,sabre,53Q_gate_Sycamore_large_2_5_1.5_no.3
rochester,7.451327433628318,8.539877300613497,random,53Q_depth_Rochester_large_None_10_1.5_no.3
tokyo,1.095890410958904,1.1041666666666667,sa,20Q_gate_Tokyo_large_1_5_1.5_no.8
sycamore,4.306451612903226,4.4766355140186915,sabre,53Q_depth_Sycamore_large_None_4_2.55_no.1
rochester,2.6134453781512605,3.855822550831793,sabre,53Q_depth_Rochester_large_None_10_1.5_no.8
rochester,4.442105263157894,4.103448275862069,sa,53Q_gate_Rochester_small_1_25_1.5_no.0
sycamore,4.705882352941177,4.338461538461538,sabre,53Q_gate_Sycamore_large_2_4_1.5_no.6
tokyo,2.087719298245614,3.027586206896552,random,20Q_depth_Tokyo_large_None_2_2.55_no.0
sycamore,2.386138613861386,5.280254777070064,sabre,53Q_gate_Sycamore_small_1_5_1.5_no.8
rochester,4.8321167883211675,5.235015772870662,sabre,53Q_gate_Rochester_large_1_25_1.5_no.3
sycamore,4.6797385620915035,4.1824324324324325,identity,53Q_gate_Sycamore_large_1_25_1.5_no.6
sycamore,3.2083333333333335,4.945107398568019,sa,53Q_depth_Sycamore_large_None_5_2.55_no.8
rochester,5.880597014925373,7.501779359430605,sa,53Q_depth_Rochester_large_None_4_1.5_no.0
rochester,7.30188679245283,8.846153846153847,random,53Q_gate_Rochester_small_2_10_1.5_no.5
tokyo,1.9962264150943396,2.8929384965831435,random,20Q_depth_Tokyo_large_None_10_1.5_no.2
sycamore,5.254237288135593,4.994594594594594,identity,53Q_gate_Sycamore_large_1_15_1.5_no.4
rochester,3.6333333333333333,9.185714285714285,sa,53Q_gate_Rochester_large_2_0_1.5_no.6
tokyo,3.1666666666666665,3.142857142857143,identity,20Q_gate_Tokyo_large_2_3_1.5_no.5
sycamore,4.897435897435898,5.768924302788845,identity,53Q_gate_Sycamore_small_1_10_1.5_no.0
sycamore,3.190082644628099,4.625301204819277,sa,53Q_depth_Sycamore_large_None_10_1.5_no.6
tokyo,1.7692307692307692,2.6425339366515836,sabre,20Q_depth_Tokyo_large_None_4_1.5_no.1
rochester,3.2096774193548385,7.709090909090909,sabre,53Q_depth_Rochester_small_None_1_1.5_no.2
tokyo,1.2549019607843137,1.3452380952380953,sa,20Q_gate_Tokyo_large_1_25_1.5_no.9
tokyo,1.6363636363636365,2.7432432432432434,identity,20Q_gate_Tokyo_large_2_2_1.5_no.0
rochester,3.0625,7.252631578947368,sa,53Q_gate_Rochester_small_1_2_1.5_no.6
sycamore,3.5176470588235293,5.372641509433962,identity,53Q_gate_Sycamore_small_1_20_1.5_no.2
rochester,3.7195121951219514,4.9411764705882355,sa,53Q_gate_Rochester_small_2_20_1.5_no.6
tokyo,1.4857142857142858,2.869565217391304,identity,20Q_depth_Tokyo_large_None_4_1.5_no.2
rochester,7.315068493150685,7.11731843575419,identity,53Q_gate_Rochester_large_1_15_1.5_no.6
sycamore,4.661654135338346,5.21760391198044,sa,53Q_depth_Sycamore_small_None_5_2.55_no.0
sycamore,4.454545454545454,7.123287671232877,identity,53Q_gate_Sycamore_small_1_2_1.5_no.6
sycamore,5.260273972602739,5.379421221864952,random,53Q_gate_Sycamore_small_2_15_1.5_no.5
sycamore,3.9166666666666665,5.2387096774193544,sabre,53Q_depth_Sycamore_large_None_1_1.5_no.5
rochester,8.121212121212121,11.69047619047619,identity,53Q_depth_Rochester_small_None_2_1.5_no.0
sycamore,6.036363636363636,5.200743494423792,random,53Q_gate_Sycamore_large_1_25_1.5_no.9
rochester,2.7222222222222223,6.777027027027027,sabre,53Q_depth_Rochester_small_None_2_2.55_no.2
rochester,9.522222222222222,7.475538160469667,random,53Q_gate_Rochester_large_1_15_1.5_no.1
sycamore,3.772357723577236,4.375,sa,53Q_gate_Sycamore_small_2_25_1.5_no.0
rochester,5.892307692307693,11.388059701492537,random,53Q_depth_Rochester_large_None_3_1.5_no.3
tokyo,2.1853932584269664,2.942953020134228,random,20Q_gate_Tokyo_large_2_20_1.5_no.0
tokyo,1.2903225806451613,2.3759398496240602,sa,20Q_depth_Tokyo_large_None_3_2.55_no.8
sycamore,4.7784810126582276,5.787096774193548,identity,53Q_depth_Sycamore_small_None_5_2.55_no.6
sycamore,6.3076923076923075,6.297142857142857,identity,53Q_gate_Sycamore_large_1_3_1.5_no.5
sycamore,5.858895705521473,4.971391417425227,random,53Q_gate_Sycamore_large_1_25_1.5_no.7
sycamore,4.505154639175258,6.939271255060729,identity,53Q_depth_Sycamore_small_None_2_1.5_no.9
rochester,5.508771929824562,5.44,sa,53Q_gate_Rochester_large_1_10_1.5_no.2
rochester,3.188888888888889,4.942857142857143,sabre,53Q_gate_Rochester_small_2_15_1.5_no.1
tokyo,1.9130434782608696,2.507177033492823,sa,20Q_depth_Tokyo_large_None_4_1.5_no.0
sycamore,3.1027397260273974,3.231527093596059,sabre,53Q_gate_Sycamore_large_1_25_1.5_no.1
sycamore,4.544117647058823,7.22543352601156,random,53Q_depth_Sycamore_small_None_1_2.55_no.6
rochester,7.666666666666667,13.475609756097562,random,53Q_gate_Rochester_small_1_0_1.5_no.1
rochester,7.289156626506024,9.617760617760618,random,53Q_depth_Rochester_large_None_5_2.55_no.3
sycamore,7.216216216216216,6.940944881889764,identity,53Q_depth_Sycamore_large_None_3_2.55_no.5
tokyo,1.2737430167597765,1.576470588235294,sa,20Q_gate_Tokyo_large_2_20_1.5_no.5
rochester,5.396039603960396,9.808988764044944,random,53Q_depth_Rochester_small_None_5_1.5_no.1
sycamore,5.054054054054054,7.064417177914111,random,53Q_depth_Sycamore_small_None_3_1.5_no.9
sycamore,4.494949494949495,4.014634146341463,sabre,53Q_gate_Sycamore_large_2_15_1.5_no.9
tokyo,1.8958333333333333,2.604651162790698,identity,20Q_gate_Tokyo_large_1_10_1.5_no.2
rochester,3.0,6.872340425531915,sabre,53Q_depth_Rochester_large_None_2_1.5_no.0
rochester,8.415841584158416,7.188679245283019,random,53Q_gate_Rochester_small_1_25_1.5_no.9
rochester,3.462962962962963,12.3,identity,53Q_depth_Rochester_small_None_1_2.55_no.4
sycamore,4.393939393939394,4.109339407744875,sa,53Q_gate_Sycamore_large_1_15_1.5_no.3
rochester,3.1447368421052633,10.9,random,53Q_depth_Rochester_small_None_2_1.5_no.9
tokyo,1.767605633802817,2.3264462809917354,sabre,20Q_gate_Tokyo_large_2_15_1.5_no.4
rochester,8.941176470588236,5.888712241653418,identity,53Q_gate_Rochester_large_1_20_1.5_no.7
tokyo,1.6022727272727273,3.168918918918919,random,20Q_depth_Tokyo_large_None_2_2.55_no.1
rochester,6.723809523809524,4.783950617283951,sa,53Q_gate_Rochester_small_1_25_1.5_no.7
sycamore,5.612612612612613,6.55860349127182,identity,53Q_depth_Sycamore_large_None_4_2.55_no.3
rochester,5.26063829787234,9.443243243243243,random,53Q_depth_Rochester_small_None_10_2.55_no.8
sycamore,5.142857142857143,8.144329896907216,identity,53Q_gate_Sycamore_large_1_0_1.5_no.2
rochester,3.810344827586207,11.261363636363637,identity,53Q_gate_Rochester_small_2_2_1.5_no.3
sycamore,5.571428571428571,7.052173913043478,identity,53Q_depth_Sycamore_small_None_2_2.55_no.0
tokyo,2.0,2.5288461538461537,identity,20Q_gate_Tokyo_large_1_3_1.5_no.0
rochester,6.690476190476191,9.411764705882353,random,53Q_gate_Rochester_small_1_4_1.5_no.3
rochester,4.467532467532467,7.532994923857868,sa,53Q_depth_Rochester_small_None_3_2.55_no.4
rochester,7.777777777777778,11.476923076923077,identity,53Q_gate_Rochester_small_1_2_1.5_no.5
tokyo,2.5588235294117645,3.1818181818181817,identity,20Q_depth_Tokyo_large_None_2_1.5_no.0
tokyo,1.7191011235955056,3.1136363636363638,identity,20Q_gate_Tokyo_large_1_2_1.5_no.5
tokyo,1.8191721132897603,2.7857142857142856,sabre,20Q_depth_Tokyo_large_None_10_2.55_no.8
rochester,3.8727272727272726,5.492462311557789,sa,53Q_depth_Rochester_large_None_3_2.55_no.1
rochester,5.248447204968944,9.147435897435898,random,53Q_depth_Rochester_small_None_10_1.5_no.2
sycamore,3.0,4.335820895522388,sabre,53Q_gate_Sycamore_small_2_4_1.5_no.8
sycamore,4.279411764705882,5.763948497854077,sa,53Q_depth_Sycamore_small_None_2_1.5_no.4
tokyo,2.192982456140351,2.2616822429906542,sa,20Q_depth_Tokyo_large_None_1_2.55_no.1
tokyo,2.912280701754386,3.0442477876106193,random,20Q_gate_Tokyo_large_2_3_1.5_no.6
rochester,4.490196078431373,8.835616438356164,sabre,53Q_depth_Rochester_small_None_4_2.55_no.8
sycamore,4.012345679012346,4.033333333333333,sabre,53Q_gate_Sycamore_small_2_10_1.5_no.6
sycamore,4.802469135802469,5.755627009646302,sa,53Q_depth_Sycamore_large_None_3_1.5_no.9
rochester,6.291925465838509,8.927685950413224,identity,53Q_depth_Rochester_small_None_10_2.55_no.6
rochester,6.9523809523809526,10.871621621621621,identity,53Q_gate_Rochester_large_2_4_1.5_no.0
rochester,4.555555555555555,6.763698630136986,sabre,53Q_depth_Rochester_small_None_5_1.5_no.0
rochester,5.743119266055046,9.572992700729927,identity,53Q_depth_Rochester_small_None_5_2.55_no.8
tokyo,1.941588785046729,2.9576837416481068,random,20Q_depth_Tokyo_large_None_10_2.55_no.5
rochester,5.783783783783784,5.68141592920354,sa,53Q_gate_Rochester_large_2_15_1.5_no.3
sycamore,4.626262626262626,6.2907348242811505,random,53Q_depth_Sycamore_large_None_4_1.5_no.9
rochester,7.169491525423729,10.507936507936508,identity,53Q_depth_Rochester_large_None_2_2.55_no.7
rochester,8.125,9.956521739130435,identity,53Q_depth_Rochester_large_None_3_2.55_no.0
sycamore,2.859259259259259,5.634831460674158,sa,53Q_depth_Sycamore_small_None_1_2.55_no.3
rochester,5.191489361702128,12.912280701754385,random,53Q_depth_Rochester_small_None_3_2.55_no.2
rochester,8.243243243243244,11.547619047619047,random,53Q_gate_Rochester_small_2_3_1.5_no.4
sycamore,4.646586345381526,6.67479674796748,random,53Q_depth_Sycamore_small_None_10_1.5_no.3
rochester,6.615384615384615,11.260504201680673,random,53Q_gate_Rochester_large_1_1_1.5_no.8
sycamore,3.3,6.605263157894737,identity,53Q_depth_Sycamore_large_None_3_1.5_no.1
rochester,3.186046511627907,4.627118644067797,sa,53Q_gate_Rochester_large_1_4_1.5_no.3
rochester,2.7152777777777777,5.983050847457627,sabre,53Q_depth_Rochester_small_None_5_2.55_no.1
tokyo,2.070287539936102,2.610204081632653,random,20Q_gate_Tokyo_large_1_25_1.5_no.1
rochester,7.647058823529412,8.64516129032258,identity,53Q_gate_Rochester_large_1_4_1.5_no.6
sycamore,5.742857142857143,7.341463414634147,identity,53Q_gate_Sycamore_small_1_1_1.5_no.1
sycamore,3.9797979797979797,4.93455497382199,sa,53Q_depth_Sycamore_small_None_10_2.55_no.2
sycamore,5.469387755102041,6.7375,random,53Q_gate_Sycamore_small_2_4_1.5_no.1
tokyo,1.4685314685314685,1.891089108910891,sa,20Q_depth_Tokyo_large_None_5_1.5_no.1
rochester,4.714285714285714,5.571428571428571,sabre,53Q_gate_Rochester_small_1_4_1.5_no.1
rochester,4.892307692307693,5.046979865771812,sa,53Q_gate_Rochester_large_1_10_1.5_no.5
rochester,5.0625,6.517857142857143,sabre,53Q_gate_Rochester_large_2_2_1.5_no.7
rochester,6.411764705882353,10.51968503937008,identity,53Q_gate_Rochester_large_2_2_1.5_no.0
sycamore,3.1333333333333333,4.8979591836734695,sabre,53Q_depth_Sycamore_small_None_3_1.5_no.0
sycamore,5.777777777777778,7.808510638297872,random,53Q_gate_Sycamore_large_1_2_1.5_no.7
sycamore,5.973333333333334,6.28421052631579,random,53Q_gate_Sycamore_small_1_10_1.5_no.6
sycamore,4.569105691056911,7.2625,random,53Q_depth_Sycamore_large_None_3_2.55_no.0
rochester,4.323529411764706,6.1923076923076925,sa,53Q_gate_Rochester_large_2_4_1.5_no.9
tokyo,1.9465648854961832,2.0839160839160837,sabre,20Q_gate_Tokyo_large_1_20_1.5_no.8
sycamore,2.9545454545454546,4.761904761904762,sa,53Q_gate_Sycamore_small_2_20_1.5_no.3
rochester,5.417721518987341,5.078549848942598,sabre,53Q_gate_Rochester_large_2_20_1.5_no.0
sycamore,6.51063829787234,6.171875,identity,53Q_gate_Sycamore_large_2_5_1.5_no.2
sycamore,5.488372093023256,7.083333333333333,random,53Q_depth_Sycamore_large_None_2_2.55_no.9
rochester,7.514285714285714,9.042553191489361,random,53Q_depth_Rochester_small_None_5_2.55_no.2
tokyo,2.11731843575419,2.641509433962264,random,20Q_gate_Tokyo_large_2_20_1.5_no.7
sycamore,6.663366336633663,6.551122194513716,identity,53Q_depth_Sycamore_large_None_5_1.5_no.1
rochester,6.821428571428571,9.787610619469026,identity,53Q_gate_Rochester_large_1_2_1.5_no.6
rochester,7.530120481927711,9.328185328185327,identity,53Q_depth_Rochester_large_None_5_2.55_no.3
rochester,5.779220779220779,9.25,identity,53Q_depth_Rochester_large_None_4_2.55_no.4
rochester,5.813559322033898,10.733333333333333,identity,53Q_depth_Rochester_small_None_3_1.5_no.2
sycamore,5.848837209302325,7.0476190476190474,identity,53Q_depth_Sycamore_large_None_2_2.55_no.9
rochester,6.685185185185185,5.962962962962963,sabre,53Q_gate_Rochester_small_1_10_1.5_no.2
sycamore,5.183673469387755,6.7,identity,53Q_gate_Sycamore_small_2_4_1.5_no.1
sycamore,3.5208333333333335,3.479338842975207,sabre,53Q_gate_Sycamore_large_1_5_1.5_no.6
rochester,5.030769230769231,5.3886925795053005,sa,53Q_gate_Rochester_small_2_20_1.5_no.1
sycamore,3.5238095238095237,4.740816326530612,sabre,53Q_depth_Sycamore_large_None_5_2.55_no.0
tokyo,1.6666666666666667,2.2795389048991352,sa,20Q_gate_Tokyo_large_2_25_1.5_no.0
sycamore,4.509090909090909,4.0,sabre,53Q_gate_Sycamore_large_1_4_1.5_no.3
sycamore,3.6094674556213016,4.791845493562231,sa,53Q_depth_Sycamore_small_None_5_2.55_no.7
sycamore,4.694444444444445,9.114285714285714,random,53Q_gate_Sycamore_small_1_0_1.5_no.1
tokyo,1.2682926829268293,1.65625,sabre,20Q_depth_Tokyo_large_None_3_2.55_no.9
sycamore,1.8267716535433072,5.412969283276451,sabre,53Q_depth_Sycamore_small_None_3_2.55_no.1
rochester,1.45,7.3,sabre,53Q_gate_Rochester_small_2_0_1.5_no.1
rochester,5.910714285714286,9.53623188405797,identity,53Q_gate_Rochester_small_2_15_1.5_no.4
rochester,4.089285714285714,10.807692307692308,identity,53Q_gate_Rochester_small_2_4_1.5_no.3
sycamore,2.588235294117647,4.113725490196078,sa,53Q_depth_Sycamore_small_None_10_1.5_no.9
sycamore,5.759615384615385,5.852731591448931,identity,53Q_gate_Sycamore_large_2_20_1.5_no.1
rochester,4.733333333333333,5.1415929203539825,sabre,53Q_gate_Rochester_large_2_2_1.5_no.9
rochester,5.745098039215686,10.431818181818182,identity,53Q_gate_Rochester_small_1_4_1.5_no.5
sycamore,6.571428571428571,6.168674698795181,random,53Q_gate_Sycamore_large_1_2_1.5_no.9
tokyo,1.891304347826087,2.6588983050847457,random,20Q_depth_Tokyo_large_None_10_1.5_no.3
rochester,2.918918918918919,7.49003984063745,sa,53Q_depth_Rochester_large_None_4_1.5_no.1
sycamore,5.028169014084507,5.819852941176471,identity,53Q_gate_Sycamore_large_2_10_1.5_no.3
rochester,5.840909090909091,10.441176470588236,random,53Q_gate_Rochester_large_2_3_1.5_no.9
rochester,3.0,13.761194029850746,random,53Q_gate_Rochester_small_1_1_1.5_no.5
sycamore,4.666666666666667,4.1558441558441555,sabre,53Q_gate_Sycamore_small_1_10_1.5_no.3
rochester,7.293333333333333,9.989399293286219,identity,53Q_depth_Rochester_small_None_5_1.5_no.8
sycamore,5.447368421052632,6.0212765957446805,identity,53Q_gate_Sycamore_small_2_15_1.5_no.7
sycamore,4.707070707070707,6.297120418848167,identity,53Q_depth_Sycamore_small_None_10_2.55_no.2
sycamore,6.326530612244898,5.536263736263736,random,53Q_gate_Sycamore_large_2_20_1.5_no.4
rochester,3.875,7.972972972972973,sa,53Q_gate_Rochester_large_2_0_1.5_no.1
sycamore,5.631578947368421,5.556291390728477,identity,53Q_gate_Sycamore_small_2_25_1.5_no.5
rochester,6.454545454545454,7.476190476190476,sa,53Q_gate_Rochester_small_1_2_1.5_no.1
sycamore,6.538461538461538,5.556851311953353,random,53Q_gate_Sycamore_small_1_10_1.5_no.8
tokyo,2.0,2.6307692307692307,sabre,20Q_depth_Tokyo_large_None_4_1.5_no.6
sycamore,3.550218340611354,4.2590431738623105,sa,53Q_depth_Sycamore_large_None_10_1.5_no.1
rochester,5.95,8.5,sabre,53Q_depth_Rochester_large_None_3_1.5_no.4
sycamore,3.5510204081632653,5.3125,sabre,53Q_gate_Sycamore_small_1_2_1.5_no.7
sycamore,4.375451263537906,5.608597285067873,random,53Q_depth_Sycamore_large_None_10_2.55_no.6
tokyo,1.9487179487179487,2.9952153110047846,identity,20Q_depth_Tokyo_large_None_4_2.55_no.8
sycamore,4.594059405940594,5.387596899224806,random,53Q_gate_Sycamore_small_2_25_1.5_no.8
sycamore,4.923076923076923,5.456140350877193,sa,53Q_gate_Sycamore_large_2_4_1.5_no.9
sycamore,3.8679245283018866,5.267080745341615,sabre,53Q_gate_Sycamore_small_1_3_1.5_no.2
sycamore,5.601694915254237,4.643243243243243,random,53Q_gate_Sycamore_large_1_15_1.5_no.4
sycamore,4.745098039215686,6.488235294117647,identity,53Q_gate_Sycamore_small_1_3_1.5_no.4
sycamore,3.8035714285714284,5.467391304347826,sa,53Q_gate_Sycamore_large_1_4_1.5_no.8
sycamore,6.176470588235294,8.076923076923077,random,53Q_gate_Sycamore_small_2_0_1.5_no.2
rochester,5.16,8.28,sabre,53Q_gate_Rochester_small_1_0_1.5_no.2
sycamore,4.59375,4.523809523809524,sabre,53Q_gate_Sycamore_small_1_1_1.5_no.8
sycamore,6.833333333333333,5.5251396648044695,identity,53Q_gate_Sycamore_large_1_10_1.5_no.9
rochester,4.448275862068965,7.5,sa,53Q_gate_Rochester_large_2_1_1.5_no.0
sycamore,4.87962962962963,4.466819221967963,sa,53Q_gate_Sycamore_small_1_20_1.5_no.9
tokyo,1.8385093167701863,2.0648464163822524,sabre,20Q_gate_Tokyo_large_2_20_1.5_no.2
sycamore,3.0588235294117645,4.784974093264249,sa,53Q_depth_Sycamore_small_None_4_2.55_no.5
tokyo,2.2771084337349397,2.7686567164179103,sabre,20Q_depth_Tokyo_large_None_5_1.5_no.7
rochester,4.047169811320755,6.743421052631579,sabre,53Q_depth_Rochester_large_None_5_2.55_no.2
rochester,7.15,11.128,random,53Q_depth_Rochester_large_None_1_2.55_no.0
rochester,6.520833333333333,8.190954773869347,random,53Q_gate_Rochester_large_2_5_1.5_no.3
rochester,7.7368421052631575,11.178571428571429,random,53Q_depth_Rochester_large_None_2_2.55_no.2
rochester,5.021739130434782,6.368421052631579,sa,53Q_gate_Rochester_small_1_3_1.5_no.0
sycamore,4.810945273631841,5.358422939068101,identity,53Q_depth_Sycamore_large_None_10_1.5_no.2
sycamore,3.9302325581395348,6.598290598290598,random,53Q_depth_Sycamore_small_None_4_1.5_no.7
sycamore,4.078740157480315,5.632678132678133,random,53Q_depth_Sycamore_large_None_10_1.5_no.0
sycamore,6.603174603174603,6.21484375,identity,53Q_depth_Sycamore_small_None_2_1.5_no.1
sycamore,2.673469387755102,3.95959595959596,sa,53Q_gate_Sycamore_large_1_20_1.5_no.5
rochester,3.3010752688172045,3.9244851258581237,sabre,53Q_gate_Rochester_small_2_25_1.5_no.2
tokyo,1.9111111111111112,2.1538461538461537,sabre,20Q_gate_Tokyo_large_2_2_1.5_no.9
sycamore,6.325581395348837,7.5,random,53Q_gate_Sycamore_small_1_4_1.5_no.2
rochester,5.0,5.706422018348624,sabre,53Q_gate_Rochester_small_2_4_1.5_no.2
rochester,5.1395348837209305,4.741007194244604,sa,53Q_gate_Rochester_small_2_25_1.5_no.8
rochester,5.470588235294118,7.538461538461538,sabre,53Q_gate_Rochester_large_1_2_1.5_no.4
sycamore,4.0,5.810209424083769,random,53Q_depth_Sycamore_small_None_10_2.55_no.2
sycamore,5.282608695652174,7.75,random,53Q_gate_Sycamore_large_2_2_1.5_no.4
rochester,6.25,9.822784810126583,random,53Q_depth_Rochester_small_None_4_1.5_no.3
tokyo,2.2439024390243905,2.4776119402985075,sabre,20Q_gate_Tokyo_large_1_2_1.5_no.8
tokyo,2.159851301115242,3.015217391304348,random,20Q_depth_Tokyo_large_None_10_1.5_no.0
rochester,4.8,4.637873754152824,sabre,53Q_gate_Rochester_large_1_15_1.5_no.0
rochester,3.109090909090909,8.427312775330396,sa,53Q_depth_Rochester_large_None_4_1.5_no.2
rochester,6.964285714285714,14.74074074074074,identity,53Q_gate_Rochester_large_2_0_1.5_no.5
rochester,5.966666666666667,15.22972972972973,random,53Q_gate_Rochester_small_2_0_1.5_no.8
rochester,9.030303030303031,8.822429906542055,identity,53Q_depth_Rochester_large_None_5_1.5_no.4
rochester,7.333333333333333,14.808219178082192,identity,53Q_gate_Rochester_large_1_0_1.5_no.3
sycamore,2.678714859437751,4.341463414634147,sabre,53Q_depth_Sycamore_small_None_10_1.5_no.3
rochester,6.852941176470588,12.538461538461538,random,53Q_gate_Rochester_large_1_2_1.5_no.4
tokyo,2.271356783919598,2.8482142857142856,identity,20Q_gate_Tokyo_large_1_15_1.5_no.7
tokyo,2.120603015075377,3.0416666666666665,identity,20Q_depth_Tokyo_large_None_4_2.55_no.6
sycamore,6.333333333333333,7.276595744680851,identity,53Q_gate_Sycamore_large_1_2_1.5_no.7
sycamore,5.546218487394958,5.223175965665236,random,53Q_gate_Sycamore_small_2_25_1.5_no.6
tokyo,1.328358208955224,2.02,sa,20Q_gate_Tokyo_large_2_3_1.5_no.3
sycamore,3.2371794871794872,3.012251148545176,sabre,53Q_gate_Sycamore_large_1_20_1.5_no.4
rochester,5.111111111111111,5.882352941176471,sa,53Q_gate_Rochester_large_2_5_1.5_no.8
rochester,9.436781609195402,7.705882352941177,identity,53Q_gate_Rochester_large_2_25_1.5_no.6
rochester,7.222222222222222,10.925925925925926,random,53Q_depth_Rochester_large_None_2_1.5_no.1
tokyo,1.7160493827160495,2.125,sa,20Q_gate_Tokyo_large_1_3_1.5_no.0
sycamore,4.191919191919192,4.146341463414634,sa,53Q_gate_Sycamore_large_2_15_1.5_no.9
tokyo,1.9285714285714286,2.1785714285714284,sabre,20Q_gate_Tokyo_large_1_1_1.5_no.9
rochester,2.49618320610687,7.799065420560748,sa,53Q_depth_Rochester_large_None_3_2.55_no.2
sycamore,4.7534246575342465,4.270096463022508,sa,53Q_gate_Sycamore_small_2_15_1.5_no.5
tokyo,2.303030303030303,3.0384615384615383,random,20Q_gate_Tokyo_large_2_2_1.5_no.7
sycamore,2.1382978723404253,5.2,sa,53Q_depth_Sycamore_large_None_2_1.5_no.8
rochester,8.140625,9.269662921348315,random,53Q_gate_Rochester_small_2_20_1.5_no.9
rochester,3.7936507936507935,6.925,sa,53Q_depth_Rochester_small_None_3_2.55_no.7
sycamore,6.546875,6.4200743494423795,random,53Q_depth_Sycamore_large_None_2_1.5_no.3
tokyo,2.1025641025641026,2.418181818181818,sabre,20Q_gate_Tokyo_large_2_1_1.5_no.8
rochester,5.0227272727272725,5.583333333333333,sa,53Q_gate_Rochester_large_1_5_1.5_no.2
sycamore,5.16,7.116022099447513,identity,53Q_depth_Sycamore_large_None_1_1.5_no.4
sycamore,2.210526315789474,3.8583690987124464,sabre,53Q_depth_Sycamore_large_None_3_1.5_no.4
tokyo,1.4149659863945578,2.8974358974358974,random,20Q_depth_Tokyo_large_None_2_2.55_no.2
tokyo,1.9733009708737863,2.80625,identity,20Q_depth_Tokyo_large_None_10_2.55_no.2
tokyo,1.1111111111111112,1.3289473684210527,sa,20Q_gate_Tokyo_large_2_15_1.5_no.7
rochester,8.4,8.527272727272727,identity,53Q_gate_Rochester_small_1_10_1.5_no.5
sycamore,1.9925925925925927,4.893258426966292,sabre,53Q_depth_Sycamore_small_None_1_2.55_no.3
sycamore,3.4860335195530725,7.181818181818182,random,53Q_depth_Sycamore_small_None_3_2.55_no.3
tokyo,1.5853658536585367,2.28,sa,20Q_depth_Tokyo_large_None_1_1.5_no.8
rochester,8.333333333333334,14.75,identity,53Q_gate_Rochester_small_2_0_1.5_no.6
sycamore,4.25,3.522346368715084,sabre,53Q_gate_Sycamore_large_1_10_1.5_no.9
rochester,5.076923076923077,6.312977099236641,sa,53Q_depth_Rochester_small_None_4_1.5_no.8
tokyo,2.0875912408759123,2.863157894736842,identity,20Q_gate_Tokyo_large_2_15_1.5_no.2
sycamore,2.519230769230769,3.152019002375297,sabre,53Q_gate_Sycamore_large_2_20_1.5_no.1
sycamore,7.349056603773585,6.209718670076726,identity,53Q_depth_Sycamore_large_None_5_2.55_no.7
rochester,7.75,13.25925925925926,random,53Q_gate_Rochester_large_2_0_1.5_no.5
sycamore,5.564356435643564,6.804794520547945,identity,53Q_depth_Sycamore_small_None_3_2.55_no.4
rochester,6.393939393939394,12.65625,random,53Q_gate_Rochester_small_1_2_1.5_no.9
sycamore,1.5897435897435896,5.379310344827586,sabre,53Q_gate_Sycamore_large_2_0_1.5_no.6
sycamore,2.711764705882353,5.696969696969697,sa,53Q_depth_Sycamore_small_None_3_1.5_no.5
tokyo,2.013477088948787,2.8106904231625833,random,20Q_depth_Tokyo_large_None_10_2.55_no.6
sycamore,3.5384615384615383,4.519685039370079,sabre,53Q_gate_Sycamore_large_2_1_1.5_no.3
rochester,5.03,10.735,random,53Q_depth_Rochester_large_None_4_2.55_no.2
rochester,7.25,11.291139240506329,identity,53Q_gate_Rochester_small_1_0_1.5_no.0
tokyo,1.900763358778626,2.4335664335664338,random,20Q_gate_Tokyo_large_1_20_1.5_no.8
sycamore,2.982142857142857,6.084615384615384,identity,53Q_depth_Sycamore_small_None_4_1.5_no.1
sycamore,5.4,6.956521739130435,random,53Q_depth_Sycamore_small_None_1_1.5_no.1
sycamore,6.82051282051282,7.07361963190184,identity,53Q_gate_Sycamore_large_2_3_1.5_no.8
sycamore,3.4444444444444446,4.876623376623376,sabre,53Q_gate_Sycamore_large_2_3_1.5_no.9
rochester,5.534722222222222,8.121212121212121,identity,53Q_depth_Rochester_small_None_10_1.5_no.5
rochester,7.79,7.162337662337662,identity,53Q_gate_Rochester_small_1_25_1.5_no.4
sycamore,4.219512195121951,4.42603550295858,sa,53Q_gate_Sycamore_small_2_5_1.5_no.9
sycamore,6.172131147540983,6.503703703703704,random,53Q_depth_Sycamore_small_None_4_2.55_no.0
tokyo,2.272727272727273,2.1153846153846154,sa,20Q_gate_Tokyo_large_2_2_1.5_no.7
sycamore,3.4041450777202074,5.987684729064039,identity,53Q_depth_Sycamore_small_None_4_2.55_no.2
rochester,7.669064748201439,8.573099415204679,identity,53Q_depth_Rochester_large_None_10_2.55_no.1
rochester,7.925373134328358,6.873873873873874,random,53Q_gate_Rochester_small_1_15_1.5_no.5
tokyo,1.7073170731707317,2.44,sabre,20Q_depth_Tokyo_large_None_1_1.5_no.8
tokyo,1.1311475409836065,1.15,sa,20Q_gate_Tokyo_large_1_2_1.5_no.4
sycamore,1.8415841584158417,4.764331210191083,sa,53Q_gate_Sycamore_small_1_5_1.5_no.8
sycamore,5.155172413793103,6.545871559633028,identity,53Q_gate_Sycamore_large_2_4_1.5_no.0
rochester,4.5,4.503048780487805,sabre,53Q_gate_Rochester_small_1_20_1.5_no.1
sycamore,3.5982142857142856,3.722334004024145,sabre,53Q_depth_Sycamore_large_None_5_1.5_no.6
sycamore,5.7164179104477615,6.33587786259542,random,53Q_gate_Sycamore_large_2_10_1.5_no.7
sycamore,5.9875,6.918918918918919,identity,53Q_depth_Sycamore_large_None_2_2.55_no.1
rochester,6.090909090909091,9.254901960784315,random,53Q_gate_Rochester_large_2_4_1.5_no.7
rochester,7.72972972972973,12.78740157480315,identity,53Q_depth_Rochester_small_None_1_1.5_no.7
rochester,5.8979591836734695,6.238636363636363,sa,53Q_depth_Rochester_large_None_4_1.5_no.3
tokyo,2.111111111111111,2.99601593625498,random,20Q_depth_Tokyo_large_None_10_1.5_no.1
sycamore,4.218543046357616,6.506053268765133,random,53Q_depth_Sycamore_small_None_5_1.5_no.3
sycamore,3.4805825242718447,6.566591422121896,random,53Q_depth_Sycamore_small_None_5_2.55_no.9
sycamore,5.375,5.6038461538461535,random,53Q_gate_Sycamore_large_2_10_1.5_no.9
sycamore,3.0362694300518136,5.1600985221674875,sa,53Q_depth_Sycamore_small_None_4_2.55_no.2
rochester,3.2142857142857144,6.074766355140187,sa,53Q_gate_Rochester_large_2_1_1.5_no.7
sycamore,4.5,4.180722891566265,sabre,53Q_gate_Sycamore_large_1_2_1.5_no.9
tokyo,1.8518518518518519,2.1573604060913705,sabre,20Q_gate_Tokyo_large_2_25_1.5_no.1
rochester,3.4482758620689653,6.117647058823529,sa,53Q_gate_Rochester_small_1_3_1.5_no.7
sycamore,4.296610169491525,4.727891156462585,sabre,53Q_depth_Sycamore_large_None_5_1.5_no.8
tokyo,2.5093457943925235,2.6419437340153453,random,20Q_gate_Tokyo_large_2_25_1.5_no.9
tokyo,2.2977099236641223,3.163568773234201,sabre,20Q_depth_Tokyo_large_None_5_1.5_no.0
sycamore,4.198412698412699,5.454794520547945,random,53Q_gate_Sycamore_small_1_20_1.5_no.5
sycamore,4.450980392156863,3.85,sa,53Q_gate_Sycamore_large_1_25_1.5_no.6
tokyo,1.7951482479784366,2.510022271714922,sa,20Q_depth_Tokyo_large_None_10_2.55_no.6
sycamore,4.6571428571428575,5.857142857142857,sabre,53Q_gate_Sycamore_large_1_0_1.5_no.3
sycamore,4.0181818181818185,6.251585623678647,identity,53Q_depth_Sycamore_large_None_5_1.5_no.9
rochester,8.279069767441861,9.232558139534884,random,53Q_gate_Rochester_large_2_10_1.5_no.1
sycamore,5.21875,4.525,sabre,53Q_gate_Sycamore_large_1_1_1.5_no.6
sycamore,4.406779661016949,5.468468468468468,identity,53Q_gate_Sycamore_small_2_20_1.5_no.8
rochester,6.461538461538462,10.302013422818792,random,53Q_gate_Rochester_large_1_3_1.5_no.0
rochester,6.483870967741935,6.863117870722434,sabre,53Q_depth_Rochester_large_None_10_2.55_no.8
rochester,6.838709677419355,12.333333333333334,identity,53Q_gate_Rochester_large_2_2_1.5_no.8
rochester,6.096153846153846,12.87704918032787,random,53Q_depth_Rochester_small_None_1_2.55_no.1
rochester,5.754098360655738,10.460526315789474,identity,53Q_depth_Rochester_large_None_4_1.5_no.6
rochester,4.284090909090909,12.479166666666666,random,53Q_depth_Rochester_small_None_2_2.55_no.3
rochester,6.836363636363636,4.472131147540984,sabre,53Q_gate_Rochester_large_2_10_1.5_no.3
sycamore,2.490566037735849,6.55,identity,53Q_gate_Sycamore_small_2_5_1.5_no.3
sycamore,3.8,3.7663316582914574,sabre,53Q_gate_Sycamore_small_1_15_1.5_no.6
tokyo,1.9970501474926254,2.8424657534246576,random,20Q_depth_Tokyo_large_None_10_2.55_no.7
sycamore,4.0,5.485148514851486,sa,53Q_depth_Sycamore_small_None_3_1.5_no.2
rochester,10.078125,9.008695652173913,random,53Q_gate_Rochester_large_2_15_1.5_no.7
tokyo,1.9464285714285714,2.229813664596273,sa,20Q_gate_Tokyo_large_2_10_1.5_no.2
rochester,8.186440677966102,8.935483870967742,random,53Q_depth_Rochester_large_None_5_1.5_no.9
rochester,3.8666666666666667,7.6,sabre,53Q_gate_Rochester_large_2_0_1.5_no.6
sycamore,5.530864197530864,6.411575562700965,identity,53Q_depth_Sycamore_large_None_3_1.5_no.9
sycamore,4.910256410256411,6.758389261744966,random,53Q_depth_Sycamore_large_None_3_1.5_no.7
sycamore,5.59375,8.194174757281553,random,53Q_gate_Sycamore_large_1_0_1.5_no.6
sycamore,4.075,4.326086956521739,sabre,53Q_depth_Sycamore_small_None_1_1.5_no.1
rochester,3.5694444444444446,7.142857142857143,sa,53Q_depth_Rochester_small_None_4_1.5_no.9
sycamore,3.6176470588235294,4.574468085106383,sabre,53Q_gate_Sycamore_small_2_0_1.5_no.8
sycamore,5.051282051282051,7.964285714285714,identity,53Q_gate_Sycamore_large_1_1_1.5_no.0
rochester,4.3125,4.65034965034965,sabre,53Q_gate_Rochester_large_1_4_1.5_no.8
rochester,8.868421052631579,11.377358490566039,identity,53Q_gate_Rochester_large_2_4_1.5_no.8
sycamore,6.9523809523809526,6.983870967741935,random,53Q_gate_Sycamore_large_2_4_1.5_no.8
rochester,4.846938775510204,10.470588235294118,random,53Q_depth_Rochester_small_None_4_2.55_no.3
sycamore,2.8,4.830357142857143,sabre,53Q_gate_Sycamore_small_2_2_1.5_no.2
rochester,6.756756756756757,10.5625,random,53Q_depth_Rochester_large_None_1_1.5_no.6
tokyo,2.110599078341014,3.124463519313305,identity,20Q_depth_Tokyo_large_None_5_2.55_no.9
sycamore,1.8623853211009174,5.72972972972973,sabre,53Q_gate_Sycamore_small_2_3_1.5_no.7
sycamore,5.5964912280701755,5.947643979057592,random,53Q_depth_Sycamore_large_None_1_2.55_no.5
tokyo,2.0089285714285716,2.9130434782608696,random,20Q_depth_Tokyo_large_None_2_2.55_no.3
rochester,3.7551020408163267,5.990243902439024,sa,53Q_gate_Rochester_large_1_5_1.5_no.5
sycamore,6.621621621621622,6.627586206896551,random,53Q_gate_Sycamore_small_1_2_1.5_no.0
rochester,5.131578947368421,6.46875,sabre,53Q_gate_Rochester_small_2_2_1.5_no.0
sycamore,5.694444444444445,7.912,identity,53Q_gate_Sycamore_small_1_0_1.5_no.3
sycamore,2.5281385281385282,7.161434977578475,identity,53Q_depth_Sycamore_small_None_2_2.55_no.8
rochester,4.029411764705882,5.04516129032258,sabre,53Q_gate_Rochester_large_1_4_1.5_no.6
sycamore,4.784313725490196,6.7384615384615385,random,53Q_gate_Sycamore_large_2_4_1.5_no.6
rochester,8.296296296296296,8.1417004048583,identity,53Q_gate_Rochester_large_2_10_1.5_no.7
sycamore,2.0709219858156027,3.8979591836734695,sabre,53Q_gate_Sycamore_small_2_15_1.5_no.3
rochester,5.872727272727273,5.123076923076923,sabre,53Q_depth_Rochester_large_None_3_2.55_no.8
tokyo,1.5551601423487544,2.908,identity,20Q_depth_Tokyo_large_None_5_2.55_no.7
rochester,7.849056603773585,7.939024390243903,random,53Q_gate_Rochester_small_1_10_1.5_no.3
rochester,2.559322033898305,13.616438356164384,random,53Q_gate_Rochester_large_2_1_1.5_no.1
rochester,6.127659574468085,6.681564245810056,sabre,53Q_depth_Rochester_large_None_2_2.55_no.1
rochester,6.1454545454545455,6.82089552238806,sa,53Q_depth_Rochester_large_None_3_2.55_no.3
rochester,3.514705882352941,6.4120603015075375,sa,53Q_depth_Rochester_small_None_3_2.55_no.6
rochester,3.696969696969697,6.544303797468355,sabre,53Q_gate_Rochester_large_2_0_1.5_no.8
tokyo,1.6883116883116882,3.108108108108108,random,20Q_gate_Tokyo_large_2_2_1.5_no.0
sycamore,5.242424242424242,7.535714285714286,random,53Q_gate_Sycamore_large_1_0_1.5_no.8
sycamore,4.382716049382716,4.555555555555555,sa,53Q_gate_Sycamore_small_2_10_1.5_no.6
rochester,5.738636363636363,5.0970654627539504,sa,53Q_gate_Rochester_small_1_20_1.5_no.9
